ID,Year_Birth,Education,Marital_Status,Income,Kidhome,Teenhome,Dt_Customer,Recency,Wines,Fruits,Meat,Fish,Sweets,Gold,Discount Purchases,Web,Catalog,Store,NumWebVisitsMonth,AcceptedCmp3,AcceptedCmp4,AcceptedCmp5,AcceptedCmp1,AcceptedCmp2,Complain,Z_CostContact,Z_Revenue,Response,Age,Marital Status,Children,Parental Status,Total_Spending,Total Promo,Days_as_Customer,predicted_cluster,category
5524,1957,2,Single,58138.0,0,0,2012-09-04,58,635,88,546,172,88,88,3,8,10,4,7,0,0,0,0,0,0,3,11,1,69,0,0,0,1617,0,4938,2,MODERATE SPENDER
2174,1954,2,Single,46344.0,1,1,2014-03-08,38,11,1,6,2,1,6,2,1,1,2,5,0,0,0,0,0,0,3,11,0,72,0,2,1,27,0,4388,1,PLATINUM CUSTOMER
4141,1965,2,Together,71613.0,0,0,2013-08-21,26,426,49,127,111,21,42,1,8,2,10,4,0,0,0,0,0,0,3,11,0,61,1,0,0,776,0,4587,0,BUDGET CUSTOMER
6182,1984,2,Together,26646.0,1,0,2014-02-10,26,11,4,20,10,3,5,2,2,0,4,6,0,0,0,0,0,0,3,11,0,42,1,1,1,53,0,4414,1,PLATINUM CUSTOMER
5324,1981,4,Married,58293.0,1,0,2014-01-19,94,173,43,118,46,27,15,5,5,3,6,5,0,0,0,0,0,0,3,11,0,45,1,1,1,422,0,4436,0,BUDGET CUSTOMER
7446,1967,3,Together,62513.0,0,1,2013-09-09,16,520,42,98,0,42,14,2,6,4,10,6,0,0,0,0,0,0,3,11,0,59,1,1,1,716,0,4568,0,BUDGET CUSTOMER
965,1971,2,Divorced,55635.0,0,1,2012-11-13,34,235,65,164,50,49,27,4,7,3,7,6,0,0,0,0,0,0,3,11,0,55,0,1,1,590,0,4868,0,BUDGET CUSTOMER
6177,1985,4,Married,33454.0,1,0,2013-05-08,32,76,10,56,3,1,23,2,4,0,4,8,0,0,0,0,0,0,3,11,0,41,1,1,1,169,0,4692,1,PLATINUM CUSTOMER
4855,1974,4,Together,30351.0,1,0,2013-06-06,19,14,0,24,3,3,2,1,3,0,2,9,0,0,0,0,0,0,3,11,1,52,1,1,1,46,0,4663,1,PLATINUM CUSTOMER
5899,1950,4,Together,5648.0,1,1,2014-03-13,68,28,0,6,1,1,13,1,1,0,0,20,1,0,0,0,0,0,3,11,0,76,1,2,1,49,1,4383,1,PLATINUM CUSTOMER
1994,1983,2,Married,,1,0,2013-11-15,11,5,5,6,0,2,1,1,1,0,2,7,0,0,0,0,0,0,3,11,0,43,1,1,1,19,0,4501,1,PLATINUM CUSTOMER
387,1976,0,Married,7500.0,0,0,2012-11-13,59,6,16,11,11,1,16,1,2,0,3,8,0,0,0,0,0,0,3,11,0,50,1,0,0,61,0,4868,1,PLATINUM CUSTOMER
2125,1959,2,Divorced,63033.0,0,0,2013-11-15,82,194,61,480,225,112,30,1,3,4,8,2,0,0,0,0,0,0,3,11,0,67,0,0,0,1102,0,4501,2,MODERATE SPENDER
8180,1952,3,Divorced,59354.0,1,1,2013-11-15,53,233,2,53,3,5,14,3,6,1,5,6,0,0,0,0,0,0,3,11,0,74,0,2,1,310,0,4501,0,BUDGET CUSTOMER
2569,1987,2,Married,17323.0,0,0,2012-10-10,38,3,14,17,6,1,5,1,1,0,3,8,0,0,0,0,0,0,3,11,0,39,1,0,0,46,0,4902,1,PLATINUM CUSTOMER
2114,1946,4,Single,82800.0,0,0,2012-11-24,23,1006,22,115,59,68,45,1,7,6,12,3,0,0,1,1,0,0,3,11,1,80,0,0,0,1315,2,4857,0,BUDGET CUSTOMER
9736,1980,2,Married,41850.0,1,1,2012-12-24,51,53,5,19,2,13,4,3,3,0,3,8,0,0,0,0,0,0,3,11,0,46,1,2,1,96,0,4827,1,PLATINUM CUSTOMER
4939,1946,2,Together,37760.0,0,0,2012-08-31,20,84,5,38,150,12,28,2,4,1,6,7,0,0,0,0,0,0,3,11,0,80,1,0,0,317,0,4942,0,BUDGET CUSTOMER
6565,1949,3,Married,76995.0,0,1,2013-03-28,91,1012,80,498,0,16,176,2,11,4,9,5,0,0,0,1,0,0,3,11,0,77,1,1,1,1782,1,4733,2,MODERATE SPENDER
2278,1985,1,Single,33812.0,1,0,2012-11-03,86,4,17,19,30,24,39,2,2,1,3,6,0,0,0,0,0,0,3,11,0,41,0,1,1,133,0,4878,1,PLATINUM CUSTOMER
9360,1982,2,Married,37040.0,0,0,2012-08-08,41,86,2,73,69,38,48,1,4,2,5,8,0,0,0,0,0,0,3,11,0,44,1,0,0,316,0,4965,0,BUDGET CUSTOMER
5376,1979,2,Married,2447.0,1,0,2013-01-06,42,1,1,1725,1,1,1,15,0,28,0,1,0,0,0,0,0,0,3,11,0,47,1,1,1,1730,0,4814,2,MODERATE SPENDER
1993,1949,4,Married,58607.0,0,1,2012-12-23,63,867,0,86,0,0,19,3,2,3,9,8,0,1,0,0,0,0,3,11,0,77,1,1,1,972,1,4828,0,BUDGET CUSTOMER
4047,1954,4,Married,65324.0,0,1,2014-01-11,0,384,0,102,21,32,5,3,6,2,9,4,0,0,0,0,0,0,3,11,0,72,1,1,1,544,0,4444,0,BUDGET CUSTOMER
1409,1951,2,Together,40689.0,0,1,2013-03-18,69,270,3,27,39,6,99,7,7,1,5,8,0,0,0,0,0,0,3,11,0,75,1,1,1,444,0,4743,0,BUDGET CUSTOMER
7892,1969,2,Single,18589.0,0,0,2013-01-02,89,6,4,25,15,12,13,2,2,1,3,7,0,0,0,0,0,0,3,11,0,57,0,0,0,75,0,4818,1,PLATINUM CUSTOMER
2404,1976,2,Married,53359.0,1,1,2013-05-27,4,173,4,30,3,6,41,4,5,1,4,7,0,0,0,0,0,0,3,11,0,50,1,2,1,257,0,4673,0,BUDGET CUSTOMER
5255,1986,2,Single,,1,0,2013-02-20,19,5,1,3,3,263,362,0,27,0,0,1,0,0,0,0,0,0,3,11,0,40,0,1,1,637,0,4769,0,BUDGET CUSTOMER
9422,1989,2,Married,38360.0,1,0,2013-05-31,26,36,2,42,20,21,10,2,2,1,4,3,0,0,0,0,0,0,3,11,0,37,1,1,1,131,0,4669,1,PLATINUM CUSTOMER
1966,1965,4,Married,84618.0,0,0,2013-11-22,96,684,100,801,21,66,0,1,6,9,10,2,0,0,1,0,0,0,3,11,0,61,1,0,0,1672,1,4494,2,MODERATE SPENDER
6864,1989,3,Divorced,10979.0,0,0,2014-05-22,34,8,4,10,2,2,4,2,3,0,3,5,0,0,0,0,0,0,3,11,0,37,0,0,0,30,0,4313,1,PLATINUM CUSTOMER
3033,1963,3,Together,38620.0,0,0,2013-05-11,56,112,17,44,34,22,89,1,2,5,3,3,0,0,0,0,0,0,3,11,0,63,1,0,0,318,0,4689,0,BUDGET CUSTOMER
5710,1970,2,Together,40548.0,0,1,2012-10-10,31,110,0,5,2,0,3,2,2,1,4,5,0,1,0,0,0,0,3,11,0,56,1,1,1,120,1,4902,1,PLATINUM CUSTOMER
7373,1952,4,Divorced,46610.0,0,2,2012-10-29,8,96,12,96,33,22,43,6,4,1,6,6,0,0,0,0,0,0,3,11,1,74,0,2,1,302,0,4883,0,BUDGET CUSTOMER
8755,1946,3,Married,68657.0,0,0,2013-02-20,4,482,34,471,119,68,22,1,3,5,9,7,0,0,0,0,0,0,3,11,0,80,1,0,0,1196,0,4769,2,MODERATE SPENDER
10738,1951,3,Single,49389.0,1,1,2013-08-29,55,40,0,19,2,1,3,1,2,0,3,7,0,0,0,0,0,0,3,11,0,75,0,2,1,65,0,4579,1,PLATINUM CUSTOMER
4339,1970,4,Married,67353.0,0,1,2013-12-31,37,702,17,151,0,8,35,5,5,6,12,2,0,0,0,0,0,0,3,11,0,56,1,1,1,913,0,4455,0,BUDGET CUSTOMER
10755,1976,1,Married,23718.0,1,0,2013-09-02,76,6,3,14,15,7,36,3,3,1,2,7,0,0,0,0,0,0,3,11,0,50,1,1,1,81,0,4575,1,PLATINUM CUSTOMER
8595,1973,2,Widow,42429.0,0,1,2014-02-11,99,55,0,6,2,0,4,2,1,1,3,5,0,0,0,0,0,0,3,11,0,53,0,1,1,67,0,4413,1,PLATINUM CUSTOMER
2968,1943,4,Divorced,48948.0,0,0,2013-02-01,53,437,8,206,160,49,42,2,7,10,5,6,1,0,0,0,0,0,3,11,1,83,0,0,0,902,1,4788,0,BUDGET CUSTOMER
8601,1980,2,Married,80011.0,0,1,2013-04-29,3,421,76,536,82,178,102,2,8,6,5,4,0,0,0,0,0,0,3,11,0,46,1,1,1,1395,0,4701,2,MODERATE SPENDER
503,1985,3,Married,20559.0,1,0,2013-03-12,88,13,1,29,3,0,7,2,2,0,3,8,0,0,0,0,0,0,3,11,0,41,1,1,1,53,0,4749,1,PLATINUM CUSTOMER
8430,1957,2,Together,21994.0,0,1,2012-12-24,4,9,0,6,3,1,3,1,0,0,3,5,0,0,0,0,0,0,3,11,0,69,1,1,1,22,0,4827,1,PLATINUM CUSTOMER
7281,1959,4,Single,,0,0,2013-11-05,80,81,11,50,3,2,39,1,1,3,4,2,0,0,0,0,0,0,3,11,0,67,0,0,0,186,0,4511,1,PLATINUM CUSTOMER
2139,1975,3,Married,7500.0,1,0,2013-10-02,19,3,1,10,3,2,12,3,2,0,3,5,0,0,0,0,0,0,3,11,0,51,1,1,1,31,0,4545,1,PLATINUM CUSTOMER
1371,1976,2,Single,79941.0,0,0,2014-06-28,72,123,164,266,227,30,174,1,2,4,9,1,0,0,0,0,0,0,3,11,0,50,0,0,0,984,0,4276,2,MODERATE SPENDER
9909,1996,1,Married,7500.0,0,0,2012-11-09,24,3,18,14,15,22,50,3,3,1,3,9,0,0,0,0,0,0,3,11,1,30,1,0,0,122,0,4872,1,PLATINUM CUSTOMER
7286,1968,2,Together,41728.0,1,0,2013-05-24,92,13,6,15,3,5,13,1,2,0,2,10,0,0,0,0,0,0,3,11,0,58,1,1,1,55,0,4676,1,PLATINUM CUSTOMER
7244,1951,2,Single,,2,1,2014-01-01,96,48,5,48,6,10,7,3,2,1,4,6,0,0,0,0,0,0,3,11,0,75,0,3,1,124,0,4454,1,PLATINUM CUSTOMER
6566,1954,4,Married,72550.0,1,1,2012-11-08,39,826,50,317,50,38,38,9,5,2,12,8,0,0,0,0,0,0,3,11,0,72,1,2,1,1319,0,4873,0,BUDGET CUSTOMER
8614,1957,2,Widow,65486.0,0,1,2014-05-12,29,245,19,125,37,67,14,1,4,2,10,2,0,0,0,0,0,0,3,11,0,69,0,1,1,507,0,4323,0,BUDGET CUSTOMER
4114,1964,3,Married,79143.0,0,0,2012-08-11,2,650,37,780,27,167,32,1,6,9,13,3,0,0,0,0,0,0,3,11,0,62,1,0,0,1693,0,4962,2,MODERATE SPENDER
1331,1977,2,Single,35790.0,1,0,2013-01-02,54,12,6,20,30,1,3,2,2,0,3,7,0,0,0,0,0,0,3,11,0,49,0,1,1,72,0,4818,1,PLATINUM CUSTOMER
2225,1977,2,Divorced,82582.0,0,0,2014-06-07,54,510,120,550,156,40,241,1,4,9,7,1,1,0,0,1,0,0,3,11,1,49,0,0,0,1617,2,4297,2,MODERATE SPENDER
9381,1978,2,Married,66373.0,1,1,2013-06-12,57,328,9,124,12,24,109,7,4,2,10,3,0,0,0,0,0,0,3,11,0,48,1,2,1,606,0,4657,0,BUDGET CUSTOMER
6260,1955,3,Together,82384.0,0,0,2012-11-19,55,984,51,432,180,120,190,1,3,10,13,1,0,0,1,0,0,0,3,11,1,71,1,0,0,1957,1,4862,2,MODERATE SPENDER
10383,1966,2,Divorced,70287.0,0,0,2013-04-02,30,295,35,482,121,120,40,1,5,5,10,3,0,0,0,0,0,0,3,11,1,60,0,0,0,1093,0,4728,2,MODERATE SPENDER
7437,1988,2,Single,27938.0,1,0,2014-04-28,31,13,0,8,2,1,5,1,1,0,4,3,0,0,0,0,0,0,3,11,0,38,0,1,1,29,0,4337,1,PLATINUM CUSTOMER
8557,1982,2,Single,,1,0,2013-06-17,57,11,3,22,2,2,6,2,2,0,3,6,0,0,0,0,0,0,3,11,0,44,0,1,1,46,0,4652,1,PLATINUM CUSTOMER
8375,1968,4,Married,55954.0,0,1,2014-03-03,63,447,0,28,0,0,43,3,8,2,6,7,0,0,0,0,0,0,3,11,0,58,1,1,1,518,0,4393,0,BUDGET CUSTOMER
6853,1982,3,Single,75777.0,0,0,2013-07-04,12,712,26,538,69,13,80,1,3,6,11,1,0,1,1,0,0,0,3,11,1,44,0,0,0,1438,2,4635,2,MODERATE SPENDER
3076,1975,2,Together,66653.0,1,1,2012-09-07,18,452,18,102,16,18,6,4,4,2,12,3,0,0,0,0,0,0,3,11,0,51,1,2,1,612,0,4935,0,BUDGET CUSTOMER
1012,1952,2,Single,61823.0,0,1,2013-02-18,26,523,7,134,37,14,169,4,8,2,10,7,0,0,0,0,0,0,3,11,0,74,0,1,1,884,0,4771,0,BUDGET CUSTOMER
6518,1951,4,Widow,67680.0,0,1,2013-06-11,8,546,0,48,0,6,6,1,7,3,8,5,0,0,0,0,0,0,3,11,0,75,0,1,1,606,0,4658,0,BUDGET CUSTOMER
4137,1948,2,Together,70666.0,0,0,2013-12-06,29,398,40,367,119,122,30,1,7,4,4,4,0,0,0,0,0,0,3,11,0,78,1,0,0,1076,0,4480,2,MODERATE SPENDER
8082,1971,2,Married,25721.0,1,0,2013-05-21,75,1,3,6,3,6,15,1,1,1,2,7,0,0,0,0,0,0,3,11,1,55,1,1,1,34,0,4679,1,PLATINUM CUSTOMER
1386,1967,2,Together,32474.0,1,1,2014-05-11,0,10,0,1,0,0,0,1,1,0,2,7,0,0,0,0,0,0,3,11,0,59,1,2,1,11,0,4324,1,PLATINUM CUSTOMER
9369,1979,1,Single,88194.0,0,1,2014-03-19,19,688,14,309,201,24,38,1,11,10,10,5,1,0,0,1,0,0,3,11,1,47,0,1,1,1274,2,4377,2,MODERATE SPENDER
4477,1958,2,Together,69096.0,0,1,2013-09-27,4,247,49,159,7,82,109,1,5,2,10,4,0,0,0,0,0,0,3,11,0,68,1,1,1,653,0,4550,0,BUDGET CUSTOMER
1357,1970,2,Together,74854.0,1,2,2013-04-08,90,856,59,487,58,29,73,7,2,5,5,5,0,0,0,0,0,0,3,11,0,56,1,3,1,1562,0,4722,2,MODERATE SPENDER
1402,1954,3,Married,66991.0,0,0,2012-09-11,1,496,36,460,189,60,12,3,4,8,6,3,0,0,0,0,0,0,3,11,0,72,1,0,0,1253,0,4931,2,MODERATE SPENDER
10629,1973,1,Married,,1,0,2012-09-14,25,25,3,43,17,4,17,3,3,0,3,8,0,0,0,0,0,0,3,11,0,53,1,1,1,109,0,4928,1,PLATINUM CUSTOMER
6312,1959,2,Married,65031.0,0,1,2013-03-17,29,258,107,291,84,37,86,4,10,3,13,7,0,0,0,0,0,0,3,11,0,67,1,1,1,863,0,4744,2,MODERATE SPENDER
8132,1975,4,Married,60631.0,1,1,2013-04-05,88,565,6,65,0,6,19,5,9,2,8,7,0,1,0,0,0,0,3,11,0,51,1,2,1,661,1,4725,0,BUDGET CUSTOMER
1050,1952,2,Married,28332.0,0,0,2014-04-30,58,14,10,13,4,15,9,1,2,1,4,2,0,0,0,0,0,0,3,11,0,74,1,0,0,65,0,4335,1,PLATINUM CUSTOMER
5846,1977,2,Divorced,40246.0,1,0,2012-12-19,68,2,1,6,2,1,1,1,1,0,2,6,0,0,0,0,0,0,3,11,0,49,0,1,1,13,0,4832,1,PLATINUM CUSTOMER
1859,1972,3,Married,75251.0,0,0,2012-08-27,34,721,111,925,97,18,18,1,7,6,5,5,0,0,0,0,0,0,3,11,1,54,1,0,0,1890,0,4946,2,MODERATE SPENDER
7503,1976,2,Single,75825.0,0,0,2012-10-12,40,1032,105,779,137,105,51,0,5,8,9,4,1,0,0,0,0,0,3,11,1,50,0,0,0,2209,1,4900,2,MODERATE SPENDER
10401,1976,1,Together,26326.0,0,0,2013-09-04,12,1,0,5,0,3,9,1,0,0,3,3,0,0,0,0,0,1,3,11,0,50,1,0,0,18,0,4573,1,PLATINUM CUSTOMER
1618,1965,2,Together,56046.0,0,0,2013-01-02,9,577,0,64,0,0,51,2,10,1,8,8,1,0,0,0,0,0,3,11,1,61,1,0,0,692,1,4818,0,BUDGET CUSTOMER
3332,1985,2,Single,29760.0,1,0,2012-08-29,87,64,4,68,7,5,17,4,3,1,4,8,0,0,0,0,0,0,3,11,0,41,0,1,1,165,0,4944,1,PLATINUM CUSTOMER
2261,1969,2,Married,26304.0,1,0,2013-06-23,5,4,1,5,2,0,4,1,1,0,2,7,0,0,0,0,0,0,3,11,0,57,1,1,1,16,0,4646,1,PLATINUM CUSTOMER
5346,1973,1,Married,23559.0,1,0,2013-07-03,87,25,5,19,7,0,23,3,3,0,3,7,0,0,0,0,0,0,3,11,0,53,1,1,1,79,0,4636,1,PLATINUM CUSTOMER
4119,1963,3,Together,38620.0,0,0,2013-05-11,56,112,17,44,34,22,89,1,2,5,3,3,0,0,0,0,0,0,3,11,0,63,1,0,0,318,0,4689,0,BUDGET CUSTOMER
535,1987,2,Divorced,81361.0,0,0,2014-02-25,18,163,23,424,27,65,76,1,3,10,13,1,0,0,0,0,0,0,3,11,0,39,0,0,0,778,0,4399,2,MODERATE SPENDER
5268,1960,2,Married,29440.0,1,1,2013-08-11,95,17,8,14,10,4,3,2,1,0,4,7,0,0,0,0,0,0,3,11,0,66,1,2,1,56,0,4597,1,PLATINUM CUSTOMER
273,1970,3,Married,36138.0,1,1,2013-07-16,48,130,0,16,0,0,5,5,3,1,4,7,0,1,0,0,0,0,3,11,0,56,1,2,1,151,1,4623,1,PLATINUM CUSTOMER
4452,1957,2,Single,50388.0,0,1,2014-05-28,3,292,6,37,0,3,34,4,6,1,6,7,0,1,0,1,0,0,3,11,1,69,0,1,1,372,2,4307,0,BUDGET CUSTOMER
8504,1973,2,Married,79593.0,0,0,2014-05-12,70,350,60,568,110,133,145,1,5,6,7,2,0,0,1,0,0,0,3,11,0,53,1,0,0,1366,1,4323,2,MODERATE SPENDER
771,1967,2,Together,54178.0,0,1,2014-01-21,79,135,9,39,4,0,7,1,2,2,5,2,0,0,0,0,0,0,3,11,0,59,1,1,1,194,0,4434,1,PLATINUM CUSTOMER
8996,1957,4,Married,,2,1,2012-11-19,4,230,42,192,49,37,53,12,7,2,8,9,0,0,0,0,0,0,3,11,0,69,1,3,1,603,0,4862,0,BUDGET CUSTOMER
9235,1957,2,Single,,1,1,2014-05-27,45,7,0,8,2,0,1,1,1,0,2,7,0,0,0,0,0,0,3,11,0,69,0,2,1,18,0,4308,1,PLATINUM CUSTOMER
5798,1973,3,Together,,0,0,2013-11-23,87,445,37,359,98,28,18,1,2,4,8,1,0,0,0,0,0,0,3,11,0,53,1,0,0,985,0,4493,0,BUDGET CUSTOMER
11178,1972,3,Single,42394.0,1,0,2014-03-23,69,15,2,10,0,1,4,1,1,0,3,7,0,0,0,0,0,0,3,11,0,54,0,1,1,32,0,4373,1,PLATINUM CUSTOMER
2230,1970,4,Married,23626.0,1,0,2014-05-24,84,27,2,14,0,0,0,3,3,1,3,5,0,0,0,0,0,0,3,11,0,56,1,1,1,43,0,4311,1,PLATINUM CUSTOMER
7516,1983,2,Married,30096.0,1,0,2014-05-22,30,5,3,11,12,5,9,1,2,0,3,6,0,0,0,0,0,0,3,11,0,43,1,1,1,45,0,4313,1,PLATINUM CUSTOMER
7247,1960,2,Widow,47916.0,0,1,2012-11-22,72,505,0,26,0,0,75,5,7,4,6,6,0,1,0,0,0,0,3,11,0,66,0,1,1,606,1,4859,0,BUDGET CUSTOMER
11100,1972,2,Divorced,51813.0,1,1,2013-04-11,37,51,2,7,0,1,2,2,2,0,3,7,0,0,0,0,0,0,3,11,0,54,0,2,1,63,0,4719,1,PLATINUM CUSTOMER
4646,1951,1,Married,78497.0,0,0,2013-12-01,44,207,26,447,75,0,223,1,5,7,12,2,0,0,0,1,0,0,3,11,0,75,1,0,0,978,1,4485,2,MODERATE SPENDER
3037,1983,4,Married,50150.0,0,0,2013-06-20,32,135,46,92,65,61,11,2,5,2,7,5,0,0,0,0,0,0,3,11,0,43,1,0,0,410,0,4649,0,BUDGET CUSTOMER
1473,1960,1,Single,47823.0,0,1,2013-07-23,0,53,1,5,2,1,10,2,2,0,3,8,0,0,0,0,0,0,3,11,0,66,0,1,1,72,0,4616,1,PLATINUM CUSTOMER
1016,1959,4,Single,34554.0,0,1,2014-03-30,43,41,1,6,2,0,5,2,2,0,3,6,0,0,0,0,0,0,3,11,0,67,0,1,1,55,0,4366,1,PLATINUM CUSTOMER
4518,1979,2,Together,85693.0,0,1,2013-04-20,59,386,172,183,185,132,111,2,9,5,11,5,0,0,0,0,0,0,3,11,0,47,1,1,1,1169,0,4710,2,MODERATE SPENDER
9370,1945,4,Married,65846.0,0,0,2013-05-17,68,562,81,276,80,40,81,1,6,3,6,4,0,0,0,0,0,0,3,11,0,81,1,0,0,1120,0,4683,0,BUDGET CUSTOMER
8908,1959,2,Married,87195.0,0,0,2014-05-08,35,217,76,690,50,26,38,1,3,11,5,1,0,0,0,0,0,0,3,11,1,67,1,0,0,1097,0,4327,2,MODERATE SPENDER
8373,1979,0,Together,24594.0,1,0,2013-12-10,94,1,3,6,10,0,9,1,1,0,3,5,0,0,0,0,0,0,3,11,0,47,1,1,1,29,0,4476,1,PLATINUM CUSTOMER
7533,1964,2,Married,49096.0,1,1,2013-09-24,15,144,1,32,2,1,7,4,4,1,4,7,0,0,0,0,0,0,3,11,0,62,1,2,1,187,0,4553,1,PLATINUM CUSTOMER
2683,1969,2,Married,52413.0,0,2,2013-02-02,56,295,106,271,75,98,65,4,6,4,12,6,0,0,0,0,0,0,3,11,0,57,1,2,1,910,0,4787,0,BUDGET CUSTOMER
3629,1978,2,Single,38557.0,1,0,2012-12-19,17,76,3,31,4,4,27,2,3,1,3,7,0,0,0,0,0,0,3,11,0,48,0,1,1,145,0,4832,1,PLATINUM CUSTOMER
10991,1960,3,Married,89058.0,0,0,2012-12-07,18,454,194,106,31,22,43,1,5,4,4,2,0,0,0,0,0,0,3,11,0,66,1,0,0,850,0,4844,0,BUDGET CUSTOMER
5077,1979,2,Together,77298.0,0,1,2013-11-02,46,425,115,292,23,35,79,1,6,6,11,3,0,0,0,0,0,0,3,11,0,47,1,1,1,969,0,4514,2,MODERATE SPENDER
7431,1991,4,Single,68126.0,0,0,2012-11-10,40,1332,17,311,23,51,86,1,7,4,5,9,0,1,0,0,0,0,3,11,1,35,0,0,0,1820,1,4871,0,BUDGET CUSTOMER
3267,1963,3,Together,57288.0,0,1,2014-06-25,27,527,0,21,0,0,60,3,8,1,8,6,0,1,0,0,0,0,3,11,0,63,1,1,1,608,1,4279,0,BUDGET CUSTOMER
999,1991,2,Single,86037.0,0,0,2013-01-02,95,490,44,125,29,20,22,1,6,7,11,3,0,1,1,0,0,0,3,11,1,35,0,0,0,730,2,4818,0,BUDGET CUSTOMER
9215,1980,4,Married,43974.0,1,0,2012-12-12,19,378,0,101,0,0,72,5,6,4,6,7,0,0,0,0,0,0,3,11,0,46,1,1,1,551,0,4839,0,BUDGET CUSTOMER
2286,1962,2,Single,50785.0,1,1,2013-09-10,27,64,1,21,0,1,27,2,2,1,3,6,0,0,0,0,0,0,3,11,0,64,0,2,1,114,0,4567,1,PLATINUM CUSTOMER
1592,1970,2,Married,90765.0,0,0,2014-01-24,25,547,99,812,151,82,33,0,4,6,5,1,0,0,1,1,0,0,3,11,0,56,1,0,0,1724,2,4431,2,MODERATE SPENDER
367,1978,1,Married,36550.0,1,0,2013-02-19,74,47,90,94,123,103,120,5,9,1,5,9,0,0,0,0,0,0,3,11,0,48,1,1,1,577,0,4770,0,BUDGET CUSTOMER
5234,1967,1,Together,30753.0,1,1,2013-07-11,85,12,5,25,0,9,30,2,1,1,3,5,0,0,0,0,0,0,3,11,0,59,1,2,1,81,0,4628,1,PLATINUM CUSTOMER
9862,1969,2,Together,21918.0,1,0,2013-11-14,37,1,6,7,11,5,3,2,2,0,3,6,0,0,0,0,0,0,3,11,0,57,1,1,1,33,0,4502,1,PLATINUM CUSTOMER
9805,1953,3,Together,56129.0,0,1,2013-06-20,65,320,48,133,39,72,48,4,6,2,10,4,0,0,0,0,0,0,3,11,0,73,1,1,1,660,0,4649,0,BUDGET CUSTOMER
6205,1967,3,Single,32557.0,1,0,2014-02-24,13,34,3,29,0,4,10,3,2,1,3,5,0,0,0,0,0,0,3,11,1,59,0,1,1,80,0,4400,1,PLATINUM CUSTOMER
8442,1985,3,Married,19510.0,2,0,2013-09-04,63,9,0,7,3,4,7,2,1,0,3,7,0,0,0,0,0,0,3,11,0,41,1,2,1,30,0,4573,1,PLATINUM CUSTOMER
7386,1976,2,Divorced,30992.0,1,0,2013-04-22,83,17,0,14,7,3,2,1,1,0,3,7,0,0,0,0,0,0,3,11,0,50,0,1,1,43,0,4708,1,PLATINUM CUSTOMER
7215,1983,2,Single,101970.0,0,0,2013-03-12,69,722,27,102,44,72,168,0,6,8,13,2,0,1,1,1,0,0,3,11,1,43,0,0,0,1135,3,4749,2,MODERATE SPENDER
1491,1965,1,Together,71488.0,0,0,2013-02-18,87,162,33,124,40,28,172,2,3,4,7,1,0,0,0,0,0,0,3,11,0,61,1,0,0,559,0,4771,0,BUDGET CUSTOMER
11071,1984,2,Single,79607.0,0,0,2013-04-21,37,450,133,951,173,0,216,1,3,6,6,1,0,0,0,0,0,0,3,11,1,42,0,0,0,1923,0,4709,2,MODERATE SPENDER
3381,1953,3,Married,54348.0,1,1,2014-06-08,51,70,0,16,0,0,4,2,2,0,4,6,0,0,0,0,0,0,3,11,0,73,1,2,1,90,0,4296,1,PLATINUM CUSTOMER
8268,1961,4,Married,,0,1,2013-07-11,23,352,0,27,10,0,15,3,6,1,7,6,0,0,0,0,0,0,3,11,0,65,1,1,1,404,0,4628,0,BUDGET CUSTOMER
11051,1956,4,Together,77376.0,1,1,2014-05-10,72,492,19,110,16,12,12,4,6,3,10,4,0,0,0,0,0,0,3,11,0,70,1,2,1,661,0,4325,0,BUDGET CUSTOMER
8026,1952,2,Married,62998.0,0,1,2013-09-30,10,120,58,73,65,89,58,5,5,4,5,5,0,0,0,0,0,0,3,11,0,74,1,1,1,463,0,4547,0,BUDGET CUSTOMER
433,1958,3,Alone,61331.0,1,1,2013-03-10,42,534,5,47,0,5,41,5,11,1,6,8,0,0,0,0,0,0,3,11,0,68,0,2,1,632,0,4751,0,BUDGET CUSTOMER
9597,1969,2,Married,73448.0,0,0,2014-02-10,10,236,106,189,23,41,130,1,7,2,9,4,0,0,0,0,0,0,3,11,0,57,1,0,0,725,0,4414,0,BUDGET CUSTOMER
1295,1963,2,Married,,0,1,2013-08-11,96,231,65,196,38,71,124,1,6,5,7,4,0,0,0,0,0,0,3,11,0,63,1,1,1,725,0,4597,0,BUDGET CUSTOMER
5290,1964,4,Married,41551.0,1,1,2013-08-14,51,220,0,33,3,0,23,5,5,1,5,8,0,0,0,0,0,0,3,11,0,62,1,2,1,279,0,4594,0,BUDGET CUSTOMER
1685,1967,4,Together,62981.0,0,0,2013-03-17,21,796,14,590,38,44,0,1,4,5,13,3,0,1,0,0,0,0,3,11,0,59,1,0,0,1482,1,4744,2,MODERATE SPENDER
5342,1976,0,Divorced,9548.0,1,0,2012-08-08,31,0,1,3,10,6,9,2,1,0,3,8,0,0,0,0,0,0,3,11,0,50,0,1,1,29,0,4965,1,PLATINUM CUSTOMER
9579,1959,4,Married,33762.0,2,1,2013-07-07,61,53,1,34,2,0,16,3,2,2,2,8,0,0,0,0,0,0,3,11,0,67,1,3,1,106,0,4632,1,PLATINUM CUSTOMER
7660,1973,4,Alone,35860.0,1,1,2014-05-19,37,15,0,8,4,2,20,2,1,1,2,5,1,0,0,0,0,0,3,11,1,53,0,2,1,49,1,4316,1,PLATINUM CUSTOMER
1461,1965,4,Divorced,36921.0,1,1,2013-07-28,74,17,1,12,3,1,4,2,2,0,3,7,0,0,0,0,0,0,3,11,0,61,0,2,1,38,0,4611,1,PLATINUM CUSTOMER
821,1992,3,Single,92859.0,0,0,2012-10-19,46,962,61,921,52,61,20,1,5,4,12,2,0,0,0,0,0,0,3,11,0,34,0,0,0,2077,0,4893,2,MODERATE SPENDER
11084,1976,3,Together,65104.0,0,1,2013-11-14,4,738,0,232,13,20,50,2,3,5,7,7,0,0,0,0,0,0,3,11,1,50,1,1,1,1053,0,4502,0,BUDGET CUSTOMER
8690,1962,2,Married,86111.0,0,0,2013-04-19,73,399,28,756,36,40,126,1,5,7,10,2,0,0,0,0,0,0,3,11,0,64,1,0,0,1385,0,4711,2,MODERATE SPENDER
2937,1974,4,Single,68352.0,0,1,2013-08-28,47,614,16,132,43,33,33,3,8,5,9,6,0,0,0,0,0,0,3,11,0,52,0,1,1,871,0,4580,0,BUDGET CUSTOMER
9701,1988,2,Together,41883.0,1,0,2013-03-19,13,32,34,41,73,16,116,3,4,2,3,7,0,0,0,0,0,0,3,11,0,38,1,1,1,312,0,4742,0,BUDGET CUSTOMER
9949,1976,2,Married,59809.0,0,2,2012-10-18,36,598,16,141,32,41,49,3,3,3,6,8,0,0,0,0,0,0,3,11,0,50,1,2,1,877,0,4894,0,BUDGET CUSTOMER
10837,1975,2,Married,23957.0,1,0,2012-10-28,47,2,1,18,20,11,16,1,2,0,3,6,0,0,0,0,0,0,3,11,1,51,1,1,1,68,0,4884,1,PLATINUM CUSTOMER
3120,1981,2,Together,38547.0,1,0,2013-08-28,49,6,1,10,0,1,4,1,1,0,2,8,0,0,0,0,0,1,3,11,0,45,1,1,1,22,0,4580,1,PLATINUM CUSTOMER
5885,1973,1,Married,35688.0,2,1,2012-08-22,94,73,3,90,12,1,32,7,4,1,4,8,0,0,0,0,0,0,3,11,0,53,1,3,1,211,0,4951,1,PLATINUM CUSTOMER
4050,1966,3,Married,49605.0,0,0,2014-06-21,65,42,16,29,12,20,8,1,2,1,4,3,0,0,0,0,0,0,3,11,0,60,1,0,0,127,0,4283,1,PLATINUM CUSTOMER
3830,1953,3,Married,59354.0,0,2,2014-04-24,59,295,21,78,39,13,13,1,4,4,7,3,0,0,0,0,0,0,3,11,0,73,1,2,1,459,0,4341,0,BUDGET CUSTOMER
7987,1969,2,Married,65747.0,0,1,2014-03-07,96,346,17,48,23,13,13,4,8,1,6,6,0,1,0,0,0,0,3,11,0,57,1,1,1,460,1,4389,0,BUDGET CUSTOMER
7798,1972,1,Together,46344.0,0,1,2012-12-14,28,233,20,57,8,20,91,4,7,1,5,7,0,0,0,0,0,0,3,11,0,54,1,1,1,429,0,4837,0,BUDGET CUSTOMER
92,1988,2,Alone,34176.0,1,0,2014-05-12,12,5,7,24,19,14,20,4,3,0,4,6,0,0,0,0,0,0,3,11,0,38,0,1,1,89,0,4323,1,PLATINUM CUSTOMER
7055,1952,4,Together,61010.0,0,1,2012-10-09,57,888,0,57,0,0,76,2,8,5,11,5,0,0,0,0,0,0,3,11,0,74,1,1,1,1021,0,4903,0,BUDGET CUSTOMER
10240,1949,2,Together,69372.0,0,0,2013-02-19,10,997,26,269,34,13,42,1,10,4,6,4,0,1,1,0,0,0,3,11,1,77,1,0,0,1381,2,4770,0,BUDGET CUSTOMER
3025,1958,2,Single,49967.0,0,1,2013-07-08,4,212,6,69,4,12,3,3,6,1,5,7,0,0,0,0,0,0,3,11,0,68,0,1,1,306,0,4631,0,BUDGET CUSTOMER
9283,1978,2,Single,60199.0,1,2,2013-09-12,49,8,1,7,2,0,0,1,0,0,3,4,0,0,0,0,0,0,3,11,0,48,0,3,1,18,0,4565,1,PLATINUM CUSTOMER
9970,1977,2,Together,55375.0,0,1,2013-10-17,3,42,11,57,10,28,14,1,1,1,6,2,0,0,0,0,0,0,3,11,0,49,1,1,1,162,0,4530,1,PLATINUM CUSTOMER
2730,1955,2,Single,80317.0,0,0,2013-08-20,64,536,11,387,149,91,57,1,3,4,10,1,0,0,0,0,0,0,3,11,0,71,0,0,0,1231,0,4588,2,MODERATE SPENDER
2795,1958,3,Single,30523.0,2,1,2013-07-01,0,5,0,3,0,0,5,1,1,0,2,7,0,0,0,0,0,0,3,11,0,68,0,3,1,13,0,4638,1,PLATINUM CUSTOMER
9260,1945,4,Married,70356.0,0,0,2012-11-05,20,1349,16,249,43,16,33,2,10,6,9,6,0,0,0,0,0,0,3,11,0,81,1,0,0,1706,0,4876,0,BUDGET CUSTOMER
8182,1984,2,Married,23228.0,1,0,2014-01-05,91,53,3,49,7,4,5,4,3,0,4,8,0,0,0,0,0,0,3,11,0,42,1,1,1,121,0,4450,1,PLATINUM CUSTOMER
10095,1975,4,Divorced,74165.0,0,0,2013-05-01,9,1001,12,240,16,12,12,1,5,4,10,2,0,0,0,0,0,0,3,11,0,51,0,0,0,1293,0,4699,0,BUDGET CUSTOMER
8475,1973,4,Married,157243.0,0,1,2014-03-01,98,20,2,1582,1,2,1,15,0,22,0,0,0,0,0,0,0,0,3,11,0,53,1,1,1,1608,0,4395,2,MODERATE SPENDER
4370,1966,2,Together,43482.0,2,1,2013-11-13,83,18,1,32,6,3,28,3,2,0,4,6,0,0,0,0,0,0,3,11,0,60,1,3,1,88,0,4503,1,PLATINUM CUSTOMER
10573,1953,2,Divorced,62551.0,0,0,2013-11-18,27,125,16,98,134,21,27,1,6,7,4,3,1,0,0,0,0,0,3,11,0,73,0,0,0,421,1,4498,0,BUDGET CUSTOMER
3712,1959,2,Divorced,52332.0,0,0,2013-08-28,63,212,5,33,7,0,2,1,3,2,6,4,0,1,0,0,0,0,3,11,0,67,0,0,0,259,1,4580,0,BUDGET CUSTOMER
6637,1988,2,Single,66951.0,0,0,2013-11-02,46,277,162,305,173,76,124,1,3,4,7,1,0,0,0,0,0,0,3,11,0,38,0,0,0,1117,0,4514,2,MODERATE SPENDER
3152,1957,2,Together,26091.0,1,1,2014-02-25,84,15,10,19,8,17,20,3,2,1,3,5,0,0,0,0,0,0,3,11,0,69,1,2,1,89,0,4399,1,PLATINUM CUSTOMER
5610,1965,2,Together,33456.0,1,1,2014-04-21,58,7,3,10,8,1,7,2,1,0,3,7,0,0,0,0,0,0,3,11,0,61,1,2,1,36,0,4344,1,PLATINUM CUSTOMER
6460,1982,2,Married,28718.0,1,0,2013-07-13,78,12,4,6,11,8,16,2,2,0,3,8,0,0,0,0,0,0,3,11,0,44,1,1,1,57,0,4626,1,PLATINUM CUSTOMER
1349,1970,2,Married,50447.0,2,0,2014-04-21,4,85,7,24,2,3,27,1,3,1,3,6,0,0,0,0,0,0,3,11,0,56,1,2,1,148,0,4344,1,PLATINUM CUSTOMER
1880,1959,4,Together,53537.0,1,1,2014-01-30,17,81,0,6,0,0,6,2,2,1,3,5,0,0,0,0,0,0,3,11,0,67,1,2,1,93,0,4425,1,PLATINUM CUSTOMER
641,1967,2,Single,52074.0,0,1,2014-04-04,77,59,0,12,0,0,48,1,2,2,2,4,1,0,0,0,0,0,3,11,0,59,0,1,1,119,1,4361,1,PLATINUM CUSTOMER
8717,1975,4,Married,80427.0,0,1,2012-09-12,56,1149,71,449,69,71,26,1,11,8,8,5,0,0,0,0,0,0,3,11,0,51,1,1,1,1835,0,4930,2,MODERATE SPENDER
10314,1948,4,Married,83837.0,0,0,2012-12-16,79,847,66,119,86,89,111,1,9,10,5,4,0,1,0,1,0,0,3,11,1,78,1,0,0,1318,2,4835,0,BUDGET CUSTOMER
10854,1970,4,Married,38853.0,1,1,2014-05-23,90,29,0,14,0,0,2,2,2,0,3,7,0,0,0,0,0,0,3,11,0,56,1,2,1,45,0,4312,1,PLATINUM CUSTOMER
10492,1959,2,Together,38285.0,2,1,2014-06-24,96,2,0,5,2,0,1,1,0,0,3,2,0,0,0,0,0,0,3,11,0,67,1,3,1,10,0,4280,1,PLATINUM CUSTOMER
6935,1951,1,Married,78497.0,0,0,2013-12-01,44,207,26,447,75,0,223,1,5,7,12,2,0,0,0,1,0,0,3,11,0,75,1,0,0,978,1,4485,2,MODERATE SPENDER
7698,1976,4,Married,51650.0,0,1,2014-05-11,81,152,3,22,2,5,7,1,4,1,4,5,0,0,0,0,0,0,3,11,0,50,1,1,1,191,0,4324,1,PLATINUM CUSTOMER
3559,1988,1,Married,16248.0,1,0,2014-05-10,77,12,11,10,3,12,9,3,2,1,3,6,0,0,0,0,0,0,3,11,0,38,1,1,1,57,0,4325,1,PLATINUM CUSTOMER
10562,1946,3,Married,66835.0,0,0,2013-09-28,21,620,26,195,34,17,141,1,6,4,13,2,0,0,0,0,0,0,3,11,0,80,1,0,0,1033,0,4549,0,BUDGET CUSTOMER
10796,1984,3,Married,30477.0,1,0,2014-01-22,16,47,1,6,0,0,12,1,1,1,3,6,0,0,0,0,0,0,3,11,0,42,1,1,1,66,0,4433,1,PLATINUM CUSTOMER
2563,1961,0,Married,28249.0,0,0,2014-06-15,80,1,9,7,2,14,10,1,2,0,3,6,0,0,0,0,0,0,3,11,0,65,1,0,0,43,0,4289,1,PLATINUM CUSTOMER
3518,1983,2,Married,25271.0,1,0,2012-12-05,45,10,1,18,10,4,7,1,1,1,2,9,0,0,0,0,0,0,3,11,0,43,1,1,1,50,0,4846,1,PLATINUM CUSTOMER
5823,1970,4,Single,32303.0,0,1,2014-03-08,63,35,0,2,0,0,2,2,1,0,4,5,0,0,0,0,0,0,3,11,0,56,0,1,1,39,0,4388,1,PLATINUM CUSTOMER
3934,1966,2,Married,61286.0,0,1,2013-08-02,34,356,0,107,19,9,117,2,7,1,8,5,0,0,0,0,0,0,3,11,0,60,1,1,1,608,0,4606,0,BUDGET CUSTOMER
6982,1976,2,Married,74068.0,0,0,2013-03-19,14,783,30,537,140,76,15,1,4,10,9,2,0,0,0,0,0,0,3,11,0,50,1,0,0,1581,0,4742,2,MODERATE SPENDER
6431,1964,4,Married,45759.0,1,1,2013-02-23,13,42,1,18,3,0,4,2,2,0,3,7,0,0,0,0,0,0,3,11,0,62,1,2,1,68,0,4766,1,PLATINUM CUSTOMER
9733,1978,0,Together,24882.0,1,0,2012-09-09,52,1,4,10,29,0,36,1,1,1,2,6,1,0,0,0,0,0,3,11,0,48,1,1,1,80,1,4933,1,PLATINUM CUSTOMER
5602,1989,4,Together,66973.0,0,0,2013-05-17,98,466,22,432,147,113,102,1,8,7,12,3,0,0,0,0,0,0,3,11,0,37,1,0,0,1282,0,4683,2,MODERATE SPENDER
7829,1900,1,Divorced,36640.0,1,0,2013-09-26,99,15,6,8,7,4,25,1,2,1,2,5,0,0,0,0,0,1,3,11,0,126,0,1,1,65,0,4551,1,PLATINUM CUSTOMER
1324,1988,2,Married,38872.0,1,0,2013-05-30,93,23,3,21,3,19,22,2,3,0,3,8,0,0,0,0,0,0,3,11,0,38,1,1,1,91,0,4670,1,PLATINUM CUSTOMER
326,1973,2,Married,51148.0,1,1,2013-02-18,38,235,6,45,8,9,12,4,5,1,6,6,0,0,0,0,0,0,3,11,0,53,1,2,1,315,0,4771,0,BUDGET CUSTOMER
7224,1977,2,Married,31353.0,1,1,2013-12-29,24,10,0,10,3,1,7,2,1,1,2,8,0,0,0,0,0,0,3,11,0,49,1,2,1,31,0,4457,1,PLATINUM CUSTOMER
6999,1980,3,Married,69661.0,0,0,2014-05-13,80,656,16,106,32,16,8,1,7,3,12,3,0,0,0,0,0,0,3,11,0,46,1,0,0,834,0,4322,0,BUDGET CUSTOMER
9938,1954,2,Married,80067.0,0,0,2013-09-19,82,519,17,813,27,173,51,1,4,6,6,2,0,0,1,0,0,0,3,11,0,72,1,0,0,1600,1,4558,2,MODERATE SPENDER
6422,1954,2,Married,86718.0,0,0,2013-01-17,20,344,189,482,50,33,172,1,5,6,5,2,0,0,0,0,0,0,3,11,0,72,1,0,0,1270,0,4803,2,MODERATE SPENDER
3182,1973,4,Single,46854.0,1,1,2014-03-31,81,96,1,79,7,1,79,6,5,1,3,8,1,0,0,0,0,0,3,11,1,53,0,2,1,263,1,4365,0,BUDGET CUSTOMER
7300,1952,2,Divorced,69142.0,0,1,2014-06-29,50,448,4,34,6,4,39,3,8,1,7,5,0,1,0,0,0,0,3,11,0,74,0,1,1,535,1,4275,0,BUDGET CUSTOMER
10424,1968,2,Single,75922.0,0,0,2013-12-09,60,265,138,553,224,23,92,1,4,4,9,1,0,0,0,0,0,0,3,11,0,58,0,0,0,1295,0,4477,2,MODERATE SPENDER
8727,1978,2,Divorced,63693.0,0,1,2013-10-14,63,587,43,337,42,87,54,3,11,6,9,6,0,0,0,0,0,0,3,11,0,48,0,1,1,1150,0,4533,0,BUDGET CUSTOMER
2798,1977,4,Together,102160.0,0,0,2012-11-02,54,763,29,138,76,176,58,0,7,9,10,4,0,1,1,1,0,0,3,11,1,49,1,0,0,1240,3,4879,2,MODERATE SPENDER
1030,1965,4,Single,40637.0,1,1,2013-07-17,72,22,0,13,0,0,3,2,1,0,3,7,0,0,0,0,0,0,3,11,0,61,0,2,1,38,0,4622,1,PLATINUM CUSTOMER
624,1984,3,Single,18890.0,0,0,2012-11-10,5,6,4,1,7,2,15,1,0,1,2,6,1,0,0,0,0,0,3,11,1,42,0,0,0,35,1,4871,1,PLATINUM CUSTOMER
5176,1988,2,Together,29604.0,1,0,2013-12-08,88,7,6,13,7,6,14,1,1,0,3,9,1,0,0,0,0,0,3,11,0,38,1,1,1,53,1,4478,1,PLATINUM CUSTOMER
5552,1963,3,Divorced,48721.0,1,1,2013-05-13,50,81,18,113,47,13,21,6,4,2,5,6,0,0,0,0,0,0,3,11,0,63,0,2,1,293,0,4687,0,BUDGET CUSTOMER
868,1966,2,Married,44794.0,0,1,2014-06-08,99,54,0,7,0,0,4,1,2,0,3,6,0,0,0,0,0,0,3,11,0,60,1,1,1,65,0,4296,1,PLATINUM CUSTOMER
380,1954,2,Divorced,64497.0,0,1,2012-09-10,17,1170,48,320,42,32,192,5,11,4,9,8,1,0,0,0,0,0,3,11,1,72,0,1,1,1804,1,4932,0,BUDGET CUSTOMER
2677,1956,2,Together,46097.0,0,1,2013-03-31,11,72,24,68,65,4,8,5,3,1,6,4,0,0,0,0,0,0,3,11,0,70,1,1,1,241,0,4730,1,PLATINUM CUSTOMER
6521,1954,2,Together,77972.0,0,0,2014-03-18,18,613,22,319,33,102,12,1,4,6,9,1,0,0,0,0,0,0,3,11,0,72,1,0,0,1101,0,4378,2,MODERATE SPENDER
6927,1968,4,Married,44377.0,1,1,2012-10-05,70,224,0,30,0,0,10,8,5,1,5,8,0,0,0,0,0,0,3,11,0,58,1,2,1,264,0,4907,0,BUDGET CUSTOMER
2877,1974,3,Together,46014.0,1,1,2013-01-21,21,410,0,59,19,9,44,10,7,1,8,7,0,0,0,0,0,0,3,11,0,52,1,2,1,541,0,4799,0,BUDGET CUSTOMER
0,1985,2,Married,70951.0,0,0,2013-05-04,66,239,10,554,254,87,54,1,3,4,9,1,0,0,0,0,0,0,3,11,0,41,1,0,0,1198,0,4696,2,MODERATE SPENDER
1584,1977,2,Married,41443.0,1,0,2014-04-01,79,171,7,171,25,19,89,6,8,1,5,8,0,0,0,0,0,0,3,11,0,49,1,1,1,482,0,4364,0,BUDGET CUSTOMER
7264,1978,1,Single,52195.0,2,1,2014-05-12,2,12,0,4,0,0,1,1,1,0,2,8,0,0,0,0,0,0,3,11,0,48,0,3,1,17,0,4323,1,PLATINUM CUSTOMER
6274,1948,3,Married,83790.0,0,0,2013-11-15,81,1076,16,417,42,48,16,1,8,10,6,3,0,1,1,0,0,0,3,11,0,78,1,0,0,1615,2,4501,2,MODERATE SPENDER
1377,1954,3,Widow,44551.0,0,1,2013-08-31,24,182,4,33,0,0,66,2,4,1,5,7,0,0,0,0,0,0,3,11,0,72,0,1,1,285,0,4577,0,BUDGET CUSTOMER
454,1980,2,Together,69508.0,1,0,2012-11-14,48,824,32,162,42,32,43,2,11,4,11,6,0,0,0,0,0,0,3,11,0,46,1,1,1,1135,0,4867,0,BUDGET CUSTOMER
1755,1988,1,Together,45204.0,1,0,2014-04-11,93,30,11,25,29,1,18,1,1,1,4,3,0,0,0,0,0,0,3,11,0,38,1,1,1,114,0,4354,1,PLATINUM CUSTOMER
2075,1969,2,Married,72460.0,0,0,2013-11-14,56,377,10,540,80,30,10,1,3,5,7,1,0,0,0,0,0,0,3,11,0,57,1,0,0,1047,0,4502,2,MODERATE SPENDER
4785,1970,4,Together,77622.0,0,2,2014-04-14,3,520,7,154,19,0,14,2,6,3,11,3,0,0,0,0,0,0,3,11,0,56,1,2,1,714,0,4351,0,BUDGET CUSTOMER
9076,1980,4,Married,30732.0,1,0,2013-01-05,44,155,1,25,0,1,3,4,4,1,4,8,0,0,0,0,0,0,3,11,0,46,1,1,1,185,0,4815,1,PLATINUM CUSTOMER
7079,1962,2,Divorced,63887.0,0,1,2012-09-08,38,897,23,207,15,11,92,5,9,6,12,6,0,0,0,0,0,0,3,11,0,64,0,1,1,1245,0,4934,0,BUDGET CUSTOMER
4653,1978,2,Together,42011.0,1,0,2013-03-26,46,131,0,16,2,1,39,4,3,1,4,8,0,0,0,0,0,0,3,11,0,48,1,1,1,189,0,4735,1,PLATINUM CUSTOMER
7375,1976,2,Together,51369.0,0,1,2012-10-25,84,297,7,79,0,11,182,2,8,2,4,8,0,0,0,0,0,0,3,11,0,50,1,1,1,576,0,4887,0,BUDGET CUSTOMER
709,1952,2,Divorced,51537.0,0,1,2012-12-09,27,787,20,204,0,0,92,3,2,2,11,8,0,0,0,0,0,0,3,11,0,74,0,1,1,1103,0,4842,0,BUDGET CUSTOMER
460,1972,4,Married,79930.0,0,0,2012-08-08,72,792,86,740,67,51,17,1,3,5,8,2,0,0,0,0,0,0,3,11,0,54,1,0,0,1753,0,4965,2,MODERATE SPENDER
3726,1986,4,Together,34320.0,1,0,2014-02-16,66,4,1,9,3,0,0,1,1,0,2,8,0,0,0,0,0,0,3,11,0,40,1,1,1,17,0,4408,1,PLATINUM CUSTOMER
6798,1966,2,Single,37070.0,1,1,2013-03-20,30,231,7,137,4,15,39,9,5,1,8,7,0,0,0,0,0,0,3,11,1,60,0,2,1,433,0,4741,0,BUDGET CUSTOMER
5341,1962,1,Divorced,81975.0,0,1,2013-01-05,2,983,76,184,180,138,27,1,6,3,4,7,0,0,1,0,0,0,3,11,0,64,0,1,1,1588,1,4815,2,MODERATE SPENDER
1606,1971,2,Together,38590.0,1,0,2013-05-15,65,3,1,8,4,3,3,1,1,0,2,8,0,0,0,0,0,0,3,11,0,55,1,1,1,22,0,4685,1,PLATINUM CUSTOMER
9617,1951,2,Single,15033.0,0,0,2014-04-16,37,0,4,5,6,0,4,1,1,0,3,3,0,0,0,0,0,0,3,11,0,75,0,0,0,19,0,4349,1,PLATINUM CUSTOMER
3233,1965,4,Married,62745.0,0,1,2013-03-23,89,562,21,464,28,10,32,3,7,8,11,5,0,0,0,0,0,0,3,11,0,61,1,1,1,1117,0,4738,0,BUDGET CUSTOMER
89,1975,1,Married,22212.0,1,0,2013-12-09,49,5,9,20,6,8,21,2,2,0,4,6,0,0,0,0,0,0,3,11,0,51,1,1,1,69,0,4477,1,PLATINUM CUSTOMER
2936,1982,3,Together,23661.0,1,0,2013-12-04,46,18,0,4,0,0,1,1,1,0,3,7,0,0,0,0,0,0,3,11,0,44,1,1,1,23,0,4482,1,PLATINUM CUSTOMER
9449,1958,4,Single,79761.0,0,1,2013-10-04,32,415,5,124,15,35,11,1,5,2,11,3,0,0,0,0,0,0,3,11,0,68,0,1,1,605,0,4543,0,BUDGET CUSTOMER
7297,1973,2,Single,7500.0,1,0,2013-12-26,54,5,3,10,12,7,20,4,3,1,3,7,0,0,0,0,0,0,3,11,0,53,0,1,1,57,0,4460,1,PLATINUM CUSTOMER
11004,1893,1,Single,60182.0,0,1,2014-05-17,23,8,0,5,7,0,2,1,1,0,2,4,0,0,0,0,0,0,3,11,0,133,0,1,1,22,0,4318,1,PLATINUM CUSTOMER
313,1968,2,Widow,73455.0,0,0,2013-10-28,98,901,61,757,186,163,20,1,6,5,10,3,0,1,0,0,0,0,3,11,0,58,0,0,0,2088,1,4519,2,MODERATE SPENDER
9940,1958,2,Together,64961.0,0,1,2012-12-23,97,382,114,276,75,124,38,2,6,4,4,3,0,0,0,0,0,0,3,11,0,68,1,1,1,1009,0,4828,2,MODERATE SPENDER
10735,1971,2,Single,22804.0,1,0,2013-07-31,75,14,1,7,2,1,1,1,2,0,2,9,0,0,0,0,0,0,3,11,0,55,0,1,1,26,0,4608,1,PLATINUM CUSTOMER
9529,1990,2,Married,73687.0,0,0,2013-11-28,8,559,153,503,218,13,181,1,3,9,9,2,0,0,0,1,0,0,3,11,1,36,1,0,0,1627,1,4488,2,MODERATE SPENDER
6439,1958,2,Married,61074.0,0,1,2012-08-17,37,789,0,133,0,28,152,7,11,5,8,7,0,0,0,0,0,0,3,11,0,68,1,1,1,1102,0,4956,0,BUDGET CUSTOMER
7411,1964,4,Married,31686.0,1,1,2014-06-05,31,11,0,5,0,0,1,2,1,0,3,6,0,0,0,0,0,0,3,11,0,62,1,2,1,17,0,4299,1,PLATINUM CUSTOMER
2176,1972,2,Married,80134.0,1,0,2013-05-20,40,1218,16,272,104,0,80,2,5,3,6,6,0,1,1,1,0,0,3,11,1,54,1,1,1,1690,3,4680,0,BUDGET CUSTOMER
9265,1953,2,Married,75027.0,0,1,2013-01-09,74,925,64,179,133,12,77,2,9,4,6,5,0,0,0,0,0,0,3,11,0,73,1,1,1,1390,0,4811,0,BUDGET CUSTOMER
8867,1988,4,Married,67546.0,0,0,2012-08-31,90,864,134,768,150,38,172,1,4,10,5,3,0,0,0,0,0,0,3,11,0,38,1,0,0,2126,0,4942,2,MODERATE SPENDER
8932,1969,3,Together,65176.0,0,1,2012-10-29,57,960,28,183,220,70,70,4,9,6,6,6,0,0,0,0,0,0,3,11,0,57,1,1,1,1531,0,4883,0,BUDGET CUSTOMER
10236,1975,3,Single,31160.0,1,0,2013-09-16,59,16,3,25,6,1,13,2,2,0,3,8,0,0,0,0,0,0,3,11,0,51,0,1,1,64,0,4561,1,PLATINUM CUSTOMER
6340,1985,2,Single,29938.0,1,0,2013-10-27,52,3,3,7,0,2,11,2,1,0,3,6,0,0,0,0,0,0,3,11,0,41,0,1,1,26,0,4520,1,PLATINUM CUSTOMER
10089,1974,2,Divorced,102692.0,0,0,2013-04-05,5,168,148,444,32,172,148,1,6,9,13,2,0,1,1,1,1,0,3,11,1,52,0,0,0,1112,4,4725,2,MODERATE SPENDER
2227,1958,1,Together,26490.0,0,0,2012-09-22,92,45,47,52,21,20,25,2,3,1,5,6,0,0,0,0,0,0,3,11,0,68,1,0,0,210,0,4920,1,PLATINUM CUSTOMER
10992,1967,2,Together,75702.0,1,1,2012-08-29,77,650,28,353,45,42,30,5,4,6,11,8,0,0,0,0,0,0,3,11,0,59,1,2,1,1148,0,4944,0,BUDGET CUSTOMER
5304,1974,4,Single,30899.0,1,0,2012-10-13,35,24,0,8,0,0,1,2,1,0,3,6,0,0,0,0,0,0,3,11,0,52,0,1,1,33,0,4899,1,PLATINUM CUSTOMER
309,1961,4,Together,63342.0,0,1,2012-10-16,48,918,21,118,13,10,21,3,8,3,5,6,0,1,0,0,0,0,3,11,0,65,1,1,1,1101,1,4896,0,BUDGET CUSTOMER
3406,1964,2,Single,45989.0,0,1,2012-10-22,97,138,33,87,28,24,12,4,3,2,7,3,0,0,0,0,0,0,3,11,0,62,0,1,1,322,0,4890,0,BUDGET CUSTOMER
2661,1964,2,Single,18701.0,1,1,2013-06-04,95,12,4,2,10,6,10,4,2,0,4,5,0,0,0,0,0,0,3,11,0,62,0,2,1,44,0,4665,1,PLATINUM CUSTOMER
3153,1957,4,Single,40737.0,2,1,2013-12-08,24,11,0,4,0,0,2,1,1,0,2,8,0,0,0,0,0,0,3,11,0,69,0,3,1,17,0,4478,1,PLATINUM CUSTOMER
10264,1979,2,Divorced,15287.0,1,0,2012-10-10,60,1,2,8,4,3,13,2,1,1,2,7,1,0,0,0,0,0,3,11,1,47,0,1,1,31,1,4902,1,PLATINUM CUSTOMER
1184,1968,4,Divorced,69674.0,0,2,2013-05-22,46,554,41,215,11,0,24,3,10,2,10,5,0,0,0,0,0,0,3,11,0,58,0,2,1,845,0,4678,0,BUDGET CUSTOMER
4200,1970,3,Married,44159.0,1,0,2014-06-17,85,167,2,62,24,13,7,4,4,1,6,5,0,0,0,0,0,0,3,11,0,56,1,1,1,275,0,4287,0,BUDGET CUSTOMER
9396,1978,4,Married,37717.0,1,0,2012-11-23,31,9,0,6,4,1,5,1,1,0,2,9,0,0,0,0,0,0,3,11,0,48,1,1,1,25,0,4858,1,PLATINUM CUSTOMER
2387,1952,3,Together,43776.0,1,1,2013-02-03,9,177,2,71,3,2,20,6,5,2,4,8,0,0,0,0,0,0,3,11,1,74,1,2,1,275,0,4786,0,BUDGET CUSTOMER
6690,1966,3,Married,38179.0,1,1,2013-03-14,30,38,4,22,4,2,20,4,3,1,3,7,0,0,0,0,0,0,3,11,0,60,1,2,1,90,0,4747,1,PLATINUM CUSTOMER
1225,1963,2,Married,80124.0,0,0,2014-06-26,47,483,84,398,205,84,241,1,3,7,8,1,1,0,0,0,0,0,3,11,0,63,1,0,0,1495,1,4278,2,MODERATE SPENDER
9703,1970,4,Married,38097.0,1,1,2012-10-15,70,77,2,35,0,1,69,4,3,2,2,7,1,0,0,0,0,0,3,11,1,56,1,2,1,184,1,4897,1,PLATINUM CUSTOMER
291,1970,2,Married,72940.0,0,0,2013-06-19,13,182,74,298,162,149,116,1,3,3,6,1,0,0,0,0,0,0,3,11,0,56,1,0,0,981,0,4650,2,MODERATE SPENDER
4557,1970,2,Together,22070.0,1,0,2013-10-04,11,10,7,19,8,2,21,2,2,2,2,6,0,0,0,0,0,0,3,11,0,56,1,1,1,67,0,4543,1,PLATINUM CUSTOMER
2379,1953,2,Single,69267.0,0,0,2012-09-22,31,778,44,499,95,73,146,2,3,4,5,7,0,0,0,0,0,0,3,11,1,73,0,0,0,1635,0,4920,2,MODERATE SPENDER
5726,1983,3,Single,31788.0,1,0,2014-03-20,15,16,7,23,0,8,6,3,3,0,4,5,0,0,0,0,0,1,3,11,0,43,0,1,1,60,0,4376,1,PLATINUM CUSTOMER
3066,1975,4,Together,61905.0,0,1,2014-02-04,2,167,0,43,6,2,13,2,4,2,4,5,0,0,0,0,0,0,3,11,0,51,1,1,1,231,0,4420,1,PLATINUM CUSTOMER
6336,1960,2,Married,29315.0,1,1,2014-04-06,55,13,2,14,8,7,4,4,2,0,4,6,0,0,0,0,0,0,3,11,0,66,1,2,1,48,0,4359,1,PLATINUM CUSTOMER
10967,1963,2,Divorced,33378.0,1,1,2013-02-06,38,33,6,40,3,7,10,3,2,0,4,7,0,0,0,0,0,0,3,11,0,63,0,2,1,99,0,4783,1,PLATINUM CUSTOMER
2304,1963,4,Together,66313.0,0,1,2013-09-16,86,625,7,99,10,22,7,2,6,3,12,4,0,0,0,0,0,0,3,11,0,63,1,1,1,770,0,4561,0,BUDGET CUSTOMER
3445,1956,2,Single,60714.0,0,0,2013-01-17,56,216,162,224,101,92,162,2,7,4,10,5,0,0,0,0,0,0,3,11,1,70,0,0,0,957,0,4803,2,MODERATE SPENDER
7828,1981,3,Together,77882.0,0,0,2014-04-30,29,68,129,396,188,22,15,1,3,3,5,1,0,0,0,0,0,0,3,11,0,45,1,0,0,818,0,4335,2,MODERATE SPENDER
3762,1986,4,Single,69867.0,0,0,2013-04-02,30,196,0,512,33,130,54,1,3,5,8,1,0,0,0,1,0,0,3,11,1,40,0,0,0,925,1,4728,2,MODERATE SPENDER
4391,1968,3,Divorced,63841.0,0,1,2013-04-21,64,635,15,100,20,7,131,1,9,3,9,6,0,0,0,0,0,0,3,11,0,58,0,1,1,908,0,4709,0,BUDGET CUSTOMER
4669,1981,0,Married,24480.0,1,0,2013-02-11,46,4,19,9,28,25,17,3,3,0,4,7,0,0,0,0,0,0,3,11,0,45,1,1,1,102,0,4778,1,PLATINUM CUSTOMER
10144,1976,2,Together,51369.0,0,1,2012-10-25,84,297,7,79,0,11,182,2,8,2,4,8,0,0,0,0,0,0,3,11,0,50,1,1,1,576,0,4887,0,BUDGET CUSTOMER
8652,1946,2,Together,37760.0,0,0,2012-08-31,20,84,5,38,150,12,28,2,4,1,6,7,0,0,0,0,0,0,3,11,0,80,1,0,0,317,0,4942,0,BUDGET CUSTOMER
1672,1974,4,Together,65640.0,0,1,2014-03-01,74,204,7,149,20,15,66,1,5,1,8,2,0,0,0,0,0,0,3,11,0,52,1,1,1,461,0,4395,0,BUDGET CUSTOMER
8962,1975,3,Married,44319.0,1,1,2014-04-17,18,26,0,8,0,0,3,2,2,0,3,5,0,0,0,0,0,0,3,11,0,51,1,2,1,37,0,4348,1,PLATINUM CUSTOMER
9974,1974,2,Married,30631.0,1,0,2013-07-12,75,15,6,20,4,5,20,1,3,1,2,7,0,0,0,0,0,0,3,11,0,52,1,1,1,70,0,4627,1,PLATINUM CUSTOMER
10983,1952,2,Together,75278.0,0,0,2013-01-29,17,304,98,230,150,74,74,1,6,3,13,3,0,0,0,0,0,0,3,11,0,74,1,0,0,930,0,4791,2,MODERATE SPENDER
8148,1956,3,Together,50898.0,1,1,2013-01-08,88,285,28,242,55,114,135,13,6,2,12,5,0,0,0,0,0,0,3,11,0,70,1,2,1,859,0,4812,0,BUDGET CUSTOMER
10102,1966,2,Widow,79946.0,0,0,2014-05-12,19,395,183,565,166,141,28,1,5,11,5,3,0,0,0,0,0,0,3,11,0,60,0,0,0,1478,0,4323,2,MODERATE SPENDER
4697,1949,3,Divorced,35416.0,0,0,2013-06-13,62,248,3,81,4,3,51,3,7,1,5,8,0,0,0,0,0,0,3,11,0,77,0,0,0,390,0,4656,0,BUDGET CUSTOMER
9262,1984,1,Together,32414.0,0,0,2013-07-04,11,20,6,5,0,9,12,1,1,0,3,7,1,0,0,0,0,0,3,11,0,42,1,0,0,52,1,4635,1,PLATINUM CUSTOMER
7254,1969,2,Together,38361.0,1,0,2013-12-27,74,39,0,56,20,8,14,3,3,1,3,7,0,0,0,0,0,0,3,11,0,57,1,1,1,137,0,4459,1,PLATINUM CUSTOMER
4543,1980,2,Married,82497.0,0,0,2012-10-31,32,777,129,573,216,21,203,1,2,7,9,4,0,0,1,0,0,0,3,11,0,46,1,0,0,1919,1,4881,2,MODERATE SPENDER
4927,1971,2,Together,16626.0,2,0,2014-01-15,76,8,3,22,21,1,13,3,3,0,3,9,0,0,0,0,0,0,3,11,0,55,1,2,1,68,0,4440,1,PLATINUM CUSTOMER
10451,1965,2,Together,29672.0,1,1,2013-03-12,6,9,1,3,0,4,8,1,0,0,3,6,0,0,0,0,0,0,3,11,0,61,1,2,1,25,0,4749,1,PLATINUM CUSTOMER
2926,1952,3,Together,55951.0,0,1,2012-08-23,62,1241,0,80,0,13,40,3,3,6,11,8,0,1,0,0,1,0,3,11,0,74,1,1,1,1374,2,4950,0,BUDGET CUSTOMER
2874,1988,1,Divorced,35388.0,1,0,2013-03-07,20,6,4,7,4,3,8,1,1,0,3,7,0,0,0,0,0,0,3,11,0,38,0,1,1,32,0,4754,1,PLATINUM CUSTOMER
9738,1986,3,Together,42386.0,1,0,2013-01-13,43,65,4,16,0,4,11,1,3,0,3,8,0,0,0,0,0,0,3,11,0,40,1,1,1,100,0,4807,1,PLATINUM CUSTOMER
7119,1982,2,Single,68627.0,0,0,2013-01-12,45,395,15,263,60,54,38,1,2,3,6,1,0,0,0,0,0,0,3,11,0,44,0,0,0,825,0,4808,0,BUDGET CUSTOMER
3924,1965,4,Divorced,57912.0,0,1,2014-03-17,34,801,0,80,0,0,35,5,8,3,12,5,0,1,0,0,0,0,3,11,0,61,0,1,1,916,1,4379,0,BUDGET CUSTOMER
5827,1958,2,Divorced,35246.0,1,1,2014-04-16,53,36,0,12,2,2,10,4,3,1,3,5,0,0,0,0,0,0,3,11,0,68,0,2,1,62,0,4349,1,PLATINUM CUSTOMER
5596,1956,1,Together,58821.0,0,1,2013-10-12,44,513,14,154,19,0,28,1,9,2,9,6,0,0,0,0,0,0,3,11,0,70,1,1,1,728,0,4535,0,BUDGET CUSTOMER
10812,1978,4,Married,46377.0,1,0,2014-03-01,89,37,0,46,4,3,0,1,2,1,3,4,0,0,0,0,0,0,3,11,0,48,1,1,1,90,0,4395,1,PLATINUM CUSTOMER
1717,1988,2,Single,39747.0,1,0,2014-04-13,43,80,15,93,20,13,52,3,5,1,4,8,0,0,0,0,0,0,3,11,0,38,0,1,1,273,0,4352,0,BUDGET CUSTOMER
9491,1984,2,Together,23976.0,1,0,2013-12-27,68,14,1,21,2,3,25,3,3,1,3,7,0,0,0,0,0,0,3,11,0,42,1,1,1,66,0,4459,1,PLATINUM CUSTOMER
9274,1961,3,Married,80950.0,0,0,2013-03-28,44,525,147,112,219,147,63,1,6,7,9,2,0,0,0,1,0,0,3,11,0,65,1,0,0,1213,1,4733,2,MODERATE SPENDER
6609,1966,2,Widow,27038.0,0,0,2012-09-18,64,1,26,25,17,23,15,1,3,0,3,9,0,0,0,0,0,0,3,11,1,60,0,0,0,107,0,4924,1,PLATINUM CUSTOMER
6963,1947,2,Single,77457.0,0,0,2014-03-05,85,675,11,400,15,45,11,1,2,5,10,1,0,0,1,0,0,0,3,11,0,79,0,0,0,1157,1,4391,2,MODERATE SPENDER
4440,1964,3,Married,64100.0,0,1,2013-09-10,93,509,0,27,0,0,10,1,8,3,6,7,0,1,0,0,0,0,3,11,0,62,1,1,1,546,1,4567,0,BUDGET CUSTOMER
1379,1992,3,Together,42670.0,0,0,2013-04-27,12,154,2,46,20,4,15,1,4,2,4,4,0,0,0,0,0,0,3,11,0,34,1,0,0,241,0,4703,1,PLATINUM CUSTOMER
10032,1976,2,Divorced,12571.0,1,0,2014-01-18,86,3,5,14,2,12,17,4,3,1,3,6,0,0,0,0,0,0,3,11,0,50,0,1,1,53,0,4437,1,PLATINUM CUSTOMER
2826,1967,2,Married,22574.0,2,1,2013-10-28,28,25,0,8,2,0,2,2,2,0,3,7,0,0,0,0,0,0,3,11,0,59,1,3,1,37,0,4519,1,PLATINUM CUSTOMER
2437,1989,2,Married,,0,0,2013-06-03,69,861,138,461,60,30,61,1,6,5,12,3,0,1,0,1,0,0,3,11,0,37,1,0,0,1611,2,4666,0,BUDGET CUSTOMER
6320,1976,3,Single,70893.0,0,0,2013-02-06,42,768,44,561,77,44,14,1,6,6,10,3,0,0,0,0,0,0,3,11,0,50,0,0,0,1508,0,4783,2,MODERATE SPENDER
3050,1966,2,Married,54198.0,1,1,2013-12-17,13,185,0,28,3,2,17,6,3,1,6,4,0,0,0,0,0,0,3,11,0,60,1,2,1,235,0,4469,1,PLATINUM CUSTOMER
231,1956,3,Together,28839.0,1,1,2014-03-11,86,24,0,7,0,0,1,2,2,0,3,5,0,0,0,0,0,0,3,11,0,70,1,2,1,32,0,4385,1,PLATINUM CUSTOMER
2392,1972,2,Married,40321.0,1,1,2013-07-29,59,44,4,21,6,0,27,2,3,0,3,7,0,0,0,0,0,0,3,11,0,54,1,2,1,102,0,4610,1,PLATINUM CUSTOMER
9478,1985,2,Single,66503.0,1,0,2012-08-14,30,91,64,128,65,3,50,2,4,3,6,3,0,0,0,0,0,0,3,11,0,41,0,1,1,401,0,4959,0,BUDGET CUSTOMER
113,1951,2,Married,30833.0,1,1,2013-07-16,33,11,0,7,3,1,6,2,1,0,3,5,0,0,0,0,0,0,3,11,0,75,1,2,1,28,0,4623,1,PLATINUM CUSTOMER
2863,1970,2,Single,,1,2,2013-08-23,67,738,20,172,52,50,20,6,2,3,10,7,0,1,0,1,0,0,3,11,0,56,0,3,1,1052,2,4585,0,BUDGET CUSTOMER
1802,1971,2,Married,64795.0,0,1,2013-01-17,23,412,5,119,38,29,77,3,3,3,12,2,0,0,0,0,0,0,3,11,0,55,1,1,1,680,0,4803,0,BUDGET CUSTOMER
520,1974,2,Married,34421.0,1,0,2013-07-01,81,3,3,7,6,2,9,1,1,0,2,7,0,0,0,0,0,0,3,11,0,52,1,1,1,30,0,4638,1,PLATINUM CUSTOMER
8275,1965,4,Divorced,47025.0,1,1,2014-02-09,6,16,0,3,0,0,1,1,1,0,2,7,0,0,0,0,0,0,3,11,0,61,0,2,1,20,0,4415,1,PLATINUM CUSTOMER
9750,1961,4,Divorced,64325.0,0,1,2013-02-07,41,731,60,353,78,12,73,5,10,3,5,7,0,0,0,0,0,0,3,11,0,65,0,1,1,1307,0,4782,0,BUDGET CUSTOMER
2607,1953,2,Single,40464.0,0,1,2013-01-11,78,424,17,118,7,23,41,6,8,2,8,8,0,0,0,0,0,0,3,11,0,73,0,1,1,630,0,4809,0,BUDGET CUSTOMER
7214,1957,2,Married,62187.0,0,0,2013-07-05,49,792,0,275,45,45,126,1,4,8,5,3,0,0,0,0,0,0,3,11,0,69,1,0,0,1283,0,4634,0,BUDGET CUSTOMER
5835,1976,4,Divorced,14849.0,1,0,2013-07-02,39,21,2,28,3,2,9,3,2,0,4,8,0,0,0,0,0,0,3,11,0,50,0,1,1,65,0,4637,1,PLATINUM CUSTOMER
3896,1984,2,Married,27255.0,1,0,2013-11-07,3,22,1,11,0,1,2,1,1,0,3,7,0,0,0,0,0,0,3,11,0,42,1,1,1,37,0,4509,1,PLATINUM CUSTOMER
10350,1950,4,Married,54432.0,2,1,2013-05-09,37,33,0,5,0,0,0,1,1,0,3,4,0,0,0,0,0,0,3,11,0,76,1,3,1,38,0,4691,1,PLATINUM CUSTOMER
7786,1986,4,Single,29999.0,1,0,2013-02-13,22,68,7,59,10,5,11,4,3,1,4,8,0,0,0,0,0,0,3,11,0,40,0,1,1,160,0,4776,1,PLATINUM CUSTOMER
2861,1983,2,Single,24072.0,1,0,2013-04-16,79,9,1,6,3,0,4,1,1,0,2,8,0,0,0,0,0,0,3,11,0,43,0,1,1,23,0,4714,1,PLATINUM CUSTOMER
663,1989,4,Single,33996.0,0,0,2013-09-11,46,40,2,15,8,0,6,1,1,1,3,4,0,0,0,0,0,0,3,11,0,37,0,0,0,71,0,4566,1,PLATINUM CUSTOMER
10675,1956,4,Married,66334.0,0,1,2013-04-03,82,909,11,218,0,0,23,2,9,3,5,5,0,0,0,0,0,0,3,11,1,70,1,1,1,1161,0,4727,0,BUDGET CUSTOMER
2521,1971,3,Married,35178.0,1,0,2013-01-10,10,23,1,13,2,2,18,1,1,1,2,7,1,0,0,0,0,0,3,11,1,55,1,1,1,59,1,4810,1,PLATINUM CUSTOMER
9592,1983,2,Together,22010.0,1,0,2013-06-30,51,11,2,9,3,0,8,2,2,0,3,8,0,0,0,0,0,0,3,11,0,43,1,1,1,33,0,4639,1,PLATINUM CUSTOMER
10151,1960,2,Divorced,62204.0,0,2,2012-09-12,38,317,46,247,151,46,139,1,4,5,12,3,0,0,0,0,0,0,3,11,0,66,0,2,1,946,0,4930,0,BUDGET CUSTOMER
7381,1968,2,Divorced,75693.0,0,0,2012-12-06,10,797,153,293,72,97,30,1,11,4,6,4,0,1,1,1,0,0,3,11,1,58,0,0,0,1442,3,4845,2,MODERATE SPENDER
4099,1972,2,Married,30675.0,1,0,2012-11-12,14,10,2,16,11,2,21,1,1,0,3,8,0,0,0,0,0,0,3,11,0,54,1,1,1,62,0,4869,1,PLATINUM CUSTOMER
9560,1965,2,Together,83003.0,0,0,2013-03-03,18,856,61,570,40,25,122,1,7,6,8,3,0,0,1,0,0,0,3,11,1,61,1,0,0,1674,1,4758,2,MODERATE SPENDER
1150,1899,4,Together,83532.0,0,0,2013-09-26,36,755,144,562,104,64,224,1,4,6,4,1,0,0,1,0,0,0,3,11,0,127,1,0,0,1853,1,4551,2,MODERATE SPENDER
10172,1988,2,Single,68655.0,0,0,2012-08-10,95,456,19,832,75,118,38,1,4,5,11,3,0,0,0,0,0,0,3,11,0,38,0,0,0,1538,0,4963,2,MODERATE SPENDER
11191,1986,2,Divorced,41411.0,0,0,2013-12-07,11,37,32,38,11,3,18,1,2,1,4,6,0,0,0,0,0,0,3,11,0,40,0,0,0,139,0,4479,1,PLATINUM CUSTOMER
9707,1969,4,Married,55212.0,0,1,2012-11-23,65,1103,0,45,0,0,34,3,4,2,11,8,0,1,0,0,1,0,3,11,0,57,1,1,1,1182,2,4858,0,BUDGET CUSTOMER
6245,1950,4,Together,59292.0,0,1,2013-06-13,71,378,14,68,19,14,14,2,3,5,8,3,0,0,0,0,0,0,3,11,0,76,1,1,1,507,0,4656,0,BUDGET CUSTOMER
8234,1973,0,Together,27190.0,1,0,2013-08-15,13,1,6,7,0,1,3,1,1,0,2,8,1,0,0,0,0,0,3,11,1,53,1,1,1,18,1,4593,1,PLATINUM CUSTOMER
1411,1952,2,Divorced,82623.0,0,0,2013-11-10,58,204,34,204,172,153,173,1,2,9,4,1,0,0,0,0,0,0,3,11,0,74,0,0,0,940,0,4506,2,MODERATE SPENDER
8553,1965,2,Married,44300.0,1,1,2013-06-23,65,30,0,9,0,0,3,2,1,0,3,6,0,0,0,0,0,0,3,11,0,61,1,2,1,42,0,4646,1,PLATINUM CUSTOMER
1826,1970,2,Divorced,84835.0,0,0,2014-06-16,0,189,104,379,111,189,218,1,4,4,6,1,0,0,0,0,0,0,3,11,1,56,0,0,0,1190,0,4288,2,MODERATE SPENDER
8842,1971,2,Widow,30372.0,1,1,2012-12-25,33,15,0,12,7,3,7,3,2,0,3,7,0,0,0,0,0,0,3,11,0,55,0,2,1,44,0,4826,1,PLATINUM CUSTOMER
11030,1976,3,Married,33181.0,1,0,2014-01-03,90,9,0,3,0,0,4,1,1,0,2,6,1,0,0,0,0,0,3,11,0,50,1,1,1,16,1,4452,1,PLATINUM CUSTOMER
2579,1957,2,Married,71113.0,0,1,2013-12-17,95,495,33,255,11,33,8,4,6,7,9,4,0,0,0,0,0,0,3,11,0,69,1,1,1,835,0,4469,0,BUDGET CUSTOMER
175,1986,2,Married,71952.0,1,0,2013-01-10,93,656,80,455,52,107,93,2,8,4,8,4,1,0,1,0,0,0,3,11,0,40,1,1,1,1443,2,4810,2,MODERATE SPENDER
9185,1966,4,Single,69759.0,0,0,2013-10-28,38,452,20,514,13,30,0,3,4,6,5,3,0,0,0,0,0,0,3,11,1,60,0,0,0,1029,0,4519,2,MODERATE SPENDER
11056,1974,2,Married,72099.0,0,0,2012-10-27,18,546,91,410,119,0,22,1,3,4,10,1,0,0,0,0,0,0,3,11,0,52,1,0,0,1188,0,4885,2,MODERATE SPENDER
9365,1976,4,Single,60000.0,0,1,2012-12-22,57,1048,0,217,0,0,12,5,11,3,5,6,0,0,0,0,0,0,3,11,0,50,0,1,1,1277,0,4829,0,BUDGET CUSTOMER
6201,1978,2,Single,38643.0,1,1,2013-11-29,45,22,2,14,0,1,10,2,2,0,3,7,0,0,0,0,0,1,3,11,0,48,0,2,1,49,0,4487,1,PLATINUM CUSTOMER
2061,1955,2,Married,50737.0,0,1,2013-05-11,61,78,0,11,0,0,10,1,2,0,4,6,0,1,0,0,0,0,3,11,0,71,1,1,1,99,1,4689,1,PLATINUM CUSTOMER
6184,1969,4,Married,68462.0,0,0,2012-12-12,6,561,64,785,84,128,48,1,3,3,8,1,0,0,0,0,0,0,3,11,0,57,1,0,0,1670,0,4839,2,MODERATE SPENDER
6142,1943,3,Married,65073.0,0,0,2013-08-20,65,629,17,177,69,0,8,1,5,3,5,2,0,0,0,0,0,1,3,11,0,83,1,0,0,900,0,4588,0,BUDGET CUSTOMER
4107,1948,4,Together,46681.0,0,2,2013-10-08,52,269,15,69,15,19,38,2,4,6,4,5,0,0,0,0,0,0,3,11,0,78,1,2,1,425,0,4539,0,BUDGET CUSTOMER
7274,1957,2,Married,78618.0,0,0,2012-09-28,87,736,163,818,212,163,61,1,4,7,10,2,0,1,0,0,0,0,3,11,0,69,1,0,0,2153,1,4914,2,MODERATE SPENDER
9336,1969,4,Widow,62187.0,0,1,2014-03-22,38,512,0,83,0,0,41,3,6,2,10,4,0,0,0,0,0,0,3,11,0,57,0,1,1,636,0,4374,0,BUDGET CUSTOMER
2958,1978,2,Married,28442.0,2,0,2014-02-24,53,19,3,10,11,8,6,3,2,1,4,4,0,0,0,0,0,0,3,11,0,48,1,2,1,57,0,4400,1,PLATINUM CUSTOMER
933,1978,4,Married,37717.0,1,0,2012-11-23,31,9,0,6,4,1,5,1,1,0,2,9,0,0,0,0,0,0,3,11,0,48,1,1,1,25,0,4858,1,PLATINUM CUSTOMER
5837,1967,2,Married,51479.0,1,1,2012-12-28,67,247,8,160,6,8,65,7,6,3,6,7,0,0,0,0,0,0,3,11,0,59,1,2,1,494,0,4823,0,BUDGET CUSTOMER
10704,1969,2,Single,54803.0,0,1,2012-08-21,65,404,0,92,28,27,142,2,6,2,9,4,0,0,0,0,0,0,3,11,0,57,0,1,1,693,0,4952,0,BUDGET CUSTOMER
5125,1960,2,Married,79530.0,0,0,2013-05-17,64,333,0,815,129,42,29,1,4,10,11,2,0,0,0,0,0,0,3,11,0,66,1,0,0,1348,0,4683,2,MODERATE SPENDER
4432,1976,2,Divorced,31615.0,1,0,2013-03-16,82,2,3,20,6,11,9,2,2,0,3,7,0,0,0,0,0,0,3,11,0,50,0,1,1,51,0,4745,1,PLATINUM CUSTOMER
5955,1962,2,Together,72025.0,0,0,2012-11-17,27,833,33,549,151,133,233,1,4,3,8,3,0,0,0,0,0,0,3,11,0,64,1,0,0,1932,0,4864,2,MODERATE SPENDER
2928,1975,4,Single,52614.0,0,1,2012-12-01,63,789,0,142,12,9,38,2,2,4,8,8,0,0,0,0,0,0,3,11,0,51,0,1,1,990,0,4850,0,BUDGET CUSTOMER
5680,1984,1,Married,35684.0,1,0,2014-04-22,66,10,4,7,0,6,3,1,1,0,3,6,0,0,0,0,0,0,3,11,0,42,1,1,1,30,0,4343,1,PLATINUM CUSTOMER
10313,1975,2,Married,48178.0,1,1,2012-10-28,69,159,4,45,6,2,38,6,5,1,4,8,0,0,0,0,0,0,3,11,0,51,1,2,1,254,0,4884,1,PLATINUM CUSTOMER
2557,1970,3,Single,29548.0,1,0,2013-08-29,52,7,1,6,3,1,11,1,1,1,2,4,1,0,0,0,0,0,3,11,0,56,0,1,1,29,1,4579,1,PLATINUM CUSTOMER
1245,1966,2,Single,63810.0,0,1,2012-11-11,45,977,12,253,16,12,101,4,4,3,12,8,0,1,0,0,0,0,3,11,0,60,0,1,1,1371,1,4870,0,BUDGET CUSTOMER
1519,1972,4,Single,38578.0,1,1,2013-06-22,2,38,4,22,3,3,3,3,3,0,3,8,0,0,0,0,0,0,3,11,1,54,0,2,1,73,0,4647,1,PLATINUM CUSTOMER
10703,1975,3,Single,46098.0,1,1,2012-08-18,86,57,0,27,0,0,36,4,3,2,2,8,0,0,0,0,0,0,3,11,0,51,0,2,1,120,0,4955,1,PLATINUM CUSTOMER
1726,1970,2,Single,22585.0,0,0,2013-03-18,23,3,9,15,13,2,39,1,1,1,2,9,1,0,0,0,0,0,3,11,1,56,0,0,0,81,1,4743,1,PLATINUM CUSTOMER
4459,1989,2,Single,30279.0,1,0,2012-12-30,13,10,4,14,4,4,1,1,1,0,3,8,0,0,0,0,0,0,3,11,0,37,0,1,1,37,0,4821,1,PLATINUM CUSTOMER
1729,1961,4,Together,66426.0,0,1,2013-10-02,14,1043,24,97,32,24,157,2,3,5,10,6,0,0,0,0,0,0,3,11,0,65,1,1,1,1377,0,4545,0,BUDGET CUSTOMER
1517,1969,2,Single,30822.0,1,0,2013-06-14,92,3,9,13,2,12,12,1,1,0,3,7,0,0,0,0,0,0,3,11,0,57,0,1,1,51,0,4655,1,PLATINUM CUSTOMER
2098,1969,4,Married,33581.0,2,0,2013-01-08,38,11,0,5,0,0,1,1,1,0,2,8,0,0,0,0,0,0,3,11,0,57,1,2,1,17,0,4812,1,PLATINUM CUSTOMER
9543,1985,2,Married,19986.0,1,0,2013-11-14,74,3,6,5,0,2,6,1,0,0,3,7,0,0,0,0,0,0,3,11,0,41,1,1,1,22,0,4502,1,PLATINUM CUSTOMER
6878,1954,2,Widow,27421.0,0,0,2012-12-12,14,43,12,96,78,40,55,3,4,1,6,7,0,0,0,0,0,0,3,11,0,72,0,0,0,324,0,4839,0,BUDGET CUSTOMER
3310,1973,1,Married,35688.0,2,1,2012-08-22,94,73,3,90,12,1,32,7,4,1,4,8,0,0,0,0,0,0,3,11,0,53,1,3,1,211,0,4951,1,PLATINUM CUSTOMER
2724,1981,3,Single,36143.0,1,0,2014-03-30,33,12,0,1,0,0,6,1,0,1,2,3,0,0,0,0,0,0,3,11,0,45,0,1,1,19,0,4366,1,PLATINUM CUSTOMER
948,1971,2,Single,10245.0,1,0,2013-05-15,32,4,7,7,6,4,13,3,1,2,2,5,0,0,0,0,0,0,3,11,0,55,0,1,1,41,0,4685,1,PLATINUM CUSTOMER
6720,1968,3,Together,43795.0,0,1,2013-10-16,11,314,11,53,4,3,107,3,7,3,4,7,0,1,0,0,0,0,3,11,1,58,1,1,1,492,1,4531,0,BUDGET CUSTOMER
6202,1960,2,Together,63381.0,0,1,2012-10-05,78,571,50,142,33,50,159,4,4,5,13,2,0,0,0,0,0,0,3,11,0,66,1,1,1,1005,0,4907,0,BUDGET CUSTOMER
2066,1949,2,Together,38823.0,0,1,2012-08-30,56,70,0,11,2,8,23,1,2,1,3,6,0,0,0,0,0,0,3,11,0,77,1,1,1,114,0,4943,1,PLATINUM CUSTOMER
9799,1968,4,Divorced,83664.0,1,1,2013-05-08,57,866,21,151,28,21,86,3,2,2,12,5,0,0,0,0,0,0,3,11,0,58,0,2,1,1173,0,4692,0,BUDGET CUSTOMER
8318,1979,2,Together,90300.0,0,0,2014-01-03,7,594,134,786,33,134,57,0,5,6,8,1,0,0,1,0,0,0,3,11,0,47,1,0,0,1738,1,4452,2,MODERATE SPENDER
5642,1979,3,Together,62499.0,1,0,2013-12-09,0,140,4,61,0,13,4,2,3,1,6,4,0,0,0,0,0,0,3,11,0,47,1,1,1,222,0,4477,1,PLATINUM CUSTOMER
2669,1993,2,Single,74293.0,0,0,2014-05-04,66,375,152,335,93,91,81,1,5,4,6,2,0,0,0,0,0,0,3,11,0,33,0,0,0,1127,0,4331,2,MODERATE SPENDER
455,1946,4,Married,51012.0,0,0,2013-04-18,86,102,9,63,2,9,24,1,4,1,4,6,0,0,0,0,0,0,3,11,0,80,1,0,0,209,0,4712,1,PLATINUM CUSTOMER
7683,1968,3,Married,70777.0,0,1,2014-02-25,80,554,35,113,0,7,78,3,5,3,12,3,0,0,0,0,0,0,3,11,0,58,1,1,1,787,0,4399,0,BUDGET CUSTOMER
3428,1991,4,Together,68682.0,0,0,2013-10-06,56,919,0,505,99,30,45,1,4,9,10,2,0,0,0,0,0,0,3,11,0,35,1,0,0,1598,0,4541,2,MODERATE SPENDER
7414,1971,2,Married,43824.0,1,1,2012-09-15,18,96,1,42,12,3,32,4,3,1,4,8,0,0,0,0,0,0,3,11,0,55,1,2,1,186,0,4927,1,PLATINUM CUSTOMER
6354,1984,2,Together,15345.0,1,0,2012-08-31,51,5,2,16,3,2,19,2,1,1,2,8,0,0,0,0,0,0,3,11,1,42,1,1,1,47,0,4942,1,PLATINUM CUSTOMER
798,1987,2,Single,23442.0,1,0,2012-12-24,71,2,0,6,8,6,5,1,1,0,3,7,0,0,0,0,0,0,3,11,0,39,0,1,1,27,0,4827,1,PLATINUM CUSTOMER
8213,1980,1,Together,14515.0,1,0,2012-11-09,71,6,4,9,6,36,35,4,2,2,3,7,0,0,0,0,0,0,3,11,1,46,1,1,1,96,0,4872,1,PLATINUM CUSTOMER
2488,1956,1,Divorced,31395.0,1,1,2013-03-23,80,23,1,25,0,8,7,4,2,1,3,6,0,0,0,0,0,0,3,11,0,70,0,2,1,64,0,4738,1,PLATINUM CUSTOMER
9999,1965,2,Together,75276.0,0,0,2012-09-27,2,610,105,125,137,42,21,1,9,4,9,5,0,0,0,0,0,0,3,11,0,61,1,0,0,1040,0,4915,0,BUDGET CUSTOMER
7617,1974,2,Single,42373.0,1,1,2013-08-15,83,67,5,61,3,8,19,5,2,1,5,5,0,0,0,0,0,0,3,11,0,52,0,2,1,163,0,4593,1,PLATINUM CUSTOMER
615,1960,2,Together,30507.0,0,0,2013-03-11,29,65,36,74,38,20,110,1,5,1,4,7,0,0,0,0,0,0,3,11,0,66,1,0,0,343,0,4750,0,BUDGET CUSTOMER
2552,1955,4,Single,55521.0,1,2,2013-10-22,11,416,0,26,0,0,4,9,6,3,6,7,0,1,0,0,0,0,3,11,1,71,0,3,1,446,1,4525,0,BUDGET CUSTOMER
194,1965,2,Married,48006.0,1,1,2014-06-09,55,23,0,11,3,2,2,1,1,0,3,6,0,0,0,0,0,0,3,11,0,61,1,2,1,41,0,4295,1,PLATINUM CUSTOMER
3645,1972,4,Single,27213.0,1,0,2012-08-30,19,19,3,26,10,9,3,3,2,0,4,8,0,0,0,0,0,0,3,11,1,54,0,1,1,70,0,4943,1,PLATINUM CUSTOMER
8890,1971,4,Divorced,65808.0,1,1,2014-05-30,1,155,7,80,13,7,10,3,5,1,5,6,0,0,0,0,0,0,3,11,0,55,0,2,1,272,0,4305,0,BUDGET CUSTOMER
5049,1974,4,Together,30351.0,1,0,2013-06-06,19,14,0,24,3,3,2,1,3,0,2,9,0,0,0,0,0,0,3,11,0,52,1,1,1,46,0,4663,1,PLATINUM CUSTOMER
9973,1963,2,Married,50437.0,0,2,2012-10-17,28,370,9,92,6,9,4,3,7,1,8,7,0,0,0,0,0,0,3,11,0,63,1,2,1,490,0,4895,0,BUDGET CUSTOMER
7301,1982,1,Single,23616.0,1,0,2012-11-17,76,4,22,11,3,7,32,2,3,0,3,8,0,0,0,0,0,0,3,11,1,44,0,1,1,79,0,4864,1,PLATINUM CUSTOMER
10882,1976,2,Married,53858.0,0,1,2012-11-09,50,407,53,221,58,150,26,4,4,3,6,4,0,0,0,0,0,0,3,11,0,50,1,1,1,915,0,4872,0,BUDGET CUSTOMER
7030,1955,4,Married,66465.0,0,1,2013-03-30,1,1200,0,204,38,29,14,3,11,9,12,6,0,0,0,1,0,0,3,11,0,71,1,1,1,1485,1,4731,0,BUDGET CUSTOMER
7422,1987,2,Single,46923.0,1,0,2012-08-22,90,85,44,54,102,78,6,3,5,1,7,7,0,0,0,0,0,0,3,11,0,39,0,1,1,369,0,4951,0,BUDGET CUSTOMER
3523,1962,2,Together,75072.0,0,1,2013-01-23,83,583,34,309,0,22,125,2,5,4,8,3,0,0,0,0,0,0,3,11,0,64,1,1,1,1073,0,4797,0,BUDGET CUSTOMER
7106,1943,4,Married,75865.0,0,0,2014-03-31,73,483,0,591,156,0,12,1,3,5,10,1,0,0,0,0,0,0,3,11,0,83,1,0,0,1242,0,4365,2,MODERATE SPENDER
6504,1975,1,Together,19789.0,1,0,2013-11-20,24,2,5,9,28,6,28,3,2,1,3,5,1,0,0,0,0,0,3,11,0,51,1,1,1,78,1,4496,1,PLATINUM CUSTOMER
5067,1994,2,Together,80134.0,0,0,2014-02-14,11,966,26,282,52,26,26,1,2,7,11,5,0,1,1,1,1,0,3,11,0,32,1,0,0,1378,4,4410,2,MODERATE SPENDER
4216,1981,2,Single,91065.0,0,0,2013-02-22,33,822,114,108,179,137,114,1,7,9,9,3,0,0,1,1,0,0,3,11,1,45,0,0,0,1474,2,4767,2,MODERATE SPENDER
8581,1971,3,Married,49505.0,1,1,2013-03-05,4,604,0,100,19,0,28,9,10,2,8,8,0,0,0,0,0,0,3,11,0,55,1,2,1,751,0,4756,0,BUDGET CUSTOMER
5929,1973,4,Married,37401.0,1,0,2014-05-06,14,19,3,19,3,1,3,2,2,0,3,7,0,0,0,0,0,0,3,11,0,53,1,1,1,48,0,4329,1,PLATINUM CUSTOMER
3129,1983,2,Married,30096.0,1,0,2014-05-22,30,5,3,11,12,5,9,1,2,0,3,6,0,0,0,0,0,0,3,11,0,43,1,1,1,45,0,4313,1,PLATINUM CUSTOMER
6528,1982,3,Together,18492.0,1,0,2014-06-05,75,2,2,2,2,1,1,1,1,0,2,8,0,0,0,0,0,0,3,11,0,44,1,1,1,10,0,4299,1,PLATINUM CUSTOMER
1361,1974,3,Married,82584.0,0,0,2013-06-04,26,1076,68,103,29,91,68,1,3,4,8,1,0,1,1,0,0,0,3,11,1,52,1,0,0,1435,2,4665,0,BUDGET CUSTOMER
6932,1941,4,Married,93027.0,0,0,2013-04-13,77,1285,42,716,55,0,21,0,7,10,5,2,0,0,1,0,0,0,3,11,0,85,1,0,0,2119,1,4717,2,MODERATE SPENDER
7284,1953,2,Married,48686.0,1,2,2013-12-04,8,10,0,7,2,0,1,1,1,0,2,8,0,0,0,0,0,0,3,11,0,73,1,3,1,20,0,4482,1,PLATINUM CUSTOMER
1340,1986,2,Married,92910.0,0,0,2014-04-24,42,551,137,792,179,103,33,1,6,7,13,1,0,1,1,1,0,0,3,11,0,40,1,0,0,1795,3,4341,2,MODERATE SPENDER
8746,1989,2,Married,75433.0,1,0,2014-04-05,28,800,0,297,0,34,57,2,2,5,10,6,0,1,0,1,0,0,3,11,0,37,1,1,1,1188,2,4360,0,BUDGET CUSTOMER
5987,1989,1,Together,10404.0,1,0,2014-05-04,52,2,2,11,10,6,12,2,1,0,4,5,0,0,0,0,0,0,3,11,0,37,1,1,1,43,0,4331,1,PLATINUM CUSTOMER
3767,1968,2,Married,61314.0,0,1,2013-04-25,1,378,0,189,97,172,172,2,5,5,12,3,0,0,0,0,0,0,3,11,0,58,1,1,1,1008,0,4705,0,BUDGET CUSTOMER
3725,1961,4,Single,84865.0,0,0,2013-05-09,1,1248,16,349,43,16,16,1,2,4,9,4,0,1,1,1,1,0,3,11,1,65,0,0,0,1688,4,4691,0,BUDGET CUSTOMER
4324,1989,2,Married,42387.0,1,0,2012-10-29,42,235,0,235,19,4,191,5,8,1,7,8,0,0,0,0,0,0,3,11,0,37,1,1,1,684,0,4883,0,BUDGET CUSTOMER
238,1967,1,Together,67309.0,1,1,2013-01-23,76,515,47,181,149,95,95,15,9,6,9,7,0,0,0,0,0,0,3,11,0,59,1,2,1,1082,0,4797,0,BUDGET CUSTOMER
6694,1964,2,Married,75236.0,0,1,2013-11-25,27,438,66,400,12,38,114,1,8,3,13,4,0,0,0,0,0,0,3,11,0,62,1,1,1,1068,0,4491,2,MODERATE SPENDER
498,1970,2,Single,30015.0,1,0,2014-02-02,28,25,0,22,2,3,5,2,1,0,4,5,0,0,0,0,0,0,3,11,0,56,0,1,1,57,0,4422,1,PLATINUM CUSTOMER
9347,1956,3,Together,50943.0,0,1,2013-06-21,49,31,0,7,2,0,6,1,1,0,3,5,0,0,0,0,0,0,3,11,0,70,1,1,1,46,0,4648,1,PLATINUM CUSTOMER
9699,1966,2,Divorced,67272.0,0,1,2013-12-21,12,357,35,271,28,28,14,3,6,2,12,5,0,0,0,0,0,0,3,11,0,60,0,1,1,733,0,4465,0,BUDGET CUSTOMER
10664,1949,3,Widow,51529.0,0,1,2013-09-07,14,400,4,35,6,0,22,2,9,1,5,8,0,0,0,0,0,0,3,11,0,77,0,1,1,467,0,4570,0,BUDGET CUSTOMER
5455,1971,4,Married,32011.0,1,0,2013-08-22,89,99,0,15,2,1,5,3,2,1,4,7,0,0,0,0,0,0,3,11,0,55,1,1,1,122,0,4586,1,PLATINUM CUSTOMER
456,1986,1,Married,7500.0,1,0,2013-02-07,96,1,11,5,4,6,9,2,2,0,3,8,0,0,0,0,0,0,3,11,0,40,1,1,1,36,0,4782,1,PLATINUM CUSTOMER
5012,1989,2,Married,28691.0,1,0,2013-07-04,56,5,4,13,8,0,4,1,1,0,3,8,0,0,0,0,0,0,3,11,0,37,1,1,1,34,0,4635,1,PLATINUM CUSTOMER
7495,1948,4,Married,56223.0,0,1,2013-12-20,72,77,28,31,16,0,4,2,2,1,5,4,0,0,0,0,0,0,3,11,0,78,1,1,1,156,0,4466,1,PLATINUM CUSTOMER
5029,1946,2,Married,18100.0,0,0,2013-08-06,14,3,1,2,4,3,1,1,0,0,3,5,0,0,0,0,0,0,3,11,0,80,1,0,0,14,0,4602,1,PLATINUM CUSTOMER
10642,1989,2,Single,30279.0,1,0,2012-12-30,13,10,4,14,4,4,1,1,1,0,3,8,0,0,0,0,0,0,3,11,0,37,0,1,1,37,0,4821,1,PLATINUM CUSTOMER
2106,1974,1,Married,20130.0,0,0,2014-03-17,99,0,6,3,7,6,12,1,1,0,3,8,0,0,0,0,0,0,3,11,0,52,1,0,0,34,0,4379,1,PLATINUM CUSTOMER
10364,1959,2,Divorced,23295.0,0,0,2013-07-13,72,0,0,1,2,12,5,1,1,0,2,8,0,0,0,0,0,0,3,11,0,67,0,0,0,20,0,4626,1,PLATINUM CUSTOMER
5954,1972,3,Divorced,42618.0,1,0,2013-10-09,92,76,14,74,13,5,10,2,5,0,4,8,0,0,0,0,0,0,3,11,0,54,0,1,1,192,0,4538,1,PLATINUM CUSTOMER
1137,1964,2,Single,81246.0,0,0,2013-12-29,87,398,190,537,61,156,37,1,4,5,7,1,1,0,0,1,0,0,3,11,0,62,0,0,0,1379,2,4457,2,MODERATE SPENDER
2541,1976,2,Married,24027.0,1,0,2013-06-09,7,14,7,11,11,0,5,2,2,0,3,8,0,0,0,0,0,0,3,11,0,50,1,1,1,48,0,4660,1,PLATINUM CUSTOMER
1142,1953,4,Married,55707.0,0,1,2013-12-22,91,208,7,82,30,66,35,2,3,2,9,3,0,0,0,0,0,0,3,11,0,73,1,1,1,428,0,4464,0,BUDGET CUSTOMER
2276,1955,2,Single,57959.0,0,1,2013-05-02,71,430,16,322,43,24,33,5,4,7,11,3,0,0,0,0,0,0,3,11,0,71,0,1,1,868,0,4698,0,BUDGET CUSTOMER
2807,1969,2,Married,56796.0,0,1,2013-02-16,24,656,38,161,62,47,37,3,8,9,7,7,0,0,0,0,0,0,3,11,0,57,1,1,1,1001,0,4773,0,BUDGET CUSTOMER
6471,1971,3,Single,36230.0,1,0,2013-10-17,17,14,2,30,8,2,3,1,2,0,4,5,0,0,0,0,0,0,3,11,0,55,0,1,1,59,0,4530,1,PLATINUM CUSTOMER
6131,1980,1,Married,70829.0,1,1,2013-12-01,87,141,70,106,72,19,23,2,4,2,8,3,0,0,0,0,0,0,3,11,0,46,1,2,1,431,0,4485,0,BUDGET CUSTOMER
6233,1976,2,Married,65991.0,0,1,2012-09-07,21,507,19,364,25,47,9,3,9,5,10,7,0,0,0,0,0,0,3,11,0,50,1,1,1,971,0,4935,0,BUDGET CUSTOMER
4148,1972,2,Married,38988.0,1,2,2012-08-20,90,164,24,103,12,3,42,7,5,1,6,8,0,0,0,0,0,0,3,11,0,54,1,3,1,348,0,4953,0,BUDGET CUSTOMER
4947,1966,1,Single,89572.0,0,0,2012-09-15,44,606,24,974,197,194,64,1,7,7,9,4,0,1,0,1,0,0,3,11,1,60,0,0,0,2059,2,4927,2,MODERATE SPENDER
3225,1984,3,Married,42207.0,1,0,2013-04-01,71,116,11,72,3,17,46,4,4,1,5,6,1,0,0,0,0,0,3,11,1,42,1,1,1,265,1,4729,0,BUDGET CUSTOMER
7540,1952,2,Married,50300.0,0,1,2014-05-25,52,143,15,60,24,23,5,2,2,1,8,2,0,0,0,0,0,0,3,11,0,74,1,1,1,270,0,4310,0,BUDGET CUSTOMER
10648,1982,1,Together,66664.0,0,0,2012-09-25,78,398,96,447,220,96,32,1,5,7,6,3,0,0,0,0,0,0,3,11,0,44,1,0,0,1289,0,4917,2,MODERATE SPENDER
1992,1964,2,Married,60597.0,0,1,2014-01-01,2,522,0,257,32,16,66,4,2,2,8,7,0,0,0,1,0,0,3,11,1,62,1,1,1,893,1,4454,0,BUDGET CUSTOMER
7851,1949,2,Widow,70165.0,0,0,2013-09-22,60,161,0,253,199,191,122,1,3,7,11,1,0,0,0,0,0,0,3,11,0,77,0,0,0,926,0,4555,2,MODERATE SPENDER
8594,1958,4,Widow,50520.0,0,1,2014-01-28,25,112,0,6,2,1,14,2,3,1,3,6,0,0,0,0,0,0,3,11,0,68,0,1,1,135,0,4427,1,PLATINUM CUSTOMER
7059,1963,2,Married,80124.0,0,0,2014-06-26,47,483,84,398,205,84,241,1,3,7,8,1,1,0,0,0,0,0,3,11,0,63,1,0,0,1495,1,4278,2,MODERATE SPENDER
2815,1975,2,Married,33183.0,1,0,2014-02-24,46,7,5,39,17,15,37,2,4,0,3,7,0,0,0,0,0,0,3,11,0,51,1,1,1,120,0,4400,1,PLATINUM CUSTOMER
2416,1969,4,Single,66582.0,0,0,2014-03-03,83,789,25,420,16,38,0,1,2,8,9,1,0,0,0,0,0,0,3,11,0,57,0,0,0,1288,0,4393,0,BUDGET CUSTOMER
7999,1955,4,Together,75261.0,0,0,2013-04-23,17,1239,17,413,23,34,17,1,5,6,5,2,0,1,1,0,0,0,3,11,1,71,1,0,0,1743,2,4707,0,BUDGET CUSTOMER
9213,1970,2,Widow,31880.0,1,0,2012-10-31,13,4,1,5,2,0,3,1,1,0,2,8,0,0,0,0,0,0,3,11,0,56,0,1,1,15,0,4881,1,PLATINUM CUSTOMER
9697,1951,2,Married,53790.0,0,2,2014-03-06,86,335,42,127,28,5,5,3,7,2,8,6,0,0,0,0,0,0,3,11,0,75,1,2,1,542,0,4390,0,BUDGET CUSTOMER
3916,1971,4,Together,49269.0,1,0,2012-08-15,92,639,8,166,11,8,58,3,7,3,12,7,0,0,0,0,0,0,3,11,0,55,1,1,1,890,0,4958,0,BUDGET CUSTOMER
2021,1975,2,Married,61456.0,0,1,2013-03-27,47,563,76,384,84,192,89,4,6,10,13,4,0,0,0,0,0,0,3,11,0,51,1,1,1,1388,0,4734,2,MODERATE SPENDER
1581,1980,2,Married,37406.0,1,0,2013-10-10,18,2,0,8,2,2,3,1,1,0,2,8,0,0,0,0,0,0,3,11,1,46,1,1,1,17,0,4537,1,PLATINUM CUSTOMER
564,1981,4,Together,56937.0,1,0,2012-08-04,81,746,8,125,11,8,8,7,8,6,9,6,0,1,0,0,0,0,3,11,1,45,1,1,1,906,1,4969,0,BUDGET CUSTOMER
6619,1978,2,Married,38415.0,1,1,2013-01-02,91,22,1,13,4,0,4,2,1,0,3,7,0,0,0,0,0,0,3,11,0,48,1,2,1,44,0,4818,1,PLATINUM CUSTOMER
9081,1988,2,Single,20518.0,1,0,2014-05-18,58,4,1,6,4,1,9,1,1,1,2,5,0,0,0,0,0,0,3,11,0,38,0,1,1,25,0,4317,1,PLATINUM CUSTOMER
178,1956,2,Married,62503.0,0,1,2013-02-18,40,478,0,193,110,75,117,4,8,3,11,5,0,0,0,0,0,0,3,11,0,70,1,1,1,973,0,4771,0,BUDGET CUSTOMER
916,1972,4,Single,41644.0,1,1,2014-05-09,67,20,3,4,2,0,2,2,1,0,3,3,0,0,0,0,0,0,3,11,0,54,0,2,1,31,0,4326,1,PLATINUM CUSTOMER
5512,1977,3,Married,55842.0,0,1,2014-05-23,19,451,0,39,0,4,24,1,7,1,8,5,0,0,0,0,0,0,3,11,0,49,1,1,1,518,0,4312,0,BUDGET CUSTOMER
8970,1972,4,Married,62010.0,0,1,2012-10-23,93,371,22,39,6,0,92,4,6,2,7,5,0,0,0,0,0,0,3,11,0,54,1,1,1,530,0,4889,0,BUDGET CUSTOMER
10581,1977,2,Married,41124.0,1,0,2012-10-31,41,281,7,84,15,0,119,7,7,3,4,8,0,0,0,0,0,0,3,11,0,49,1,1,1,506,0,4881,0,BUDGET CUSTOMER
5300,1973,3,Married,38961.0,1,0,2013-12-30,60,19,7,19,0,1,24,1,2,1,2,7,0,0,0,0,0,0,3,11,0,53,1,1,1,70,0,4456,1,PLATINUM CUSTOMER
5154,1972,3,Divorced,37760.0,1,0,2013-08-11,54,26,3,13,2,10,0,1,2,0,3,6,0,0,0,0,0,0,3,11,0,54,0,1,1,54,0,4597,1,PLATINUM CUSTOMER
8346,1974,2,Single,32233.0,1,0,2012-08-19,26,138,15,35,25,11,72,2,6,2,2,9,1,0,0,0,0,0,3,11,1,52,0,1,1,296,1,4954,0,BUDGET CUSTOMER
1676,1975,2,Married,43057.0,0,1,2013-10-30,30,213,2,44,0,2,5,4,4,2,5,5,0,0,0,0,0,0,3,11,0,51,1,1,1,266,0,4517,0,BUDGET CUSTOMER
9286,1960,3,Together,83151.0,0,0,2012-10-10,93,407,28,100,120,74,18,1,5,9,4,3,0,0,0,0,0,0,3,11,0,66,1,0,0,747,0,4902,0,BUDGET CUSTOMER
2426,1964,4,Divorced,78825.0,0,0,2012-09-14,35,483,74,114,169,37,18,1,5,10,13,3,0,0,0,0,0,0,3,11,1,62,0,0,0,895,0,4928,0,BUDGET CUSTOMER
5172,1976,3,Together,65104.0,0,1,2013-11-14,4,738,0,232,13,20,50,2,3,5,7,7,0,0,0,0,0,0,3,11,0,50,1,1,1,1053,0,4502,0,BUDGET CUSTOMER
5562,1974,2,Married,60093.0,0,1,2013-06-26,92,502,12,109,16,6,90,2,7,2,10,6,0,0,0,0,0,0,3,11,0,52,1,1,1,735,0,4643,0,BUDGET CUSTOMER
3436,1969,2,Married,14045.0,1,0,2014-01-26,24,11,0,5,2,1,1,1,1,0,3,7,0,0,0,0,0,0,3,11,0,57,1,1,1,20,0,4429,1,PLATINUM CUSTOMER
3921,1952,1,Widow,28457.0,0,0,2012-10-28,96,24,1,108,29,29,14,1,4,1,4,8,0,0,0,0,0,0,3,11,0,74,0,0,0,205,0,4884,1,PLATINUM CUSTOMER
3403,1958,4,Together,78952.0,0,1,2012-09-24,11,1170,19,594,99,76,134,2,2,5,12,6,0,0,0,0,0,0,3,11,0,68,1,1,1,2092,0,4918,2,MODERATE SPENDER
22,1976,2,Divorced,46310.0,1,0,2012-12-03,99,185,2,88,15,5,14,2,6,1,5,8,0,0,0,0,0,0,3,11,0,50,0,1,1,309,0,4848,0,BUDGET CUSTOMER
10965,1955,2,Together,76005.0,0,0,2013-02-22,72,983,20,389,240,50,40,1,3,5,13,6,0,0,0,1,0,0,3,11,0,71,1,0,0,1722,1,4767,2,MODERATE SPENDER
9426,1964,3,Single,58308.0,0,1,2013-01-12,77,691,0,69,10,0,130,4,2,6,3,8,0,0,0,0,0,0,3,11,0,62,0,1,1,900,0,4808,0,BUDGET CUSTOMER
6605,1944,4,Divorced,55614.0,0,0,2013-11-27,85,504,13,131,8,0,26,1,9,4,6,7,0,1,0,0,0,0,3,11,0,82,0,0,0,682,1,4489,0,BUDGET CUSTOMER
3136,1962,3,Divorced,59432.0,0,1,2013-04-13,88,317,25,265,25,19,12,3,5,3,11,5,0,0,0,0,0,0,3,11,0,64,0,1,1,663,0,4717,0,BUDGET CUSTOMER
8737,1978,2,Divorced,55563.0,0,1,2014-04-05,22,29,1,9,2,0,2,1,2,0,3,3,0,0,0,0,0,0,3,11,0,48,0,1,1,43,0,4360,1,PLATINUM CUSTOMER
11088,1971,4,Together,78642.0,0,1,2013-04-21,83,1396,0,322,46,35,17,1,4,9,4,6,0,0,0,0,0,0,3,11,0,55,1,1,1,1816,0,4709,0,BUDGET CUSTOMER
716,1949,4,Together,67911.0,0,1,2014-05-22,63,529,0,356,63,28,0,3,6,7,11,3,0,0,0,0,0,0,3,11,0,77,1,1,1,976,0,4313,0,BUDGET CUSTOMER
466,1944,2,Married,65275.0,0,0,2013-04-03,9,388,14,218,91,14,21,1,4,3,13,2,0,0,0,0,0,0,3,11,0,82,1,0,0,746,0,4727,0,BUDGET CUSTOMER
9135,1950,2,Together,27203.0,1,1,2012-08-06,92,13,2,21,4,0,24,2,1,1,2,8,0,0,0,0,0,0,3,11,0,76,1,2,1,64,0,4967,1,PLATINUM CUSTOMER
10623,1961,3,Together,48330.0,0,1,2013-11-15,2,28,0,4,0,0,0,1,1,0,3,5,0,0,0,0,0,0,3,11,0,65,1,1,1,32,0,4501,1,PLATINUM CUSTOMER
8151,1990,0,Married,24279.0,0,0,2012-12-29,6,16,36,21,20,62,108,1,4,1,3,8,0,0,0,0,0,0,3,11,0,36,1,0,0,263,0,4822,1,PLATINUM CUSTOMER
5140,1985,4,Married,64355.0,1,0,2012-08-24,66,1047,0,140,67,38,153,2,4,3,12,8,0,0,0,0,0,0,3,11,0,41,1,1,1,1445,0,4949,0,BUDGET CUSTOMER
10160,1956,3,Together,50943.0,0,1,2013-06-21,49,31,0,7,2,0,6,1,1,0,3,5,0,0,0,0,0,0,3,11,0,70,1,1,1,46,0,4648,1,PLATINUM CUSTOMER
4945,1953,2,Widow,53653.0,0,0,2012-11-07,29,815,10,239,28,10,108,2,10,4,12,6,0,0,0,0,0,0,3,11,0,73,0,0,0,1210,0,4874,0,BUDGET CUSTOMER
10584,1976,2,Married,65665.0,0,1,2013-12-02,77,225,162,387,106,36,29,1,5,10,8,3,0,0,0,0,0,0,3,11,0,50,1,1,1,945,0,4484,2,MODERATE SPENDER
6071,1989,2,Single,81217.0,0,0,2013-07-19,77,493,70,324,146,40,84,1,3,7,11,1,0,0,0,0,0,0,3,11,0,37,0,0,0,1157,0,4620,2,MODERATE SPENDER
3386,1992,2,Married,34935.0,0,0,2013-06-21,71,34,4,66,3,10,20,1,2,1,4,7,0,0,0,0,0,0,3,11,0,34,1,0,0,137,0,4648,1,PLATINUM CUSTOMER
8939,1959,2,Divorced,61250.0,0,1,2012-12-16,49,382,138,65,60,26,59,6,5,2,12,5,0,0,0,0,0,0,3,11,0,67,0,1,1,730,0,4835,0,BUDGET CUSTOMER
9925,1981,4,Together,39665.0,1,0,2013-05-25,97,127,1,56,0,1,31,3,4,2,3,7,1,0,0,0,0,0,3,11,0,45,1,1,1,216,1,4675,1,PLATINUM CUSTOMER
4320,1979,2,Single,60152.0,0,1,2013-03-28,6,325,83,300,86,58,91,1,6,4,12,3,0,0,0,0,0,0,3,11,0,47,0,1,1,943,0,4733,0,BUDGET CUSTOMER
5389,1964,2,Married,48920.0,0,2,2013-10-20,93,238,17,68,8,10,6,3,6,2,5,7,0,1,0,0,0,0,3,11,0,62,1,2,1,347,1,4527,0,BUDGET CUSTOMER
6036,1959,3,Together,89120.0,0,0,2014-03-17,78,1168,92,408,72,129,55,1,5,6,7,1,0,0,1,0,0,0,3,11,0,67,1,0,0,1924,1,4379,2,MODERATE SPENDER
182,1946,4,Together,44124.0,0,1,2013-05-11,62,284,0,55,0,6,52,4,6,2,5,8,0,0,0,0,0,0,3,11,0,80,1,1,1,397,0,4689,0,BUDGET CUSTOMER
203,1975,3,Single,81169.0,0,0,2013-04-14,47,1288,20,613,80,61,27,1,5,7,9,2,0,0,0,0,0,0,3,11,0,51,0,0,0,2089,0,4716,2,MODERATE SPENDER
11025,1961,2,Married,36443.0,1,1,2013-02-03,9,65,0,46,4,3,20,4,3,1,3,8,0,0,0,0,0,0,3,11,0,65,1,2,1,138,0,4786,1,PLATINUM CUSTOMER
10203,1990,2,Single,26095.0,1,0,2013-06-30,77,11,7,9,3,1,11,1,1,0,3,7,0,0,0,0,0,0,3,11,0,36,0,1,1,42,0,4639,1,PLATINUM CUSTOMER
4607,1959,2,Together,71367.0,0,0,2013-08-23,24,227,23,389,42,21,75,1,4,5,7,2,0,0,0,0,0,0,3,11,0,67,1,0,0,777,0,4585,2,MODERATE SPENDER
3711,1944,3,Married,80184.0,0,0,2014-03-01,19,1035,134,670,25,38,0,1,6,3,10,3,0,0,1,1,0,0,3,11,0,82,1,0,0,1902,2,4395,2,MODERATE SPENDER
3696,1965,2,Divorced,30630.0,1,1,2014-01-27,67,27,1,12,2,0,10,2,2,0,3,7,0,0,0,0,0,0,3,11,0,61,0,2,1,52,0,4428,1,PLATINUM CUSTOMER
2532,1987,3,Single,73454.0,0,0,2014-03-01,95,982,73,351,56,14,175,1,2,4,6,5,1,0,0,0,0,0,3,11,0,39,0,0,0,1651,1,4395,2,MODERATE SPENDER
9214,1991,2,Married,42691.0,0,0,2013-08-16,48,179,2,64,38,17,58,1,5,1,6,5,0,0,0,0,0,0,3,11,0,35,1,0,0,358,0,4592,0,BUDGET CUSTOMER
4943,1953,2,Married,70503.0,0,0,2012-09-30,73,1379,33,216,0,33,66,1,2,4,9,6,0,1,1,0,0,0,3,11,0,73,1,0,0,1727,2,4912,0,BUDGET CUSTOMER
35,1987,2,Married,25545.0,1,0,2012-09-08,35,32,1,64,16,12,85,3,2,2,3,6,0,0,0,0,0,0,3,11,1,39,1,1,1,210,0,4934,1,PLATINUM CUSTOMER
2258,1986,2,Married,32880.0,1,0,2012-12-04,76,8,4,15,7,6,2,1,1,0,3,8,0,0,0,0,0,0,3,11,0,40,1,1,1,42,0,4847,1,PLATINUM CUSTOMER
4322,1958,4,Together,77863.0,0,0,2013-11-27,20,881,38,319,16,25,12,1,4,5,10,2,0,0,0,0,0,0,3,11,0,68,1,0,0,1291,0,4489,0,BUDGET CUSTOMER
713,1977,3,Married,50353.0,0,0,2014-06-08,72,141,15,153,67,31,35,1,4,4,6,3,0,0,0,0,0,0,3,11,0,49,1,0,0,442,0,4296,0,BUDGET CUSTOMER
4702,1964,2,Single,61839.0,0,0,2012-08-12,20,1000,155,379,224,17,120,1,4,8,4,8,0,0,0,0,0,0,3,11,0,62,0,0,0,1895,0,4961,2,MODERATE SPENDER
3281,1960,4,Married,49154.0,1,1,2013-11-03,69,206,10,67,30,27,71,6,4,1,8,6,0,0,0,0,0,0,3,11,0,66,1,2,1,411,0,4513,0,BUDGET CUSTOMER
702,1975,1,Widow,47682.0,0,1,2013-02-15,80,162,61,83,97,57,61,4,4,3,8,5,0,0,0,0,0,0,3,11,0,51,0,1,1,521,0,4774,0,BUDGET CUSTOMER
2004,1969,2,Single,72679.0,0,1,2013-09-18,65,619,54,260,127,54,54,1,4,7,5,1,0,0,0,0,0,0,3,11,0,57,0,1,1,1168,0,4559,2,MODERATE SPENDER
4769,1977,3,Together,57954.0,1,1,2014-06-18,52,456,4,24,0,0,9,7,8,2,6,7,0,1,0,0,0,0,3,11,0,49,1,2,1,493,1,4286,0,BUDGET CUSTOMER
4437,1962,2,Married,65316.0,1,1,2013-04-24,65,112,6,92,3,9,38,2,3,2,5,4,0,0,0,0,0,0,3,11,0,64,1,2,1,260,0,4706,1,PLATINUM CUSTOMER
8724,1982,2,Single,28567.0,1,0,2013-06-17,57,11,3,22,2,2,6,2,2,0,3,6,0,0,0,0,0,0,3,11,0,44,0,1,1,46,0,4652,1,PLATINUM CUSTOMER
10741,1951,3,Together,47352.0,0,1,2013-04-11,70,172,12,112,8,0,15,4,6,1,5,7,0,0,0,0,0,0,3,11,0,75,1,1,1,319,0,4719,0,BUDGET CUSTOMER
1991,1967,2,Together,44931.0,0,1,2014-01-18,0,78,0,11,0,0,7,1,2,1,3,5,0,0,0,0,0,0,3,11,0,59,1,1,1,96,0,4437,1,PLATINUM CUSTOMER
6931,1967,2,Divorced,76982.0,0,0,2014-02-15,19,464,151,292,65,60,30,1,8,3,4,4,0,0,1,0,0,0,3,11,1,59,0,0,0,1062,1,4409,2,MODERATE SPENDER
11096,1952,1,Together,57247.0,0,1,2013-08-08,50,99,4,32,37,54,6,2,2,1,7,2,0,0,0,0,0,0,3,11,0,74,1,1,1,232,0,4600,1,PLATINUM CUSTOMER
304,1981,3,Single,22944.0,1,0,2013-12-23,67,19,3,19,4,5,26,3,3,0,3,7,0,0,0,0,0,0,3,11,0,45,0,1,1,76,0,4463,1,PLATINUM CUSTOMER
3665,1977,1,Together,25315.0,1,0,2013-11-07,46,1,9,8,11,3,22,3,3,0,3,8,0,0,0,0,0,0,3,11,0,49,1,1,1,54,0,4509,1,PLATINUM CUSTOMER
10591,1969,2,Widow,43638.0,0,1,2012-08-06,37,63,10,83,7,19,19,2,4,1,4,7,0,0,0,0,0,0,3,11,0,57,0,1,1,201,0,4967,1,PLATINUM CUSTOMER
5036,1984,4,Single,42710.0,1,0,2012-11-28,38,252,3,42,4,3,102,2,4,5,3,6,0,0,0,0,0,0,3,11,0,42,0,1,1,406,0,4853,0,BUDGET CUSTOMER
5547,1982,4,Married,84169.0,0,0,2013-08-07,9,1478,19,403,0,19,0,1,7,6,6,3,0,1,1,0,0,0,3,11,1,44,1,0,0,1919,2,4601,0,BUDGET CUSTOMER
7822,1976,2,Together,54058.0,0,1,2013-06-04,56,198,18,252,32,108,54,2,4,6,8,3,0,0,0,0,0,0,3,11,0,50,1,1,1,662,0,4665,0,BUDGET CUSTOMER
8541,1990,1,Married,24683.0,1,0,2014-03-08,98,8,4,10,6,7,6,2,2,0,4,5,0,0,0,0,0,0,3,11,0,36,1,1,1,41,0,4388,1,PLATINUM CUSTOMER
10955,1964,2,Widow,85620.0,0,0,2014-01-07,68,416,46,925,60,107,46,1,3,6,4,1,0,0,0,0,0,0,3,11,1,62,0,0,0,1600,0,4448,2,MODERATE SPENDER
4368,1980,2,Married,47850.0,1,0,2013-12-03,72,42,7,43,20,12,10,1,3,0,4,6,0,0,0,0,0,0,3,11,0,46,1,1,1,134,0,4483,1,PLATINUM CUSTOMER
9671,1968,2,Married,19514.0,1,1,2014-01-26,47,14,3,21,2,1,28,4,3,1,2,8,1,0,0,0,0,0,3,11,1,58,1,2,1,69,1,4429,1,PLATINUM CUSTOMER
2256,1973,3,Married,27159.0,1,1,2014-03-29,33,17,0,3,0,0,1,2,1,0,3,6,0,0,0,0,0,0,3,11,0,53,1,2,1,21,0,4367,1,PLATINUM CUSTOMER
4279,1963,1,Single,39548.0,1,1,2014-03-31,87,15,4,10,3,4,18,2,1,1,3,3,0,0,0,0,0,0,3,11,0,63,0,2,1,54,0,4365,1,PLATINUM CUSTOMER
5371,1989,2,Single,21474.0,1,0,2014-04-08,0,6,16,24,11,0,34,2,3,1,2,7,1,0,0,0,0,0,3,11,1,37,0,1,1,91,1,4357,1,PLATINUM CUSTOMER
9240,1971,4,Single,60504.0,0,1,2014-02-07,73,458,0,24,6,4,34,2,6,2,8,6,0,0,0,0,0,0,3,11,0,55,0,1,1,526,0,4417,0,BUDGET CUSTOMER
9460,1963,2,Married,22419.0,0,0,2013-04-18,74,30,3,47,19,21,42,1,3,2,2,8,0,0,0,0,0,0,3,11,0,63,1,0,0,162,0,4712,1,PLATINUM CUSTOMER
9504,1949,3,Married,81698.0,0,0,2013-11-06,4,179,28,520,111,123,47,1,3,8,13,1,0,0,0,0,0,0,3,11,1,77,1,0,0,1008,0,4510,2,MODERATE SPENDER
8692,1952,2,Together,43462.0,1,1,2012-09-12,50,90,17,97,15,6,15,6,4,1,5,8,0,0,0,0,0,0,3,11,0,74,1,2,1,240,0,4930,1,PLATINUM CUSTOMER
448,1978,4,Single,54880.0,1,0,2013-03-01,57,308,85,137,102,45,118,2,6,2,11,5,0,0,0,0,0,0,3,11,0,48,0,1,1,795,0,4760,0,BUDGET CUSTOMER
8314,1982,2,Married,79908.0,0,0,2013-04-05,30,557,129,761,29,185,111,1,5,6,7,2,0,0,1,0,0,0,3,11,0,44,1,0,0,1772,1,4725,2,MODERATE SPENDER
8420,1970,1,Married,15315.0,0,0,2013-08-03,27,7,4,13,15,8,17,2,2,0,4,5,0,0,0,0,0,0,3,11,0,56,1,0,0,64,0,4605,1,PLATINUM CUSTOMER
3174,1959,2,Together,87771.0,0,1,2013-05-22,61,1492,38,287,50,57,33,1,5,10,4,6,0,1,1,1,1,0,3,11,1,67,1,1,1,1957,4,4678,2,MODERATE SPENDER
7685,1978,2,Married,33039.0,1,0,2013-09-09,4,30,8,12,8,8,12,1,2,0,4,5,0,0,0,0,0,0,3,11,0,48,1,1,1,78,0,4568,1,PLATINUM CUSTOMER
3179,1980,2,Single,81741.0,0,0,2013-06-16,75,249,153,940,58,134,38,0,6,6,7,2,0,0,0,0,0,0,3,11,0,46,0,0,0,1572,0,4653,2,MODERATE SPENDER
9780,1971,3,Together,71499.0,0,1,2013-06-25,12,465,25,132,136,0,37,2,8,3,13,4,0,0,0,0,0,0,3,11,0,55,1,1,1,795,0,4644,0,BUDGET CUSTOMER
10681,1970,1,Married,62466.0,0,1,2014-01-15,13,129,129,259,168,121,83,5,6,3,12,4,0,0,0,0,0,0,3,11,0,56,1,1,1,889,0,4440,2,MODERATE SPENDER
10232,1963,4,Divorced,48799.0,0,1,2013-11-05,9,174,18,81,28,6,24,3,3,2,7,3,0,0,0,0,0,0,3,11,0,63,0,1,1,331,0,4511,0,BUDGET CUSTOMER
4184,1950,4,Together,52157.0,0,1,2014-06-07,48,189,2,29,3,2,40,2,3,2,5,4,0,0,0,0,0,0,3,11,0,76,1,1,1,265,0,4297,0,BUDGET CUSTOMER
9120,1962,2,Single,66565.0,0,1,2012-12-05,80,747,10,161,65,40,42,4,4,2,9,8,0,0,0,0,0,0,3,11,0,64,0,1,1,1065,0,4846,0,BUDGET CUSTOMER
891,1951,3,Together,29298.0,1,1,2013-09-07,60,6,0,2,2,0,1,1,1,0,2,5,0,0,0,0,0,0,3,11,0,75,1,2,1,11,0,4570,1,PLATINUM CUSTOMER
10381,1979,2,Single,47691.0,0,1,2013-07-05,43,14,0,3,0,0,4,1,1,0,2,6,0,0,0,0,0,0,3,11,0,47,0,1,1,21,0,4634,1,PLATINUM CUSTOMER
3525,1970,2,Together,38200.0,1,1,2012-12-07,19,12,0,4,0,0,1,1,1,0,2,7,0,0,0,0,0,0,3,11,0,56,1,2,1,17,0,4844,1,PLATINUM CUSTOMER
6818,1974,2,Married,44989.0,0,1,2012-09-12,26,98,0,106,49,10,106,5,5,1,5,6,0,0,0,0,0,0,3,11,0,52,1,1,1,369,0,4930,0,BUDGET CUSTOMER
3526,1968,4,Married,38443.0,1,1,2014-01-27,58,32,0,5,0,0,1,2,1,0,3,7,0,0,0,0,0,0,3,11,0,58,1,2,1,38,0,4428,1,PLATINUM CUSTOMER
8181,1978,1,Single,38593.0,1,0,2013-09-13,42,51,12,49,17,24,24,3,4,1,3,8,0,0,0,0,0,0,3,11,0,48,0,1,1,177,0,4564,1,PLATINUM CUSTOMER
1029,1970,4,Together,64413.0,0,1,2013-08-01,27,200,5,44,0,10,20,1,5,1,5,5,0,0,0,0,0,0,3,11,0,56,1,1,1,279,0,4607,0,BUDGET CUSTOMER
7369,1981,3,Married,36959.0,1,0,2013-10-02,56,25,6,25,6,0,0,2,2,0,3,8,0,0,0,0,0,0,3,11,0,45,1,1,1,62,0,4545,1,PLATINUM CUSTOMER
2574,1977,4,Married,61996.0,0,1,2013-01-31,27,1050,12,144,0,0,24,3,6,4,8,5,0,1,0,1,1,0,3,11,1,49,1,1,1,1230,3,4789,0,BUDGET CUSTOMER
8159,1968,2,Married,51287.0,1,1,2014-04-01,10,117,0,22,13,0,30,3,4,1,3,7,0,0,0,0,0,0,3,11,0,58,1,2,1,182,0,4364,1,PLATINUM CUSTOMER
1160,1970,2,Married,13260.0,1,1,2013-08-23,48,9,4,17,10,2,7,4,3,0,3,8,0,0,0,0,0,0,3,11,0,56,1,2,1,49,0,4585,1,PLATINUM CUSTOMER
10242,1966,4,Together,47472.0,1,1,2013-09-16,39,56,0,11,0,0,8,2,2,0,4,5,0,0,0,0,0,0,3,11,0,60,1,2,1,75,0,4561,1,PLATINUM CUSTOMER
5253,1956,3,Together,54603.0,1,1,2013-07-09,85,145,13,46,17,2,4,6,4,2,4,7,0,0,0,0,0,0,3,11,0,70,1,2,1,227,0,4630,1,PLATINUM CUSTOMER
5966,1974,4,Married,45207.0,1,1,2012-11-10,64,203,0,10,0,0,2,5,3,1,6,6,0,1,0,0,0,0,3,11,0,52,1,2,1,215,1,4871,1,PLATINUM CUSTOMER
5314,1951,2,Together,40689.0,0,1,2013-03-18,69,270,3,27,39,6,99,7,7,1,5,8,0,0,0,0,0,0,3,11,0,75,1,1,1,444,0,4743,0,BUDGET CUSTOMER
5081,1967,1,Together,47821.0,1,1,2013-10-20,54,9,0,16,6,6,10,1,1,0,3,8,0,0,0,0,0,0,3,11,0,59,1,2,1,47,0,4527,1,PLATINUM CUSTOMER
5123,1951,3,Married,27450.0,0,0,2013-04-15,57,37,12,23,8,11,52,1,2,1,3,7,0,0,0,0,0,0,3,11,0,75,1,0,0,143,0,4715,1,PLATINUM CUSTOMER
5756,1983,2,Together,39453.0,1,0,2014-04-03,64,46,0,7,0,0,2,2,2,0,3,6,0,0,0,0,0,0,3,11,0,43,1,1,1,55,0,4362,1,PLATINUM CUSTOMER
8036,1971,1,Together,26850.0,1,1,2014-04-18,10,31,1,13,7,2,9,4,2,1,4,4,0,0,0,0,0,0,3,11,0,55,1,2,1,63,0,4347,1,PLATINUM CUSTOMER
9058,1955,2,Widow,79800.0,0,0,2012-09-23,65,1060,21,530,32,0,224,1,5,11,5,3,1,0,1,1,0,0,3,11,1,71,0,0,0,1867,3,4919,2,MODERATE SPENDER
5057,1961,3,Married,61794.0,0,1,2013-09-14,74,264,47,188,54,47,11,2,4,4,10,2,0,0,0,0,0,0,3,11,0,65,1,1,1,611,0,4563,0,BUDGET CUSTOMER
254,1955,2,Together,53863.0,0,1,2014-05-17,4,399,4,30,6,4,30,3,7,1,7,7,0,1,0,0,0,0,3,11,0,71,1,1,1,473,1,4318,0,BUDGET CUSTOMER
4179,1959,2,Together,24221.0,0,0,2013-08-20,94,8,9,9,2,5,22,1,1,1,3,4,0,0,0,0,0,0,3,11,0,67,1,0,0,55,0,4588,1,PLATINUM CUSTOMER
3710,1984,4,Single,39684.0,1,0,2012-10-12,41,19,0,35,6,4,17,2,2,1,2,7,0,0,0,0,0,1,3,11,1,42,0,1,1,81,0,4900,1,PLATINUM CUSTOMER
7627,1975,3,Married,92163.0,0,0,2012-12-12,25,817,183,797,106,163,20,0,5,11,5,2,0,0,1,1,0,0,3,11,1,51,1,0,0,2086,2,4839,2,MODERATE SPENDER
4501,1965,3,Single,69882.0,0,0,2013-11-10,94,292,127,635,132,127,165,1,3,7,9,1,0,0,0,0,0,0,3,11,0,61,0,0,0,1478,0,4506,2,MODERATE SPENDER
6424,1977,2,Together,33178.0,1,0,2014-01-30,9,12,6,2,11,2,16,1,1,0,3,4,0,0,0,0,0,0,3,11,0,49,1,1,1,49,0,4425,1,PLATINUM CUSTOMER
3075,1972,4,Married,59973.0,0,0,2013-09-11,47,130,30,168,20,34,0,1,3,4,7,1,0,0,0,0,0,0,3,11,0,54,1,0,0,382,0,4566,0,BUDGET CUSTOMER
4992,1975,3,Together,17459.0,1,0,2013-09-19,12,6,4,16,3,10,30,3,3,1,2,7,0,0,0,0,0,0,3,11,1,51,1,1,1,69,0,4558,1,PLATINUM CUSTOMER
5252,1969,2,Divorced,23910.0,1,0,2012-10-26,80,16,12,18,7,1,13,1,2,0,3,7,0,0,0,0,0,0,3,11,0,57,0,1,1,67,0,4886,1,PLATINUM CUSTOMER
7444,1969,3,Married,42169.0,1,1,2013-10-19,20,19,0,9,0,0,2,2,1,0,3,8,0,0,0,0,0,0,3,11,0,57,1,2,1,30,0,4528,1,PLATINUM CUSTOMER
6919,1978,1,Married,26224.0,1,0,2013-06-04,39,4,7,15,13,9,15,3,2,1,3,6,0,0,0,0,0,0,3,11,0,48,1,1,1,63,0,4665,1,PLATINUM CUSTOMER
3537,1981,2,Together,31089.0,1,0,2012-08-17,57,31,3,31,2,8,4,3,3,0,4,8,0,0,0,0,0,0,3,11,0,45,1,1,1,79,0,4956,1,PLATINUM CUSTOMER
10277,1961,2,Single,30081.0,0,1,2013-02-21,27,36,0,2,0,0,4,1,1,0,3,7,0,0,0,0,0,0,3,11,0,65,0,1,1,42,0,4768,1,PLATINUM CUSTOMER
2453,1960,2,Together,62807.0,0,1,2012-08-31,83,526,28,135,10,21,99,3,5,3,12,5,0,0,0,0,0,0,3,11,0,66,1,1,1,819,0,4942,0,BUDGET CUSTOMER
7972,1955,2,Single,72906.0,0,0,2013-09-17,79,400,32,519,71,75,54,1,3,4,9,1,0,0,0,0,0,0,3,11,0,71,0,0,0,1151,0,4560,2,MODERATE SPENDER
895,1948,4,Married,61467.0,0,2,2012-12-09,69,410,16,114,0,5,49,3,5,2,10,5,0,0,0,0,0,0,3,11,0,78,1,2,1,594,0,4842,0,BUDGET CUSTOMER
1177,1966,3,Together,49618.0,1,1,2013-01-26,77,80,3,26,4,2,14,4,3,1,3,7,0,0,0,0,0,0,3,11,0,60,1,2,1,129,0,4794,1,PLATINUM CUSTOMER
7141,1986,3,Single,21888.0,1,0,2012-12-29,15,88,10,46,2,3,64,4,5,1,2,10,0,0,0,0,0,0,3,11,1,40,0,1,1,213,0,4822,1,PLATINUM CUSTOMER
7232,1973,2,Widow,42429.0,0,1,2014-02-11,99,55,0,6,2,0,4,2,1,1,3,5,0,0,0,0,0,0,3,11,0,53,0,1,1,67,0,4413,1,PLATINUM CUSTOMER
8477,1956,2,Divorced,26150.0,2,1,2013-03-11,61,5,1,13,3,5,1,1,1,0,3,7,0,0,0,0,0,0,3,11,0,70,0,3,1,28,0,4750,1,PLATINUM CUSTOMER
2457,1975,0,Married,30801.0,0,1,2012-10-26,23,8,4,5,15,2,11,2,1,0,3,7,0,0,0,0,0,0,3,11,0,51,1,1,1,45,0,4886,1,PLATINUM CUSTOMER
988,1965,2,Married,81168.0,0,0,2014-05-07,84,410,0,592,147,22,22,1,6,4,7,3,0,0,0,1,0,0,3,11,0,61,1,0,0,1193,1,4328,2,MODERATE SPENDER
7930,1969,3,Single,26877.0,0,0,2013-08-19,74,101,13,76,20,18,40,2,3,1,6,6,0,0,0,0,0,0,3,11,0,57,0,0,0,268,0,4589,0,BUDGET CUSTOMER
4587,1944,3,Widow,45006.0,0,0,2013-07-18,90,162,25,53,16,0,10,1,3,1,7,3,0,0,0,0,0,0,3,11,0,82,0,0,0,266,0,4621,0,BUDGET CUSTOMER
6682,1973,0,Married,18978.0,1,0,2012-12-11,41,2,8,1,4,7,15,1,1,0,3,8,0,0,0,0,0,0,3,11,0,53,1,1,1,37,0,4840,1,PLATINUM CUSTOMER
6222,1967,2,Married,22574.0,2,1,2013-10-28,28,25,0,8,2,0,2,2,2,0,3,7,0,0,0,0,0,0,3,11,0,59,1,3,1,37,0,4519,1,PLATINUM CUSTOMER
10299,1969,4,Single,48240.0,0,0,2012-11-09,73,389,91,248,64,49,41,3,6,3,13,5,0,0,0,0,0,0,3,11,1,57,0,0,0,882,0,4872,0,BUDGET CUSTOMER
3083,1974,2,Married,45837.0,1,1,2013-07-26,88,215,13,87,17,17,24,5,6,2,5,7,0,0,0,0,0,0,3,11,0,52,1,2,1,373,0,4613,0,BUDGET CUSTOMER
8953,1965,3,Single,35791.0,2,1,2013-05-06,94,27,0,5,0,0,3,2,1,0,3,8,0,0,0,0,0,0,3,11,0,61,0,3,1,35,0,4694,1,PLATINUM CUSTOMER
1503,1976,4,Together,162397.0,1,1,2013-06-03,31,85,1,16,2,1,2,0,0,0,1,1,0,0,0,0,0,0,3,11,0,50,1,2,1,107,0,4666,1,PLATINUM CUSTOMER
8650,1978,2,Widow,54162.0,1,1,2013-03-18,31,5,6,10,6,5,10,1,1,0,3,4,0,0,0,0,0,0,3,11,0,48,0,2,1,42,0,4743,1,PLATINUM CUSTOMER
10862,1960,3,Married,30522.0,0,1,2012-08-17,6,179,8,83,19,11,26,5,1,2,9,2,0,0,0,0,0,0,3,11,0,66,1,1,1,326,0,4956,0,BUDGET CUSTOMER
2782,1961,4,Married,54456.0,0,1,2013-07-11,23,352,0,27,10,0,15,3,6,1,7,6,0,0,0,0,0,0,3,11,0,65,1,1,1,404,0,4628,0,BUDGET CUSTOMER
6941,1971,2,Single,31632.0,0,0,2013-07-14,92,17,8,12,11,15,32,1,2,1,2,7,0,0,0,0,0,0,3,11,0,55,0,0,0,95,0,4625,1,PLATINUM CUSTOMER
10972,1949,2,Widow,72298.0,0,0,2014-03-10,52,625,35,169,58,17,35,1,4,3,6,1,0,1,1,0,0,0,3,11,0,77,0,0,0,939,2,4386,0,BUDGET CUSTOMER
10708,1978,1,Single,36975.0,1,0,2013-12-28,50,10,6,11,0,4,2,1,1,0,3,7,0,0,0,0,0,0,3,11,0,48,0,1,1,33,0,4458,1,PLATINUM CUSTOMER
6583,1955,1,Married,72635.0,0,0,2013-06-03,54,390,22,323,104,35,107,1,6,8,6,3,0,0,0,1,0,0,3,11,0,71,1,0,0,981,1,4666,2,MODERATE SPENDER
3641,1976,2,Married,13624.0,1,0,2013-01-20,93,10,2,15,2,1,6,2,2,0,3,6,0,0,0,0,0,0,3,11,0,50,1,1,1,36,0,4800,1,PLATINUM CUSTOMER
10156,1975,2,Single,84196.0,0,1,2013-06-03,56,215,63,507,231,31,190,1,8,4,7,3,0,0,0,0,0,0,3,11,0,51,0,1,1,1237,0,4666,2,MODERATE SPENDER
4299,1960,2,Together,70971.0,0,1,2012-09-21,28,1001,17,572,93,125,17,7,11,11,5,7,0,0,0,0,0,0,3,11,1,66,1,1,1,1825,0,4921,2,MODERATE SPENDER
3469,1977,4,Divorced,34487.0,1,1,2012-09-06,94,19,18,33,24,1,8,3,3,0,3,9,0,0,0,0,0,0,3,11,0,49,0,2,1,103,0,4936,1,PLATINUM CUSTOMER
5063,1977,2,Single,28769.0,1,0,2012-12-18,76,41,5,129,10,3,3,3,4,1,4,9,0,0,0,0,0,0,3,11,0,49,0,1,1,191,0,4833,1,PLATINUM CUSTOMER
10727,1970,4,Married,69084.0,1,0,2013-11-19,43,1181,107,199,39,30,30,2,7,3,13,8,0,0,0,0,0,0,3,11,0,56,1,1,1,1586,0,4497,0,BUDGET CUSTOMER
9624,1958,4,Together,65488.0,0,0,2014-06-13,46,603,45,207,36,18,54,1,3,4,6,1,0,0,0,0,0,0,3,11,0,68,1,0,0,963,0,4291,0,BUDGET CUSTOMER
5156,1970,1,Married,62466.0,0,1,2014-01-15,13,129,129,259,168,121,83,5,6,3,12,4,0,0,0,0,0,0,3,11,0,56,1,1,1,889,0,4440,2,MODERATE SPENDER
4376,1960,1,Single,32218.0,0,0,2014-02-15,27,10,24,15,13,1,30,1,2,1,3,7,1,0,0,0,0,0,3,11,1,66,0,0,0,93,1,4409,1,PLATINUM CUSTOMER
8923,1973,2,Single,83917.0,0,0,2013-04-18,12,514,22,732,42,198,79,1,6,7,7,3,0,0,0,0,0,0,3,11,1,53,0,0,0,1587,0,4712,2,MODERATE SPENDER
8461,1962,2,Divorced,46102.0,2,1,2014-03-10,3,14,0,1,0,0,1,1,1,0,2,7,0,0,0,0,0,0,3,11,0,64,0,3,1,16,0,4386,1,PLATINUM CUSTOMER
6945,1952,2,Single,84574.0,0,0,2013-06-04,72,387,20,713,38,54,163,1,9,11,11,5,0,0,0,0,0,0,3,11,0,74,0,0,0,1375,0,4665,2,MODERATE SPENDER
944,1962,2,Married,56181.0,0,1,2013-01-08,6,121,103,69,8,44,48,1,4,2,7,4,0,0,0,0,0,0,3,11,0,64,1,1,1,393,0,4812,0,BUDGET CUSTOMER
1907,1950,3,Divorced,63120.0,0,1,2012-09-28,53,965,69,279,54,41,69,5,8,4,9,7,0,0,0,0,0,0,3,11,1,76,0,1,1,1477,0,4914,0,BUDGET CUSTOMER
701,1971,2,Married,73691.0,0,1,2013-11-06,58,707,21,250,85,43,73,2,6,2,8,2,1,0,0,0,0,0,3,11,0,55,1,1,1,1179,1,4510,0,BUDGET CUSTOMER
3856,1960,2,Together,63381.0,0,1,2012-10-05,78,571,50,142,33,50,159,4,4,5,13,2,0,0,0,0,0,0,3,11,0,66,1,1,1,1005,0,4907,0,BUDGET CUSTOMER
4149,1948,4,Together,76140.0,0,0,2014-05-13,57,586,66,653,17,0,26,1,5,9,6,2,0,0,0,0,0,0,3,11,0,78,1,0,0,1348,0,4322,2,MODERATE SPENDER
2131,1959,4,Divorced,62859.0,0,1,2012-12-30,37,1063,89,102,16,12,25,4,9,4,6,6,0,0,0,0,0,0,3,11,0,67,0,1,1,1307,0,4821,0,BUDGET CUSTOMER
2942,1964,2,Single,45906.0,0,1,2013-05-07,20,305,3,27,4,3,144,2,5,4,4,5,1,0,0,0,0,0,3,11,0,62,0,1,1,486,1,4693,0,BUDGET CUSTOMER
1173,1947,3,Together,77632.0,0,0,2013-03-10,73,1200,105,758,0,42,147,1,4,2,6,2,0,1,1,0,0,0,3,11,1,79,1,0,0,2252,2,4751,2,MODERATE SPENDER
4381,1971,4,Married,46463.0,1,1,2013-08-18,56,163,2,40,8,11,11,7,3,1,6,6,0,0,0,0,0,0,3,11,0,55,1,2,1,235,0,4590,1,PLATINUM CUSTOMER
4611,1970,2,Together,105471.0,0,0,2013-01-21,36,1009,181,104,202,21,207,0,9,8,13,3,0,0,1,1,0,0,3,11,1,56,1,0,0,1724,2,4799,2,MODERATE SPENDER
3376,1970,3,Divorced,55282.0,1,0,2013-12-13,9,125,6,73,8,4,19,1,3,1,6,4,0,0,0,0,0,0,3,11,0,56,0,1,1,235,0,4473,1,PLATINUM CUSTOMER
4679,1977,3,Married,78710.0,0,1,2014-05-23,42,721,0,152,119,50,50,3,7,6,12,4,0,0,0,0,0,0,3,11,0,49,1,1,1,1092,0,4312,2,MODERATE SPENDER
10928,1958,2,Together,66886.0,0,1,2013-09-16,28,315,4,62,41,31,146,2,7,1,7,5,0,0,0,0,0,0,3,11,0,68,1,1,1,599,0,4561,0,BUDGET CUSTOMER
4248,1960,3,Single,98777.0,0,0,2014-02-17,23,1000,19,711,125,115,38,0,4,6,9,1,0,1,0,0,0,0,3,11,0,66,0,0,0,2008,1,4407,2,MODERATE SPENDER
6728,1985,2,Together,29103.0,1,0,2012-08-27,38,16,0,17,6,3,6,2,1,0,3,9,0,0,0,0,0,0,3,11,0,41,1,1,1,48,0,4946,1,PLATINUM CUSTOMER
6661,1974,2,Married,67445.0,0,1,2012-08-12,63,757,80,217,29,80,11,5,9,6,12,6,0,0,0,0,0,0,3,11,0,52,1,1,1,1174,0,4961,0,BUDGET CUSTOMER
4725,1950,4,Together,50616.0,0,1,2014-04-13,71,30,2,25,0,1,9,1,1,1,4,2,0,0,0,0,0,0,3,11,0,76,1,1,1,67,0,4352,1,PLATINUM CUSTOMER
3277,1955,2,Divorced,49431.0,0,1,2012-08-03,9,219,3,100,26,0,17,2,7,1,5,8,0,0,0,0,0,0,3,11,0,71,0,1,1,365,0,4970,0,BUDGET CUSTOMER
5555,1975,2,Divorced,153924.0,0,0,2014-02-07,81,1,1,1,1,1,1,0,0,0,0,0,0,0,0,0,0,0,3,11,0,51,0,0,0,6,0,4417,1,PLATINUM CUSTOMER
2564,1953,2,Together,61278.0,0,1,2014-01-04,87,111,3,28,2,6,15,2,3,1,4,6,0,0,0,0,0,0,3,11,0,73,1,1,1,165,0,4451,1,PLATINUM CUSTOMER
946,1958,1,Together,26490.0,0,0,2012-09-22,92,45,47,52,21,20,25,2,3,1,5,6,0,0,0,0,0,0,3,11,0,68,1,0,0,210,0,4920,1,PLATINUM CUSTOMER
3867,1947,4,Together,73059.0,0,1,2013-08-31,36,410,112,420,0,82,71,1,9,3,13,4,0,0,0,0,0,0,3,11,0,79,1,1,1,1095,0,4577,2,MODERATE SPENDER
6940,1966,4,Single,46734.0,1,2,2013-10-21,86,100,1,39,6,1,76,4,3,2,3,6,1,0,0,0,0,0,3,11,0,60,0,3,1,223,1,4526,1,PLATINUM CUSTOMER
55,1963,2,Together,56253.0,0,1,2012-12-07,83,509,0,65,7,11,5,4,7,2,9,6,0,0,0,0,0,0,3,11,0,63,1,1,1,597,0,4844,0,BUDGET CUSTOMER
7093,1985,2,Married,19986.0,1,0,2013-11-14,74,3,6,5,0,2,6,1,0,0,3,7,0,0,0,0,0,0,3,11,0,41,1,1,1,22,0,4502,1,PLATINUM CUSTOMER
5084,1975,2,Widow,58330.0,0,1,2013-12-25,87,445,53,213,104,98,151,1,6,4,13,4,0,0,0,0,0,0,3,11,0,51,0,1,1,1064,0,4461,0,BUDGET CUSTOMER
1777,1980,0,Married,25965.0,0,0,2012-09-07,29,2,2,11,41,7,11,1,2,0,3,8,0,0,0,0,0,0,3,11,0,46,1,0,0,74,0,4935,1,PLATINUM CUSTOMER
8162,1956,3,Together,14661.0,0,0,2013-01-01,88,4,1,11,6,2,2,1,1,0,3,6,0,0,0,0,0,0,3,11,0,70,1,0,0,26,0,4819,1,PLATINUM CUSTOMER
10826,1959,2,Married,18690.0,0,0,2012-12-28,77,6,1,7,23,4,19,1,1,1,2,8,0,0,0,0,0,0,3,11,0,67,1,0,0,60,0,4823,1,PLATINUM CUSTOMER
8754,1974,4,Together,45068.0,0,1,2013-05-16,25,14,0,3,0,0,3,1,1,0,2,7,0,0,0,0,0,0,3,11,0,52,1,1,1,20,0,4684,1,PLATINUM CUSTOMER
1987,1987,0,Single,21063.0,1,0,2013-09-25,34,1,10,11,19,3,15,2,2,0,3,6,0,0,0,0,0,0,3,11,0,39,0,1,1,59,0,4552,1,PLATINUM CUSTOMER
11007,1968,4,Married,29187.0,1,0,2013-05-09,43,26,0,6,0,0,2,1,1,0,3,8,0,0,0,0,0,0,3,11,0,58,1,1,1,34,0,4691,1,PLATINUM CUSTOMER
7426,1971,1,Married,54690.0,1,1,2013-11-07,76,111,16,37,7,9,18,3,3,1,5,3,0,0,0,0,0,0,3,11,0,55,1,2,1,198,0,4509,1,PLATINUM CUSTOMER
9153,1964,4,Married,59304.0,0,1,2013-07-29,81,418,61,428,80,51,10,3,7,8,10,5,0,0,0,0,0,0,3,11,0,62,1,1,1,1048,0,4610,2,MODERATE SPENDER
10379,1962,3,Single,59247.0,0,2,2013-11-08,87,327,9,122,19,14,83,5,5,2,9,6,0,0,0,0,0,0,3,11,0,64,0,2,1,574,0,4508,0,BUDGET CUSTOMER
9204,1970,2,Widow,66731.0,0,1,2012-09-12,33,371,159,194,58,106,141,4,4,3,6,3,0,0,0,0,0,0,3,11,0,56,0,1,1,1029,0,4930,0,BUDGET CUSTOMER
3197,1980,2,Married,77353.0,0,1,2013-12-16,38,275,59,107,69,101,59,2,6,4,8,4,0,0,0,0,0,0,3,11,0,46,1,1,1,670,0,4470,0,BUDGET CUSTOMER
2920,1975,4,Single,52614.0,0,1,2012-12-01,63,789,0,142,12,9,38,2,2,4,8,8,0,0,0,0,0,0,3,11,0,51,0,1,1,990,0,4850,0,BUDGET CUSTOMER
6961,1974,2,Married,26751.0,2,0,2014-05-22,26,1,1,5,0,3,1,1,1,0,2,8,0,0,0,0,0,0,3,11,0,52,1,2,1,11,0,4313,1,PLATINUM CUSTOMER
4673,1963,4,Married,81300.0,0,1,2012-10-30,17,1004,12,145,32,12,36,3,10,3,5,5,0,0,0,1,0,0,3,11,1,63,1,1,1,1241,1,4882,0,BUDGET CUSTOMER
9937,1979,2,Single,70337.0,0,0,2014-01-02,75,187,81,149,25,43,91,1,2,2,12,1,0,0,0,0,0,0,3,11,0,47,0,0,0,576,0,4453,0,BUDGET CUSTOMER
8779,1985,1,Married,36145.0,1,0,2013-06-16,13,56,4,76,17,1,18,4,4,1,3,9,1,0,0,0,0,0,3,11,1,41,1,1,1,172,1,4653,1,PLATINUM CUSTOMER
9596,1980,4,Single,65295.0,0,0,2013-12-23,19,365,32,117,34,110,6,1,3,3,13,2,0,0,0,0,0,0,3,11,0,46,0,0,0,664,0,4463,0,BUDGET CUSTOMER
2891,1963,2,Divorced,68118.0,0,1,2013-10-18,51,595,23,123,10,23,154,2,8,9,4,6,0,0,0,0,0,0,3,11,0,63,0,1,1,928,0,4529,0,BUDGET CUSTOMER
4910,1967,2,Divorced,68743.0,0,0,2012-08-30,81,1132,134,384,175,134,115,1,11,5,13,7,0,0,0,0,0,0,3,11,0,59,0,0,0,2074,0,4943,2,MODERATE SPENDER
75,1982,1,Together,41039.0,0,0,2013-07-25,32,34,11,137,179,61,45,1,8,1,5,8,0,0,0,0,0,0,3,11,0,44,1,0,0,467,0,4614,0,BUDGET CUSTOMER
10120,1955,2,Together,38946.0,0,1,2013-10-24,84,116,6,82,6,6,41,2,3,1,6,5,0,0,0,0,0,0,3,11,0,71,1,1,1,257,0,4523,0,BUDGET CUSTOMER
6327,1967,2,Together,65777.0,0,0,2013-12-19,87,565,32,435,28,32,54,1,2,8,6,1,0,0,0,0,0,0,3,11,0,59,1,0,0,1146,0,4467,2,MODERATE SPENDER
10142,1976,4,Divorced,66476.0,0,1,2013-03-07,99,372,18,126,47,48,78,2,5,2,11,4,0,0,0,0,0,0,3,11,0,50,0,1,1,689,0,4754,0,BUDGET CUSTOMER
9826,1972,4,Single,86857.0,0,0,2012-09-12,96,899,102,838,133,102,40,1,5,6,10,2,0,0,0,0,0,0,3,11,1,54,0,0,0,2114,0,4930,2,MODERATE SPENDER
1501,1982,4,Married,160803.0,0,0,2012-08-04,21,55,16,1622,17,3,4,15,0,28,1,0,0,0,0,0,0,0,3,11,0,44,1,0,0,1717,0,4969,2,MODERATE SPENDER
10767,1989,4,Together,77845.0,0,0,2014-05-16,40,760,40,480,0,40,26,1,3,5,12,1,0,0,1,1,0,0,3,11,0,37,1,0,0,1346,2,4319,2,MODERATE SPENDER
7279,1969,4,Together,69476.0,0,0,2013-09-30,3,260,86,559,63,9,67,1,4,6,4,2,0,0,0,0,0,0,3,11,0,57,1,0,0,1044,0,4547,2,MODERATE SPENDER
7230,1960,4,Divorced,50611.0,0,1,2012-10-04,98,459,0,24,6,0,4,6,4,5,7,6,0,1,0,0,0,0,3,11,1,66,0,1,1,493,1,4908,0,BUDGET CUSTOMER
143,1970,2,Single,61209.0,0,0,2013-08-25,73,466,0,224,119,49,99,1,5,3,4,2,0,0,0,0,0,0,3,11,0,56,0,0,0,957,0,4583,0,BUDGET CUSTOMER
450,1958,3,Together,42315.0,0,1,2013-07-12,90,67,15,80,17,11,80,3,1,4,4,3,0,0,0,0,0,0,3,11,0,68,1,1,1,270,0,4627,0,BUDGET CUSTOMER
9316,1952,0,Together,13084.0,0,0,2013-11-02,29,2,0,7,3,7,10,1,1,0,3,6,0,0,0,0,0,0,3,11,0,74,1,0,0,29,0,4514,1,PLATINUM CUSTOMER
6379,1949,3,Widow,47570.0,1,1,2013-05-29,3,67,1,20,0,2,31,3,2,2,2,7,0,0,0,0,0,0,3,11,1,77,0,2,1,121,0,4671,1,PLATINUM CUSTOMER
9239,1961,3,Married,61923.0,0,2,2013-07-26,94,92,4,18,3,3,6,1,2,1,4,3,0,0,0,0,0,0,3,11,0,65,1,2,1,126,0,4613,1,PLATINUM CUSTOMER
8315,1995,2,Single,34824.0,0,0,2014-03-26,65,4,2,11,2,0,4,1,1,0,2,6,0,0,0,0,0,0,3,11,0,31,0,0,0,23,0,4370,1,PLATINUM CUSTOMER
2868,1949,4,Single,26518.0,1,1,2013-04-08,33,20,1,28,3,3,2,3,2,0,3,8,0,0,0,0,0,0,3,11,1,77,0,2,1,57,0,4722,1,PLATINUM CUSTOMER
10888,1961,2,Single,45938.0,0,0,2013-11-03,46,273,11,178,62,83,29,2,8,4,6,6,0,0,0,0,0,0,3,11,0,65,0,0,0,636,0,4513,0,BUDGET CUSTOMER
1277,1960,2,Together,78468.0,0,0,2014-04-09,29,434,22,388,104,22,34,1,10,7,10,4,0,0,0,1,0,0,3,11,0,66,1,0,0,1004,1,4356,2,MODERATE SPENDER
9977,1973,2,Divorced,78901.0,0,1,2013-09-17,99,321,11,309,33,26,34,3,9,3,5,4,0,0,0,0,0,0,3,11,0,53,0,1,1,734,0,4560,0,BUDGET CUSTOMER
10196,1978,2,Married,71427.0,2,0,2014-03-12,26,212,123,177,15,64,23,2,8,2,8,4,0,0,0,0,0,0,3,11,0,48,1,2,1,614,0,4384,0,BUDGET CUSTOMER
6384,1978,2,Divorced,71022.0,0,1,2014-02-11,30,909,12,278,0,12,242,3,5,2,11,8,1,0,0,0,0,0,3,11,0,48,0,1,1,1453,1,4413,0,BUDGET CUSTOMER
8029,1988,3,Single,90247.0,0,0,2014-04-29,27,1184,32,352,21,16,16,1,3,4,7,1,0,1,1,1,0,0,3,11,1,38,0,0,0,1621,3,4336,2,MODERATE SPENDER
968,1968,3,Divorced,41335.0,1,0,2013-12-26,24,112,19,21,16,14,5,3,4,1,4,7,0,0,0,0,0,0,3,11,0,58,0,1,1,187,0,4460,1,PLATINUM CUSTOMER
6988,1986,2,Married,71952.0,1,0,2013-01-10,93,656,80,455,52,107,93,2,8,4,8,4,1,0,1,0,0,0,3,11,0,40,1,1,1,1443,2,4810,2,MODERATE SPENDER
4472,1970,4,Divorced,35682.0,1,0,2014-06-27,34,23,0,8,6,2,18,1,1,1,3,2,0,0,0,0,0,0,3,11,0,56,0,1,1,57,0,4277,1,PLATINUM CUSTOMER
6991,1951,2,Divorced,43185.0,0,1,2013-04-10,88,537,6,42,16,6,30,2,9,3,6,8,0,0,0,0,0,0,3,11,0,75,0,1,1,637,0,4720,0,BUDGET CUSTOMER
3336,1948,4,Together,66375.0,0,1,2013-11-21,96,712,0,45,0,0,191,3,2,4,5,7,1,0,0,0,0,0,3,11,0,78,1,1,1,948,1,4495,0,BUDGET CUSTOMER
4301,1971,3,Married,35178.0,1,0,2013-01-10,10,23,1,13,2,2,18,1,1,1,2,7,1,0,0,0,0,0,3,11,1,55,1,1,1,59,1,4810,1,PLATINUM CUSTOMER
1940,1986,2,Married,25252.0,1,0,2013-07-12,26,1,3,4,2,2,6,1,1,0,2,8,0,0,0,0,0,0,3,11,0,40,1,1,1,18,0,4627,1,PLATINUM CUSTOMER
1272,1965,3,Single,55250.0,0,1,2012-10-21,49,664,58,83,32,0,66,4,7,5,10,5,0,0,0,0,0,0,3,11,0,61,0,1,1,903,0,4891,0,BUDGET CUSTOMER
1388,1975,2,Single,33249.0,1,0,2013-02-20,11,6,10,21,19,14,42,2,2,1,3,6,0,0,0,0,0,0,3,11,0,51,0,1,1,112,0,4769,1,PLATINUM CUSTOMER
1044,1953,2,Together,58398.0,0,0,2013-05-14,44,299,5,201,21,21,49,3,5,4,8,4,0,0,0,0,0,0,3,11,0,73,1,0,0,596,0,4686,0,BUDGET CUSTOMER
6969,1982,2,Together,50272.0,1,0,2013-08-07,75,99,13,66,43,8,4,3,4,1,5,7,0,0,0,0,0,0,3,11,0,44,1,1,1,233,0,4601,1,PLATINUM CUSTOMER
10479,1975,4,Married,76618.0,0,0,2012-12-07,64,749,40,294,121,160,147,1,3,2,5,1,0,0,0,0,0,0,3,11,0,51,1,0,0,1511,0,4844,2,MODERATE SPENDER
3619,1960,1,Divorced,87305.0,0,0,2012-09-23,19,345,25,501,63,138,80,1,5,3,8,2,0,0,1,0,0,0,3,11,1,66,0,0,0,1152,1,4919,2,MODERATE SPENDER
1715,1978,2,Together,25851.0,1,0,2013-02-11,45,9,4,18,7,5,5,2,2,0,3,7,0,0,0,0,0,0,3,11,0,48,1,1,1,48,0,4778,1,PLATINUM CUSTOMER
10159,1970,2,Divorced,58710.0,0,1,2013-03-31,77,440,81,368,0,122,174,6,11,5,9,6,0,0,0,0,0,0,3,11,0,56,0,1,1,1185,0,4730,0,BUDGET CUSTOMER
1463,1958,2,Single,45160.0,1,1,2014-03-29,9,8,2,5,3,0,3,1,1,0,2,7,0,0,0,0,0,0,3,11,0,68,0,2,1,21,0,4367,1,PLATINUM CUSTOMER
5114,1965,3,Married,74806.0,0,1,2012-12-19,1,670,9,249,0,28,9,2,5,4,5,4,0,0,0,0,0,0,3,11,0,61,1,1,1,965,0,4832,0,BUDGET CUSTOMER
4990,1954,2,Married,59111.0,0,0,2013-05-02,90,524,0,134,28,28,155,1,11,1,8,7,0,0,0,0,0,0,3,11,0,72,1,0,0,869,0,4698,0,BUDGET CUSTOMER
4329,1984,4,Married,18988.0,1,0,2014-05-23,43,6,0,6,2,1,1,2,1,0,3,7,0,0,0,0,0,0,3,11,0,42,1,1,1,16,0,4312,1,PLATINUM CUSTOMER
10936,1965,2,Married,72190.0,0,0,2013-02-13,79,597,166,597,172,166,249,1,5,6,4,3,0,0,0,0,0,0,3,11,0,61,1,0,0,1947,0,4776,2,MODERATE SPENDER
4692,1976,2,Married,7500.0,1,0,2012-08-01,19,7,0,12,13,7,32,5,4,1,2,9,1,0,0,0,0,0,3,11,1,50,1,1,1,71,1,4972,1,PLATINUM CUSTOMER
7212,1966,2,Married,44794.0,0,1,2014-06-08,99,54,0,7,0,0,4,1,2,0,3,6,0,0,0,0,0,0,3,11,0,60,1,1,1,65,0,4296,1,PLATINUM CUSTOMER
6086,1955,2,Married,80395.0,0,0,2013-11-23,62,445,25,706,80,76,48,1,6,5,12,2,0,0,0,1,0,0,3,11,0,71,1,0,0,1380,1,4493,2,MODERATE SPENDER
437,1976,3,Divorced,75012.0,0,0,2014-01-25,41,294,142,218,164,58,151,1,3,8,11,1,0,0,0,0,0,0,3,11,0,50,0,0,0,1027,0,4430,2,MODERATE SPENDER
11171,1965,3,Married,56962.0,2,1,2013-10-11,60,292,3,77,10,3,26,7,6,3,5,7,0,0,0,0,0,0,3,11,0,61,1,3,1,411,0,4536,0,BUDGET CUSTOMER
11101,1991,2,Together,89891.0,0,0,2013-04-15,17,412,22,132,59,28,183,1,11,6,8,4,0,0,1,0,0,0,3,11,0,35,1,0,0,836,1,4715,0,BUDGET CUSTOMER
5329,1949,4,Divorced,35946.0,1,1,2013-09-27,24,8,0,3,0,0,0,1,0,0,3,5,0,0,0,0,0,0,3,11,0,77,0,2,1,11,0,4550,1,PLATINUM CUSTOMER
610,1953,4,Together,53593.0,1,1,2012-08-07,60,349,4,78,6,0,43,8,7,2,6,8,0,0,0,0,0,0,3,11,0,73,1,2,1,480,0,4966,0,BUDGET CUSTOMER
9384,1978,2,Married,66373.0,1,1,2013-06-12,57,328,9,124,12,24,109,7,4,2,10,3,0,0,0,0,0,0,3,11,0,48,1,2,1,606,0,4657,0,BUDGET CUSTOMER
5956,1948,4,Divorced,45072.0,1,2,2013-10-16,74,144,2,99,7,2,30,5,6,1,4,8,0,0,0,0,0,0,3,11,0,78,0,3,1,284,0,4531,0,BUDGET CUSTOMER
10430,1973,2,Divorced,89694.0,1,1,2013-10-09,22,1126,28,211,37,28,42,3,4,3,4,5,0,1,1,1,0,0,3,11,0,53,0,2,1,1472,3,4538,0,BUDGET CUSTOMER
7875,1949,2,Married,72025.0,0,0,2014-04-29,46,967,0,617,43,50,0,1,4,8,13,2,0,1,1,1,0,0,3,11,1,77,1,0,0,1677,3,4336,2,MODERATE SPENDER
7072,1973,2,Married,67432.0,0,1,2013-03-29,69,432,79,341,177,136,170,2,8,5,4,4,0,0,0,0,0,0,3,11,0,53,1,1,1,1335,0,4732,2,MODERATE SPENDER
6255,1952,3,Together,70545.0,0,1,2014-06-03,29,138,39,63,55,18,21,1,4,1,7,2,0,0,0,0,0,0,3,11,0,74,1,1,1,334,0,4301,0,BUDGET CUSTOMER
6516,1989,0,Married,17487.0,1,0,2013-03-18,37,0,0,1,7,4,6,1,1,0,2,7,0,0,0,0,0,0,3,11,0,37,1,1,1,18,0,4743,1,PLATINUM CUSTOMER
5564,1969,2,Together,62882.0,0,1,2012-08-09,26,509,133,497,78,24,97,2,7,5,6,4,0,0,0,0,0,0,3,11,0,57,1,1,1,1338,0,4964,2,MODERATE SPENDER
5682,1953,4,Single,64108.0,0,1,2013-03-23,8,948,10,86,13,21,21,4,6,9,11,5,0,0,0,0,0,0,3,11,0,73,0,1,1,1099,0,4738,0,BUDGET CUSTOMER
7458,1956,3,Together,34941.0,1,1,2013-03-06,26,39,2,25,4,3,24,2,3,0,3,8,0,0,0,0,0,0,3,11,0,70,1,2,1,97,0,4755,1,PLATINUM CUSTOMER
5237,1950,4,Single,48767.0,1,2,2014-01-01,79,28,1,21,3,0,10,3,2,1,3,5,0,0,0,0,0,0,3,11,0,76,0,3,1,63,0,4454,1,PLATINUM CUSTOMER
7761,1978,1,Together,38702.0,1,0,2013-08-01,71,13,11,24,13,8,40,2,3,0,4,6,0,0,0,0,0,0,3,11,0,48,1,1,1,109,0,4607,1,PLATINUM CUSTOMER
5278,1964,2,Married,82224.0,0,0,2014-01-25,83,307,26,360,138,31,40,1,6,9,5,3,0,0,0,1,0,0,3,11,0,62,1,0,0,902,1,4430,2,MODERATE SPENDER
3560,1952,2,Together,83844.0,0,0,2013-05-12,57,901,31,345,75,31,191,1,4,4,11,1,0,0,1,0,0,0,3,11,0,74,1,0,0,1574,1,4688,2,MODERATE SPENDER
7235,1975,1,Married,17003.0,1,0,2013-12-09,37,2,5,12,4,8,7,3,2,0,4,5,0,0,0,0,0,0,3,11,0,51,1,1,1,38,0,4477,1,PLATINUM CUSTOMER
10548,1995,2,Single,71163.0,0,0,2014-03-09,30,283,17,372,138,106,44,1,3,8,12,1,0,0,0,0,0,0,3,11,0,31,0,0,0,960,0,4387,2,MODERATE SPENDER
2281,1970,2,Single,33697.0,1,0,2013-09-15,34,4,3,7,0,3,11,1,1,0,2,7,1,0,0,0,0,0,3,11,0,56,0,1,1,28,1,4562,1,PLATINUM CUSTOMER
4073,1954,1,Married,63564.0,0,0,2014-01-29,0,769,80,252,15,34,65,1,10,10,7,6,1,0,0,0,0,0,3,11,1,72,1,0,0,1215,1,4426,0,BUDGET CUSTOMER
6974,1972,4,Together,83443.0,0,0,2013-12-31,89,518,42,742,55,56,84,1,6,10,5,2,0,0,0,0,0,0,3,11,0,54,1,0,0,1497,0,4455,2,MODERATE SPENDER
7938,1958,4,Together,51518.0,0,1,2013-10-03,92,350,8,66,17,4,4,2,3,2,10,3,0,0,0,0,0,0,3,11,0,68,1,1,1,449,0,4544,0,BUDGET CUSTOMER
7094,1975,2,Widow,58330.0,0,1,2013-12-25,87,445,53,213,104,98,151,1,6,4,13,4,0,0,0,0,0,0,3,11,0,51,0,1,1,1064,0,4461,0,BUDGET CUSTOMER
3667,1969,2,Married,80952.0,0,0,2013-02-28,20,778,178,689,41,27,44,1,8,5,11,8,0,1,1,1,0,0,3,11,1,57,1,0,0,1757,3,4761,2,MODERATE SPENDER
7723,1979,2,Together,75507.0,0,0,2014-05-02,56,709,93,374,104,80,80,1,8,6,6,3,0,0,0,0,0,0,3,11,0,47,1,0,0,1440,0,4333,2,MODERATE SPENDER
3870,1978,1,Together,63855.0,0,0,2013-02-09,28,359,35,314,93,116,89,1,7,3,13,4,0,0,0,0,0,0,3,11,0,48,1,0,0,1006,0,4780,2,MODERATE SPENDER
4012,1972,4,Together,62220.0,0,1,2012-08-11,55,799,12,375,16,12,12,5,7,6,5,6,0,0,0,0,0,0,3,11,1,54,1,1,1,1226,0,4962,0,BUDGET CUSTOMER
5909,1964,2,Married,58512.0,0,1,2013-09-19,25,895,10,101,13,0,152,5,3,4,8,8,0,0,0,0,0,0,3,11,0,62,1,1,1,1171,0,4558,0,BUDGET CUSTOMER
10470,1979,3,Married,40662.0,1,0,2013-03-15,0,40,2,23,0,4,23,2,2,1,3,4,0,0,0,0,0,0,3,11,0,47,1,1,1,92,0,4746,1,PLATINUM CUSTOMER
6488,1959,4,Married,38829.0,0,1,2014-04-06,86,76,0,7,0,0,16,1,3,2,2,5,0,0,0,0,0,0,3,11,0,67,1,1,1,99,0,4359,1,PLATINUM CUSTOMER
10270,1981,1,Married,35523.0,1,0,2013-10-03,8,11,5,22,12,5,11,2,3,0,3,7,0,0,0,0,0,0,3,11,0,45,1,1,1,66,0,4544,1,PLATINUM CUSTOMER
6887,1967,2,Single,79146.0,1,1,2014-04-24,33,245,16,223,21,43,16,2,8,1,8,6,0,0,0,0,0,0,3,11,0,59,0,2,1,564,0,4341,0,BUDGET CUSTOMER
6406,1988,3,Married,78285.0,0,0,2013-10-28,13,647,107,391,175,67,40,1,6,4,10,3,0,0,0,0,0,0,3,11,0,38,1,0,0,1427,0,4519,2,MODERATE SPENDER
7573,1978,4,Single,31626.0,1,0,2013-05-10,12,39,1,9,2,1,34,1,2,1,2,7,1,0,0,0,0,0,3,11,1,48,0,1,1,86,1,4690,1,PLATINUM CUSTOMER
4508,1952,2,Single,75127.0,0,0,2014-05-22,92,203,35,305,46,17,227,1,2,11,5,1,0,0,0,0,0,0,3,11,0,74,0,0,0,833,0,4313,2,MODERATE SPENDER
221,1955,2,Married,48726.0,0,1,2013-04-27,90,138,3,38,4,0,59,3,3,2,4,6,0,0,0,0,0,0,3,11,0,71,1,1,1,242,0,4703,1,PLATINUM CUSTOMER
5331,1977,2,Married,74985.0,0,0,2012-09-11,8,587,51,898,247,0,86,1,3,6,7,2,0,0,0,0,0,0,3,11,0,49,1,0,0,1869,0,4931,2,MODERATE SPENDER
1911,1987,2,Together,67430.0,0,0,2012-09-05,6,595,97,291,127,133,121,1,11,5,12,6,0,0,0,0,0,0,3,11,0,39,1,0,0,1364,0,4937,2,MODERATE SPENDER
20,1965,1,Married,46891.0,0,1,2013-09-01,91,43,12,23,29,15,61,1,2,1,4,4,0,0,0,0,0,0,3,11,0,61,1,1,1,183,0,4576,1,PLATINUM CUSTOMER
8786,1956,3,Married,62058.0,0,1,2013-05-26,52,301,7,74,10,0,58,4,6,1,7,6,0,0,0,0,0,0,3,11,0,70,1,1,1,450,0,4674,0,BUDGET CUSTOMER
10582,1979,2,Married,72063.0,0,1,2013-07-03,3,180,32,348,76,32,90,2,5,2,12,2,0,0,0,0,0,0,3,11,0,47,1,1,1,758,0,4636,2,MODERATE SPENDER
1915,1951,4,Married,78939.0,0,0,2013-12-12,57,794,115,243,150,0,205,1,8,5,6,3,0,0,0,0,0,0,3,11,0,75,1,0,0,1507,0,4474,2,MODERATE SPENDER
8897,1965,2,Single,42720.0,1,1,2013-04-24,9,392,5,91,28,26,112,8,7,3,7,8,0,0,0,0,0,0,3,11,1,61,0,2,1,654,0,4706,0,BUDGET CUSTOMER
2371,1972,2,Married,33622.0,1,1,2013-04-13,22,39,1,22,3,4,12,3,2,0,4,7,0,0,0,0,0,0,3,11,0,54,1,2,1,81,0,4717,1,PLATINUM CUSTOMER
4303,1957,4,Together,6835.0,0,1,2012-12-08,76,107,2,12,2,2,12,0,0,0,1,20,0,0,0,0,0,0,3,11,0,69,1,1,1,137,0,4843,1,PLATINUM CUSTOMER
6825,1953,2,Together,41452.0,1,1,2013-03-06,86,13,0,3,0,0,0,1,1,0,2,7,0,0,0,0,0,0,3,11,0,73,1,2,1,16,0,4755,1,PLATINUM CUSTOMER
1072,1965,4,Single,40760.0,0,1,2013-08-30,64,70,0,17,0,0,6,2,2,1,3,6,0,0,0,0,0,0,3,11,0,61,0,1,1,93,0,4578,1,PLATINUM CUSTOMER
4964,1958,4,Together,74250.0,0,0,2014-01-26,90,680,11,392,75,0,0,1,2,11,4,1,0,0,0,0,0,0,3,11,0,68,1,0,0,1158,0,4429,2,MODERATE SPENDER
2461,1955,3,Single,51124.0,1,1,2013-12-18,79,26,1,11,0,1,4,2,1,0,3,3,0,0,0,0,0,0,3,11,0,71,0,2,1,43,0,4468,1,PLATINUM CUSTOMER
10736,1971,2,Single,72258.0,0,1,2013-09-12,28,522,0,522,227,120,134,2,6,9,5,2,0,0,0,0,0,0,3,11,0,55,0,1,1,1525,0,4565,2,MODERATE SPENDER
3194,1974,4,Single,71466.0,0,0,2014-04-05,86,412,12,546,78,182,0,1,4,4,10,1,0,0,0,0,0,0,3,11,0,52,0,0,0,1230,0,4360,2,MODERATE SPENDER
10839,1976,2,Together,36283.0,1,1,2014-04-14,42,6,5,5,8,0,5,2,1,0,3,4,0,0,0,0,0,0,3,11,0,50,1,2,1,29,0,4351,1,PLATINUM CUSTOMER
49,1970,2,Single,20587.0,1,0,2014-05-11,39,2,3,6,4,1,9,1,1,1,2,7,0,0,0,0,0,0,3,11,0,56,0,1,1,25,0,4324,1,PLATINUM CUSTOMER
4290,1972,2,Married,30467.0,1,0,2014-03-19,8,1,3,8,2,5,5,1,1,0,2,7,0,0,0,0,0,0,3,11,0,54,1,1,1,24,0,4377,1,PLATINUM CUSTOMER
10219,1972,2,Together,31590.0,1,0,2013-06-18,40,6,2,15,6,6,3,1,1,0,3,8,0,0,0,0,0,0,3,11,0,54,1,1,1,38,0,4651,1,PLATINUM CUSTOMER
4211,1986,0,Married,20425.0,1,0,2012-10-29,5,4,12,5,3,16,17,2,2,0,3,7,0,0,0,0,0,0,3,11,0,40,1,1,1,57,0,4883,1,PLATINUM CUSTOMER
1135,1960,3,Together,17144.0,1,1,2014-02-15,96,18,2,19,0,2,6,5,3,0,4,7,0,0,0,0,0,0,3,11,0,66,1,2,1,47,0,4409,1,PLATINUM CUSTOMER
6299,1968,4,Divorced,42564.0,0,1,2013-01-02,28,324,48,186,39,18,198,6,6,8,4,7,1,0,0,0,0,0,3,11,1,58,0,1,1,813,1,4818,0,BUDGET CUSTOMER
10846,1978,3,Married,43783.0,1,0,2014-05-29,22,327,9,125,25,4,139,6,7,1,8,7,1,0,0,0,0,0,3,11,0,48,1,1,1,629,1,4306,0,BUDGET CUSTOMER
347,1976,2,Divorced,40780.0,0,1,2012-09-08,30,229,27,71,13,3,34,4,7,1,5,9,0,0,0,0,0,0,3,11,0,50,0,1,1,377,0,4934,0,BUDGET CUSTOMER
6543,1945,3,Together,62847.0,0,0,2013-01-15,45,521,168,706,80,76,61,1,3,6,4,2,0,0,0,0,0,0,3,11,0,81,1,0,0,1612,0,4805,2,MODERATE SPENDER
10446,1957,4,Married,82017.0,0,0,2012-11-07,58,184,23,446,30,23,23,1,5,4,7,2,0,1,1,1,0,0,3,11,1,69,1,0,0,729,3,4874,2,MODERATE SPENDER
3479,1950,2,Single,16813.0,0,0,2013-07-19,49,4,8,11,12,2,13,1,2,0,3,7,1,0,0,0,0,0,3,11,0,76,0,0,0,50,1,4620,1,PLATINUM CUSTOMER
11075,1978,2,Married,51267.0,1,1,2013-10-29,37,183,2,64,7,2,12,4,3,3,5,4,0,0,0,0,0,0,3,11,0,48,1,2,1,270,0,4518,0,BUDGET CUSTOMER
4442,1961,2,Single,46524.0,0,1,2013-04-05,70,31,19,35,26,14,52,2,1,1,5,3,0,0,0,0,0,0,3,11,0,65,0,1,1,177,0,4725,1,PLATINUM CUSTOMER
199,1962,3,Single,45183.0,0,0,2013-01-20,33,219,3,60,12,9,12,1,4,1,7,7,0,1,0,0,0,0,3,11,0,64,0,0,0,315,1,4800,0,BUDGET CUSTOMER
6722,1954,4,Married,70421.0,0,1,2014-06-28,98,479,28,136,75,14,35,3,10,3,7,6,0,0,0,0,0,0,3,11,0,72,1,1,1,767,0,4276,0,BUDGET CUSTOMER
796,1965,1,Divorced,60161.0,0,1,2012-10-23,17,584,44,212,46,8,177,3,11,4,8,8,0,0,0,0,0,0,3,11,0,61,0,1,1,1071,0,4889,0,BUDGET CUSTOMER
3749,1973,2,Together,73926.0,0,0,2013-03-02,54,627,91,597,159,91,15,1,6,5,12,3,0,0,0,0,0,0,3,11,0,53,1,0,0,1580,0,4759,2,MODERATE SPENDER
8523,1968,2,Married,19329.0,1,0,2013-12-14,39,24,1,16,12,2,5,3,4,0,3,8,0,0,0,0,0,0,3,11,0,58,1,1,1,60,0,4472,1,PLATINUM CUSTOMER
310,1970,3,Married,61872.0,0,1,2013-12-13,81,330,5,159,36,27,16,4,4,4,9,4,0,0,0,0,0,0,3,11,0,56,1,1,1,573,0,4473,0,BUDGET CUSTOMER
8629,1956,2,Widow,46984.0,1,1,2013-03-26,71,19,1,10,2,1,8,1,1,0,3,5,0,0,0,0,0,0,3,11,0,70,0,2,1,41,0,4735,1,PLATINUM CUSTOMER
236,1951,2,Married,34838.0,1,1,2013-01-19,62,28,23,29,29,14,47,3,2,1,4,6,0,0,0,0,0,0,3,11,0,75,1,2,1,170,0,4801,1,PLATINUM CUSTOMER
9930,1944,4,Single,82716.0,0,0,2013-11-05,8,606,148,228,15,148,22,1,6,8,13,2,0,0,0,0,0,0,3,11,0,82,0,0,0,1167,0,4511,2,MODERATE SPENDER
3483,1958,2,Married,48192.0,0,0,2013-04-06,76,1039,43,204,153,58,29,3,2,8,12,8,0,1,0,1,1,0,3,11,1,68,1,0,0,1526,3,4724,0,BUDGET CUSTOMER
4599,1976,3,Married,49681.0,0,2,2013-11-04,66,411,0,26,0,0,21,6,7,1,7,7,0,0,0,0,0,0,3,11,0,50,1,2,1,458,0,4512,0,BUDGET CUSTOMER
7326,1971,3,Married,56850.0,0,1,2014-03-23,83,34,1,19,2,7,0,1,1,1,3,2,0,0,0,0,0,0,3,11,0,55,1,1,1,63,0,4373,1,PLATINUM CUSTOMER
7352,1957,2,Married,55267.0,0,1,2013-10-21,28,161,28,136,32,3,45,4,3,4,6,3,0,0,0,0,0,0,3,11,0,69,1,1,1,405,0,4526,0,BUDGET CUSTOMER
2350,1972,2,Married,59666.0,1,1,2013-03-22,87,623,53,178,23,17,133,7,3,2,8,8,0,1,0,0,0,0,3,11,0,54,1,2,1,1027,1,4739,0,BUDGET CUSTOMER
9145,1972,2,Single,72504.0,0,1,2013-04-06,43,604,26,470,123,161,94,2,5,9,6,2,0,0,0,0,0,0,3,11,0,54,0,1,1,1478,0,4724,2,MODERATE SPENDER
2964,1981,2,Married,26872.0,0,0,2013-10-16,0,3,10,8,3,16,32,1,1,1,2,6,0,0,0,0,0,0,3,11,0,45,1,0,0,72,0,4531,1,PLATINUM CUSTOMER
5585,1972,2,Single,21359.0,1,0,2013-04-20,1,12,2,17,6,1,10,2,2,0,3,8,0,0,0,0,0,0,3,11,1,54,0,1,1,48,0,4710,1,PLATINUM CUSTOMER
9687,1975,2,Single,73170.0,0,0,2014-05-31,1,184,174,256,50,30,32,1,5,4,6,2,0,0,0,0,0,0,3,11,0,51,0,0,0,726,0,4304,2,MODERATE SPENDER
3732,1955,3,Married,52750.0,0,1,2013-02-04,72,393,0,239,90,69,69,6,5,7,9,4,0,0,0,0,0,0,3,11,0,71,1,1,1,860,0,4785,0,BUDGET CUSTOMER
6303,1986,4,Together,91820.0,0,0,2013-11-23,72,410,73,747,76,161,30,0,5,5,12,1,0,0,0,0,0,0,3,11,0,40,1,0,0,1497,0,4493,2,MODERATE SPENDER
11176,1970,4,Together,65968.0,0,1,2014-05-12,12,376,9,83,19,4,4,2,5,4,7,3,0,0,0,0,0,0,3,11,0,56,1,1,1,495,0,4323,0,BUDGET CUSTOMER
2986,1976,2,Married,30772.0,1,1,2014-03-12,89,7,2,4,2,1,4,1,1,0,2,6,0,0,0,0,0,0,3,11,0,50,1,2,1,20,0,4384,1,PLATINUM CUSTOMER
7462,1954,2,Single,22507.0,0,0,2012-11-24,67,68,0,226,51,157,68,3,10,2,4,9,0,0,0,0,0,0,3,11,0,72,0,0,0,570,0,4857,0,BUDGET CUSTOMER
3900,1972,2,Married,65685.0,0,1,2014-03-29,54,642,14,49,0,7,57,1,9,2,9,5,0,0,0,0,0,0,3,11,0,54,1,1,1,769,0,4367,0,BUDGET CUSTOMER
7034,1978,1,Married,25804.0,1,0,2013-09-01,34,8,7,9,13,6,12,2,2,0,3,8,0,0,0,0,0,0,3,11,0,48,1,1,1,55,0,4576,1,PLATINUM CUSTOMER
9493,1980,4,Single,76412.0,0,0,2013-05-05,15,840,53,804,23,71,17,1,5,4,8,3,0,0,1,1,0,0,3,11,1,46,0,0,0,1808,2,4695,2,MODERATE SPENDER
1143,1972,2,Married,22063.0,1,0,2013-08-08,43,7,10,13,3,11,11,2,2,0,3,7,0,0,0,0,0,0,3,11,0,54,1,1,1,55,0,4600,1,PLATINUM CUSTOMER
1,1961,2,Single,57091.0,0,0,2014-06-15,0,464,5,64,7,0,37,1,7,3,7,5,0,0,0,0,1,0,3,11,1,65,0,0,0,577,1,4289,0,BUDGET CUSTOMER
3855,1963,2,Married,22419.0,0,0,2013-04-18,74,30,3,47,19,21,42,1,3,2,2,8,0,0,0,0,0,0,3,11,0,63,1,0,0,162,0,4712,1,PLATINUM CUSTOMER
5536,1959,2,Together,87771.0,0,1,2013-05-22,61,1492,38,287,50,57,33,1,5,10,4,6,0,1,1,1,1,0,3,11,1,67,1,1,1,1957,4,4678,2,MODERATE SPENDER
5989,1959,1,Divorced,78353.0,0,1,2013-04-16,51,752,122,476,39,153,34,1,10,2,11,8,0,0,0,0,0,0,3,11,0,67,0,1,1,1576,0,4714,2,MODERATE SPENDER
9499,1954,2,Married,93404.0,1,2,2013-05-07,97,1279,15,287,20,0,15,3,3,4,7,5,0,1,1,0,0,0,3,11,0,72,1,3,1,1616,2,4693,0,BUDGET CUSTOMER
6768,1962,2,Divorced,37859.0,1,2,2013-01-12,75,22,1,8,2,1,2,2,1,0,3,8,0,0,0,0,0,0,3,11,0,64,0,3,1,36,0,4808,1,PLATINUM CUSTOMER
2150,1958,4,Widow,80995.0,0,1,2013-05-11,83,860,28,409,73,56,56,1,8,9,4,4,0,0,0,0,0,0,3,11,0,68,0,1,1,1482,0,4689,2,MODERATE SPENDER
6646,1984,2,Together,16529.0,1,0,2014-03-01,23,3,0,5,13,0,1,1,1,0,3,6,0,0,0,0,0,0,3,11,0,42,1,1,1,22,0,4395,1,PLATINUM CUSTOMER
4887,1976,4,Divorced,55412.0,1,1,2013-11-22,65,10,5,28,11,1,8,1,2,0,3,5,0,0,0,0,0,0,3,11,0,50,0,2,1,63,0,4494,1,PLATINUM CUSTOMER
8560,1992,2,Single,48789.0,0,0,2012-09-10,94,351,16,156,7,5,145,1,6,4,7,6,0,0,0,0,0,0,3,11,0,34,0,0,0,680,0,4932,0,BUDGET CUSTOMER
3321,1967,4,Together,56575.0,0,2,2013-05-05,42,421,5,90,0,16,10,3,7,3,7,5,0,0,0,0,0,0,3,11,0,59,1,2,1,542,0,4695,0,BUDGET CUSTOMER
11003,1980,1,Together,25130.0,1,0,2013-10-02,10,2,5,7,0,18,18,2,2,0,3,7,0,0,0,0,0,0,3,11,0,46,1,1,1,50,0,4545,1,PLATINUM CUSTOMER
10402,1967,2,Married,35441.0,1,1,2013-02-14,94,25,1,9,2,1,1,2,1,0,3,8,0,0,0,0,0,0,3,11,0,59,1,2,1,39,0,4775,1,PLATINUM CUSTOMER
9904,1956,2,Married,71391.0,0,1,2013-03-29,50,336,123,274,46,123,141,5,6,5,12,3,0,0,0,0,0,0,3,11,0,70,1,1,1,1043,0,4732,2,MODERATE SPENDER
6141,1972,3,Single,49494.0,1,0,2013-04-25,46,191,9,97,0,6,82,2,6,1,5,7,0,0,0,0,0,0,3,11,0,54,0,1,1,385,0,4705,0,BUDGET CUSTOMER
5687,1980,2,Divorced,81702.0,0,0,2012-09-23,98,563,50,774,28,31,187,1,7,7,12,3,0,0,0,0,0,0,3,11,0,46,0,0,0,1633,0,4919,2,MODERATE SPENDER
10856,1980,1,Single,45889.0,0,1,2013-07-02,42,31,0,6,0,1,8,1,1,0,3,6,0,0,0,0,0,0,3,11,0,46,0,1,1,46,0,4637,1,PLATINUM CUSTOMER
5121,1977,2,Single,56628.0,0,1,2014-03-21,30,479,5,82,7,17,171,2,7,6,5,5,1,0,0,0,0,0,3,11,0,49,0,1,1,761,1,4375,0,BUDGET CUSTOMER
4186,1950,2,Together,34026.0,1,1,2013-08-05,11,18,6,15,12,8,17,3,2,1,3,5,0,0,0,0,0,0,3,11,0,76,1,2,1,76,0,4603,1,PLATINUM CUSTOMER
368,1974,2,Married,40049.0,0,1,2012-11-29,61,91,65,52,10,44,28,3,3,2,6,5,0,0,0,0,0,0,3,11,0,52,1,1,1,290,0,4852,0,BUDGET CUSTOMER
3312,1988,2,Single,34176.0,1,0,2014-05-12,12,5,7,24,19,14,20,4,3,0,4,6,0,0,0,0,0,0,3,11,0,38,0,1,1,89,0,4323,1,PLATINUM CUSTOMER
11121,1981,2,Married,19419.0,1,0,2012-11-10,76,2,14,28,16,3,7,4,4,0,3,9,0,0,0,0,0,0,3,11,0,45,1,1,1,70,0,4871,1,PLATINUM CUSTOMER
5332,1960,1,Married,82504.0,0,0,2013-07-27,2,362,50,431,134,35,54,1,3,6,7,1,0,0,0,0,0,0,3,11,0,66,1,0,0,1066,0,4612,2,MODERATE SPENDER
5848,1970,2,Together,81205.0,0,0,2014-01-13,43,724,74,929,97,55,130,1,5,6,7,2,1,0,1,0,1,0,3,11,1,56,1,0,0,2009,3,4442,2,MODERATE SPENDER
10343,1991,1,Single,61618.0,0,0,2012-09-29,27,605,91,399,0,45,205,2,3,6,8,3,0,0,0,0,0,0,3,11,0,35,0,0,0,1345,0,4913,0,BUDGET CUSTOMER
5935,1956,3,Single,55284.0,0,1,2012-12-24,60,547,7,140,0,7,63,3,7,5,8,5,0,0,0,0,0,0,3,11,0,70,0,1,1,764,0,4827,0,BUDGET CUSTOMER
2895,1963,2,Single,49980.0,0,1,2013-10-23,79,104,1,54,13,9,14,2,3,1,5,5,0,0,0,0,0,0,3,11,0,63,0,1,1,195,0,4524,1,PLATINUM CUSTOMER
10262,1980,2,Married,15072.0,2,0,2013-05-10,96,8,2,15,0,10,18,4,3,1,3,5,0,0,0,0,0,0,3,11,0,46,1,2,1,53,0,4690,1,PLATINUM CUSTOMER
7848,1974,2,Single,49166.0,0,1,2013-06-13,17,224,2,25,7,0,110,2,5,3,3,6,0,0,0,0,0,0,3,11,0,52,0,1,1,368,0,4656,0,BUDGET CUSTOMER
9477,1954,4,Married,65324.0,0,1,2014-01-11,0,384,0,102,21,32,5,3,6,2,9,4,0,0,0,0,0,0,3,11,0,72,1,1,1,544,0,4444,0,BUDGET CUSTOMER
4856,1957,1,Married,82347.0,0,0,2012-11-06,38,556,54,845,202,133,63,1,7,7,10,3,1,0,0,1,0,0,3,11,0,69,1,0,0,1853,2,4875,2,MODERATE SPENDER
7186,1966,4,Together,30843.0,1,1,2014-05-26,43,24,0,2,0,0,9,2,1,1,2,5,1,0,0,0,0,0,3,11,0,60,1,2,1,35,1,4309,1,PLATINUM CUSTOMER
5794,1974,4,Married,46374.0,0,1,2014-03-17,1,408,0,21,0,0,17,3,7,1,7,8,0,1,0,1,0,0,3,11,1,52,1,1,1,446,2,4379,0,BUDGET CUSTOMER
1456,1979,2,Single,60474.0,0,1,2013-04-01,25,265,199,303,234,9,170,7,10,2,12,7,0,0,0,0,0,0,3,11,0,47,0,1,1,1180,0,4729,2,MODERATE SPENDER
4877,1973,3,Married,38576.0,0,1,2014-03-04,2,34,0,7,0,0,0,1,1,0,3,7,0,0,0,0,0,0,3,11,0,53,1,1,1,41,0,4392,1,PLATINUM CUSTOMER
425,1985,2,Married,55357.0,2,0,2013-02-19,66,374,64,116,84,25,64,3,6,2,11,5,0,0,0,0,0,0,3,11,0,41,1,2,1,727,0,4770,0,BUDGET CUSTOMER
3007,1966,2,Together,37758.0,1,1,2012-10-04,49,27,2,10,0,0,1,2,1,0,3,8,0,0,0,0,0,0,3,11,0,60,1,2,1,40,0,4908,1,PLATINUM CUSTOMER
1031,1989,1,Married,85710.0,0,0,2013-05-05,5,600,20,350,29,30,33,1,6,9,10,2,0,0,1,0,0,0,3,11,0,37,1,0,0,1062,1,4695,2,MODERATE SPENDER
4297,1969,2,Together,23228.0,1,0,2014-01-26,71,13,2,18,6,1,0,2,2,0,3,8,0,0,0,0,0,0,3,11,0,57,1,1,1,40,0,4429,1,PLATINUM CUSTOMER
807,1969,3,Together,44602.0,1,1,2014-02-15,35,167,2,89,0,0,34,6,6,1,4,8,0,0,0,0,0,0,3,11,0,57,1,2,1,292,0,4409,0,BUDGET CUSTOMER
9553,1987,2,Married,7500.0,0,0,2013-01-09,94,0,2,3,4,1,5,1,0,0,3,6,0,0,0,0,0,0,3,11,0,39,1,0,0,15,0,4811,1,PLATINUM CUSTOMER
4271,1989,1,Together,38683.0,1,0,2012-10-04,80,46,35,69,84,41,66,6,4,1,6,7,0,0,0,0,0,0,3,11,0,37,1,1,1,341,0,4908,0,BUDGET CUSTOMER
4120,1975,1,Single,49514.0,1,0,2013-12-17,61,88,39,78,58,13,93,2,6,1,4,7,0,0,0,0,0,0,3,11,0,51,0,1,1,369,0,4469,0,BUDGET CUSTOMER
2036,1973,4,Together,57906.0,0,1,2013-06-11,29,243,11,119,10,3,15,3,4,2,8,4,0,0,0,0,0,0,3,11,0,53,1,1,1,401,0,4658,0,BUDGET CUSTOMER
115,1966,3,Single,43456.0,0,1,2013-03-26,0,275,11,68,25,7,7,3,5,1,8,5,0,0,0,0,0,0,3,11,0,60,0,1,1,393,0,4735,0,BUDGET CUSTOMER
4259,1986,3,Single,19485.0,2,0,2013-09-24,80,6,0,4,0,0,0,1,1,0,2,7,0,0,0,0,0,0,3,11,0,40,0,2,1,10,0,4553,1,PLATINUM CUSTOMER
8687,1978,2,Together,53172.0,0,1,2013-05-06,54,121,62,90,68,20,125,3,2,3,8,3,0,0,0,0,0,0,3,11,0,48,1,1,1,486,0,4694,0,BUDGET CUSTOMER
2447,1979,2,Together,30545.0,1,0,2012-10-17,71,4,12,15,19,7,12,2,2,0,3,7,0,0,0,0,0,0,3,11,0,47,1,1,1,69,0,4895,1,PLATINUM CUSTOMER
10140,1983,4,Together,70123.0,0,0,2013-09-28,27,1308,0,396,23,0,0,1,5,7,4,3,0,1,0,0,1,0,3,11,0,43,1,0,0,1727,2,4549,0,BUDGET CUSTOMER
9353,1959,2,Single,62450.0,0,1,2014-01-06,61,515,47,267,62,66,38,2,5,5,4,3,0,1,0,0,0,0,3,11,0,67,0,1,1,995,1,4449,0,BUDGET CUSTOMER
3623,1976,2,Together,21675.0,1,0,2014-06-11,55,4,0,16,17,4,4,3,4,0,3,7,0,0,0,0,0,0,3,11,0,50,1,1,1,45,0,4293,1,PLATINUM CUSTOMER
738,1981,1,Single,42395.0,1,1,2014-04-04,35,48,13,57,24,15,25,4,3,1,4,7,0,0,0,0,0,0,3,11,0,45,0,2,1,182,0,4361,1,PLATINUM CUSTOMER
7631,1978,3,Together,61346.0,1,0,2013-10-06,34,562,58,168,43,16,142,1,5,7,10,3,0,0,0,0,0,0,3,11,0,48,1,1,1,989,0,4541,0,BUDGET CUSTOMER
4789,1953,2,Together,80812.0,0,0,2013-09-17,95,769,22,500,210,143,33,1,4,8,5,2,1,0,1,1,0,0,3,11,0,73,1,0,0,1677,3,4560,2,MODERATE SPENDER
773,1971,3,Divorced,42835.0,1,1,2013-06-30,64,379,4,93,12,9,98,7,6,6,4,6,0,0,0,0,0,0,3,11,0,55,0,2,1,595,0,4639,0,BUDGET CUSTOMER
10602,1983,2,Married,39922.0,1,0,2013-02-14,30,29,12,59,19,1,36,2,3,0,4,8,0,0,0,0,0,0,3,11,0,43,1,1,1,156,0,4775,1,PLATINUM CUSTOMER
1446,1956,3,Single,86424.0,0,0,2014-04-05,12,387,68,569,89,45,68,1,6,9,12,1,0,0,0,0,0,0,3,11,0,70,0,0,0,1226,0,4360,2,MODERATE SPENDER
3270,1978,1,Together,17117.0,1,0,2013-01-17,96,12,23,38,30,18,7,4,3,1,3,9,0,0,0,0,0,0,3,11,0,48,1,1,1,128,0,4803,1,PLATINUM CUSTOMER
8443,1972,2,Single,24762.0,1,0,2014-02-10,16,6,10,12,3,15,40,3,3,1,2,8,1,0,0,0,0,0,3,11,1,54,0,1,1,86,1,4414,1,PLATINUM CUSTOMER
9653,1975,2,Married,35797.0,0,1,2012-10-16,16,27,1,14,4,1,21,2,2,0,3,8,0,0,0,0,0,0,3,11,0,51,1,1,1,68,0,4896,1,PLATINUM CUSTOMER
8916,1975,2,Divorced,36627.0,2,0,2013-07-23,78,9,1,5,0,0,1,1,0,0,3,5,0,0,0,0,0,0,3,11,0,51,0,2,1,16,0,4616,1,PLATINUM CUSTOMER
8017,1981,1,Married,51111.0,1,1,2014-06-19,83,22,0,19,6,5,3,2,2,0,3,6,0,0,0,0,0,0,3,11,0,45,1,2,1,55,0,4285,1,PLATINUM CUSTOMER
5830,1972,4,Single,86857.0,0,0,2012-09-12,96,899,102,838,133,102,40,1,5,6,10,2,0,0,0,0,0,0,3,11,1,54,0,0,0,2114,0,4930,2,MODERATE SPENDER
4597,1970,4,Together,82072.0,0,0,2013-07-02,67,889,55,685,168,92,129,1,3,2,13,1,0,0,0,0,0,0,3,11,0,56,1,0,0,2018,0,4637,2,MODERATE SPENDER
7023,1953,4,Single,46231.0,2,1,2012-11-26,87,189,2,55,0,5,12,4,6,1,4,9,0,0,0,0,0,0,3,11,0,73,0,3,1,263,0,4855,0,BUDGET CUSTOMER
8086,1959,2,Married,42243.0,1,1,2013-12-11,34,48,0,2,0,0,5,2,2,0,3,7,0,0,0,0,0,0,3,11,0,67,1,2,1,55,0,4475,1,PLATINUM CUSTOMER
8825,1962,2,Together,51195.0,1,1,2013-04-01,46,230,14,156,82,24,58,8,9,2,5,8,0,0,0,0,0,0,3,11,0,64,1,2,1,564,0,4729,0,BUDGET CUSTOMER
2930,1978,3,Single,68092.0,0,0,2013-12-16,7,852,60,207,78,36,48,2,2,6,10,5,0,0,0,0,0,0,3,11,0,48,0,0,0,1281,0,4470,0,BUDGET CUSTOMER
1928,1973,2,Married,31814.0,1,0,2013-02-09,73,35,3,20,4,1,20,2,2,0,3,9,1,0,0,0,0,0,3,11,0,53,1,1,1,83,1,4780,1,PLATINUM CUSTOMER
7108,1965,3,Widow,51390.0,1,1,2012-09-08,54,205,20,47,23,2,56,6,5,2,5,5,0,0,0,0,0,0,3,11,0,61,0,2,1,353,0,4934,0,BUDGET CUSTOMER
10925,1983,2,Married,76630.0,0,0,2014-01-14,93,255,31,446,40,56,175,1,3,10,11,1,0,0,0,0,0,0,3,11,0,43,1,0,0,1003,0,4441,2,MODERATE SPENDER
9960,1991,0,Single,26868.0,1,0,2014-04-30,52,0,0,1,8,3,2,1,1,0,2,7,0,0,0,0,0,0,3,11,0,35,0,1,1,14,0,4335,1,PLATINUM CUSTOMER
8800,1943,4,Divorced,48948.0,0,0,2013-02-01,53,437,8,206,160,49,42,2,7,10,5,6,1,0,0,0,0,0,3,11,1,83,0,0,0,902,1,4788,0,BUDGET CUSTOMER
9224,1972,4,Single,55260.0,0,1,2012-12-12,81,825,8,53,11,0,242,2,8,10,5,6,0,0,0,0,0,0,3,11,0,54,0,1,1,1139,0,4839,0,BUDGET CUSTOMER
5519,1956,2,Together,64090.0,0,1,2013-08-07,8,316,58,161,76,51,135,1,6,9,4,5,0,0,0,0,0,0,3,11,1,70,1,1,1,797,0,4601,0,BUDGET CUSTOMER
5046,1958,2,Divorced,78331.0,0,1,2014-01-23,97,756,138,354,160,169,61,2,10,6,7,4,0,0,0,0,0,0,3,11,0,68,0,1,1,1638,0,4432,2,MODERATE SPENDER
7037,1974,4,Married,37087.0,1,0,2013-08-11,50,194,55,134,15,0,3,3,4,2,8,6,0,0,0,0,0,0,3,11,0,52,1,1,1,401,0,4597,0,BUDGET CUSTOMER
905,1986,2,Divorced,21846.0,1,0,2013-10-22,38,7,17,18,6,10,26,4,4,0,3,8,0,0,0,0,0,0,3,11,0,40,0,1,1,84,0,4525,1,PLATINUM CUSTOMER
8624,1958,2,Married,81320.0,0,0,2013-02-06,61,183,33,493,59,103,57,1,4,3,10,2,0,0,0,0,0,0,3,11,0,68,1,0,0,928,0,4783,2,MODERATE SPENDER
8945,1970,2,Divorced,54137.0,0,1,2013-08-16,46,171,0,11,0,1,20,2,4,1,4,6,0,0,0,0,0,0,3,11,0,56,0,1,1,203,0,4592,1,PLATINUM CUSTOMER
6445,1967,2,Together,66825.0,0,0,2013-07-14,73,243,101,405,29,40,40,1,4,5,6,2,0,0,0,0,0,0,3,11,0,59,1,0,0,858,0,4625,2,MODERATE SPENDER
2727,1973,2,Together,57100.0,0,0,2013-12-04,19,181,21,69,39,3,96,1,3,3,6,3,0,0,0,0,0,0,3,11,0,53,1,0,0,409,0,4482,0,BUDGET CUSTOMER
6404,1969,2,Together,58917.0,1,2,2013-03-24,10,151,7,89,0,7,28,5,4,1,6,5,0,0,0,0,0,0,3,11,0,57,1,3,1,282,0,4737,0,BUDGET CUSTOMER
11074,1977,2,Single,85072.0,0,0,2014-04-09,94,494,92,391,194,11,241,1,3,4,10,0,0,0,0,0,0,0,3,11,0,49,0,0,0,1423,0,4356,2,MODERATE SPENDER
10150,1961,2,Single,86429.0,0,0,2013-11-21,10,464,28,873,29,18,37,0,7,4,7,2,0,0,0,1,0,0,3,11,1,65,0,0,0,1449,1,4495,2,MODERATE SPENDER
1968,1971,2,Widow,45684.0,1,0,2013-12-02,37,5,1,5,10,0,7,1,1,0,2,7,0,0,0,0,0,0,3,11,0,55,0,1,1,28,0,4484,1,PLATINUM CUSTOMER
6534,1974,2,Together,47889.0,1,0,2014-01-04,94,29,0,29,0,5,4,1,2,0,3,5,0,0,0,0,0,0,3,11,0,52,1,1,1,67,0,4451,1,PLATINUM CUSTOMER
9485,1986,4,Married,45921.0,0,0,2014-03-10,23,102,9,49,24,3,12,1,2,1,6,4,0,0,0,0,0,0,3,11,0,40,1,0,0,199,0,4386,1,PLATINUM CUSTOMER
7053,1966,4,Single,78420.0,0,0,2013-06-29,75,604,28,674,91,28,28,1,3,10,8,1,0,0,0,0,0,0,3,11,0,60,0,0,0,1453,0,4640,2,MODERATE SPENDER
4654,1992,2,Together,75114.0,0,0,2013-11-07,40,571,12,523,63,60,24,1,3,10,5,2,0,0,0,0,0,0,3,11,0,34,1,0,0,1253,0,4509,2,MODERATE SPENDER
9760,1963,4,Widow,52278.0,0,1,2013-01-25,24,953,0,71,0,0,174,6,10,5,10,8,0,0,0,0,0,0,3,11,1,63,0,1,1,1198,0,4795,0,BUDGET CUSTOMER
1048,1972,3,Married,35641.0,1,0,2013-07-14,11,63,3,67,8,9,28,2,3,1,4,7,0,0,0,0,0,0,3,11,1,54,1,1,1,178,0,4625,1,PLATINUM CUSTOMER
10619,1994,2,Single,95529.0,0,0,2012-12-03,29,770,29,890,250,27,24,1,7,3,7,3,0,0,1,0,0,0,3,11,1,32,0,0,0,1990,1,4848,2,MODERATE SPENDER
9308,1954,2,Married,62820.0,0,0,2013-05-11,51,398,61,265,138,61,53,1,3,4,6,1,0,0,0,0,0,0,3,11,0,72,1,0,0,976,0,4689,2,MODERATE SPENDER
10505,1960,3,Together,73113.0,0,0,2013-12-26,86,741,19,154,50,9,28,1,3,4,7,2,0,0,0,0,0,0,3,11,0,66,1,0,0,1001,0,4460,0,BUDGET CUSTOMER
8362,1982,4,Married,84169.0,0,0,2013-08-07,9,1478,19,403,0,19,0,1,7,6,6,3,0,1,1,0,0,0,3,11,1,44,1,0,0,1919,2,4601,0,BUDGET CUSTOMER
2625,1954,1,Single,42607.0,0,1,2013-11-17,30,156,29,56,30,32,47,2,3,2,7,3,0,0,0,0,0,0,3,11,0,72,0,1,1,350,0,4499,0,BUDGET CUSTOMER
4637,1954,4,Single,74637.0,0,0,2013-05-18,73,960,64,464,146,0,16,1,6,9,9,3,0,0,0,1,0,0,3,11,0,72,0,0,0,1650,1,4682,2,MODERATE SPENDER
9972,1955,4,Together,46015.0,1,1,2014-04-13,25,38,0,2,0,0,6,1,1,0,3,7,1,0,0,0,1,0,3,11,0,71,1,2,1,46,2,4352,1,PLATINUM CUSTOMER
4483,1993,2,Single,72354.0,0,0,2013-04-17,67,315,26,473,220,12,182,1,2,10,6,1,0,0,0,0,0,0,3,11,0,33,0,0,0,1228,0,4713,2,MODERATE SPENDER
4487,1969,3,Single,39858.0,1,0,2013-01-24,67,15,20,25,2,7,26,1,2,0,4,6,0,0,0,0,0,0,3,11,1,57,0,1,1,95,0,4796,1,PLATINUM CUSTOMER
4988,1948,4,Married,34469.0,1,1,2014-05-04,58,19,6,20,0,5,12,3,1,1,4,4,0,0,0,0,0,0,3,11,0,78,1,2,1,62,0,4331,1,PLATINUM CUSTOMER
8931,1986,2,Together,83033.0,1,0,2014-05-18,82,812,99,431,237,149,33,1,11,4,10,5,0,0,0,1,0,0,3,11,0,40,1,1,1,1761,1,4317,2,MODERATE SPENDER
5871,1979,3,Together,24401.0,0,0,2012-08-31,98,73,28,217,10,24,115,3,6,1,6,8,0,0,0,0,0,0,3,11,0,47,1,0,0,467,0,4942,0,BUDGET CUSTOMER
2008,1978,2,Married,77583.0,0,0,2014-02-10,93,372,23,384,250,12,108,1,4,5,9,2,0,0,0,1,0,0,3,11,0,48,1,0,0,1149,1,4414,2,MODERATE SPENDER
3139,1982,1,Single,74116.0,0,0,2013-12-30,53,871,111,704,145,55,166,1,4,4,10,2,0,1,0,0,0,0,3,11,0,44,0,0,0,2052,1,4456,2,MODERATE SPENDER
10037,1993,2,Single,74293.0,0,0,2014-05-04,66,375,152,335,93,91,81,1,5,4,6,2,0,0,0,0,0,0,3,11,0,33,0,0,0,1127,0,4331,2,MODERATE SPENDER
10673,1976,4,Married,68397.0,0,1,2013-11-17,6,760,80,466,17,13,80,1,6,9,5,3,0,0,0,0,0,0,3,11,0,50,1,1,1,1416,0,4499,2,MODERATE SPENDER
5303,1974,4,Together,79632.0,0,0,2014-04-08,42,471,0,510,99,21,12,1,6,4,9,2,0,0,0,0,0,0,3,11,0,52,1,0,0,1113,0,4357,2,MODERATE SPENDER
538,1989,2,Single,46107.0,1,0,2014-02-10,78,31,9,27,16,9,33,1,1,1,4,3,0,0,0,0,0,0,3,11,0,37,0,1,1,125,0,4414,1,PLATINUM CUSTOMER
7922,1951,4,Single,64950.0,0,1,2012-08-12,29,819,0,72,12,0,63,2,11,2,10,7,0,1,0,0,0,0,3,11,0,75,0,1,1,966,1,4961,0,BUDGET CUSTOMER
5692,1989,0,Married,25443.0,1,0,2012-12-22,82,1,4,3,8,9,7,1,1,0,3,8,0,0,0,0,0,0,3,11,0,37,1,1,1,32,0,4829,1,PLATINUM CUSTOMER
4843,1952,2,Single,75127.0,0,0,2014-05-22,92,203,35,305,46,17,227,1,2,11,5,1,0,0,0,0,0,0,3,11,0,74,0,0,0,833,0,4313,2,MODERATE SPENDER
6383,1971,4,Together,32892.0,1,0,2014-05-25,78,26,0,15,2,1,2,2,3,0,3,8,0,0,0,0,0,0,3,11,0,55,1,1,1,46,0,4310,1,PLATINUM CUSTOMER
1628,1971,2,Together,71796.0,0,0,2013-10-24,54,354,21,311,167,75,32,1,9,3,4,4,0,0,0,0,0,0,3,11,0,55,1,0,0,960,0,4523,2,MODERATE SPENDER
1204,1970,4,Married,67536.0,0,1,2013-05-22,45,1253,0,447,23,71,35,3,11,5,11,8,0,0,0,1,0,0,3,11,0,56,1,1,1,1829,1,4678,0,BUDGET CUSTOMER
3673,1971,2,Single,55239.0,0,1,2013-07-14,59,371,17,238,23,24,106,3,7,5,11,5,0,0,0,0,0,0,3,11,0,55,0,1,1,779,0,4625,0,BUDGET CUSTOMER
760,1975,4,Divorced,60554.0,1,0,2013-08-09,8,588,7,76,110,15,15,2,8,4,9,6,0,0,0,0,0,0,3,11,0,51,0,1,1,811,0,4599,0,BUDGET CUSTOMER
8957,1952,1,Single,64831.0,1,1,2013-06-10,51,480,86,249,75,86,144,8,6,3,5,6,0,0,0,0,0,0,3,11,0,74,0,2,1,1120,0,4659,2,MODERATE SPENDER
4128,1962,4,Together,56067.0,0,1,2013-07-20,51,517,12,54,16,6,120,2,7,4,7,5,0,0,0,0,0,0,3,11,0,64,1,1,1,725,0,4619,0,BUDGET CUSTOMER
6810,1983,2,Divorced,82025.0,0,0,2013-05-28,76,267,98,606,48,70,98,1,3,2,6,1,0,0,1,0,0,0,3,11,1,43,0,0,0,1187,1,4672,2,MODERATE SPENDER
5386,1953,2,Together,94384.0,0,0,2013-03-04,62,1111,24,790,160,45,172,0,5,8,5,2,0,1,1,1,0,0,3,11,1,73,1,0,0,2302,3,4757,2,MODERATE SPENDER
8700,1986,0,Single,14906.0,0,0,2012-12-22,86,7,7,14,7,16,15,3,2,1,3,7,0,0,0,0,0,0,3,11,0,40,0,0,0,66,0,4829,1,PLATINUM CUSTOMER
3202,1987,4,Married,51563.0,0,0,2012-10-01,60,1166,0,48,0,0,36,1,4,4,10,8,0,1,1,0,0,0,3,11,0,39,1,0,0,1250,2,4911,0,BUDGET CUSTOMER
1328,1982,1,Married,57937.0,0,1,2014-02-16,56,261,42,144,55,48,133,3,4,4,9,3,0,0,0,0,0,0,3,11,0,44,1,1,1,683,0,4408,0,BUDGET CUSTOMER
8405,1979,2,Divorced,68274.0,1,1,2013-09-30,83,135,25,51,23,25,46,2,4,2,5,3,0,0,0,0,0,0,3,11,0,47,0,2,1,305,0,4547,0,BUDGET CUSTOMER
6515,1977,2,Together,39771.0,1,0,2013-12-06,92,6,2,18,2,8,14,1,2,0,3,4,0,0,0,0,0,0,3,11,0,49,1,1,1,50,0,4480,1,PLATINUM CUSTOMER
2882,1975,1,Divorced,67893.0,0,1,2012-10-01,31,711,28,142,49,18,47,2,3,2,9,8,0,0,0,0,0,0,3,11,0,51,0,1,1,995,0,4911,0,BUDGET CUSTOMER
7574,1979,4,Together,27922.0,1,0,2014-05-10,80,11,0,13,2,4,11,1,2,0,3,4,0,0,0,0,0,0,3,11,0,47,1,1,1,41,0,4325,1,PLATINUM CUSTOMER
6387,1976,4,Together,52190.0,1,1,2014-05-08,39,42,0,17,0,0,18,3,2,1,3,5,1,0,0,0,0,0,3,11,0,50,1,2,1,77,1,4327,1,PLATINUM CUSTOMER
5320,1973,3,Divorced,44051.0,1,1,2013-01-29,20,79,7,58,6,3,18,4,3,1,4,6,0,0,0,0,0,0,3,11,1,53,0,2,1,171,0,4791,1,PLATINUM CUSTOMER
5048,1971,4,Single,42767.0,2,0,2013-05-11,53,20,6,43,19,5,38,1,3,1,2,8,0,0,0,0,0,0,3,11,0,55,0,2,1,131,0,4689,1,PLATINUM CUSTOMER
8146,1976,3,Together,46106.0,1,1,2014-05-11,84,30,0,8,2,0,14,1,1,1,2,6,0,0,0,0,0,0,3,11,0,50,1,2,1,54,0,4324,1,PLATINUM CUSTOMER
10031,1976,4,Married,16927.0,1,1,2013-02-10,50,20,2,23,3,1,4,5,3,0,4,8,0,0,0,0,0,0,3,11,0,50,1,2,1,53,0,4779,1,PLATINUM CUSTOMER
5748,1965,2,Married,59754.0,0,1,2012-12-01,96,115,27,44,4,146,139,3,5,2,6,5,0,0,0,0,0,0,3,11,1,61,1,1,1,475,0,4850,0,BUDGET CUSTOMER
2134,1952,2,Single,53700.0,0,1,2012-08-17,94,263,5,233,69,41,83,4,5,5,8,5,0,0,0,0,0,0,3,11,0,74,0,1,1,694,0,4956,0,BUDGET CUSTOMER
1523,1973,2,Married,59041.0,1,1,2014-05-07,25,69,2,15,2,2,6,2,2,0,4,5,0,0,0,0,0,0,3,11,0,53,1,2,1,96,0,4328,1,PLATINUM CUSTOMER
9665,1957,4,Divorced,54237.0,0,1,2013-04-27,48,267,3,30,4,0,57,4,5,2,5,6,0,0,0,0,0,0,3,11,0,69,0,1,1,361,0,4703,0,BUDGET CUSTOMER
4640,1967,2,Divorced,70647.0,0,1,2012-09-21,65,561,85,171,25,123,114,2,4,7,13,2,0,0,0,0,0,0,3,11,0,59,0,1,1,1079,0,4921,0,BUDGET CUSTOMER
3635,1962,4,Single,52597.0,0,1,2014-05-07,69,492,0,37,7,0,42,3,6,3,8,5,0,0,0,0,0,0,3,11,0,64,0,1,1,578,0,4328,0,BUDGET CUSTOMER
3547,1969,3,Together,41021.0,1,0,2012-12-30,12,14,7,9,6,16,12,2,2,0,3,6,0,0,0,0,0,0,3,11,1,57,1,1,1,64,0,4821,1,PLATINUM CUSTOMER
2456,1975,4,Married,40233.0,0,1,2013-10-14,84,80,4,46,0,17,2,5,2,1,5,6,0,0,0,0,0,0,3,11,0,51,1,1,1,149,0,4533,1,PLATINUM CUSTOMER
5633,1980,2,Married,50183.0,1,1,2014-06-25,47,97,12,84,13,10,15,7,3,1,6,5,0,0,0,0,0,0,3,11,0,46,1,2,1,231,0,4279,1,PLATINUM CUSTOMER
7801,1959,2,Together,54753.0,0,1,2013-09-12,87,197,107,227,7,59,131,3,5,2,11,4,0,0,0,0,0,0,3,11,0,67,1,1,1,728,0,4565,0,BUDGET CUSTOMER
10489,1973,2,Married,92955.0,0,0,2013-08-19,35,693,21,925,31,24,84,1,6,7,9,2,0,0,1,1,0,0,3,11,1,53,1,0,0,1778,2,4589,2,MODERATE SPENDER
7011,1973,2,Married,33471.0,1,0,2012-10-12,47,43,2,27,0,9,12,3,3,0,4,7,0,0,0,0,0,0,3,11,0,53,1,1,1,93,0,4900,1,PLATINUM CUSTOMER
2620,1974,4,Married,34596.0,1,0,2013-04-13,48,14,0,2,0,0,7,1,1,0,2,8,0,0,0,0,0,0,3,11,1,52,1,1,1,23,0,4717,1,PLATINUM CUSTOMER
3933,1980,2,Together,44010.0,1,0,2012-10-13,46,186,36,234,86,72,48,6,10,2,6,9,0,0,0,0,0,0,3,11,0,46,1,1,1,662,0,4899,0,BUDGET CUSTOMER
10981,1988,2,Married,84219.0,0,0,2014-02-02,27,434,137,400,45,137,45,1,3,4,10,1,0,0,0,0,0,0,3,11,0,38,1,0,0,1198,0,4422,2,MODERATE SPENDER
1734,1968,4,Together,40706.0,2,1,2013-01-17,37,59,0,11,4,2,5,4,3,0,4,7,0,0,0,0,0,0,3,11,0,58,1,3,1,81,0,4803,1,PLATINUM CUSTOMER
10995,1988,1,Married,15716.0,1,0,2012-11-12,8,16,5,30,8,7,26,3,3,0,4,8,0,0,0,0,0,1,3,11,0,38,1,1,1,92,0,4869,1,PLATINUM CUSTOMER
6357,1959,1,Divorced,59052.0,0,1,2013-11-17,29,230,35,75,63,57,31,3,7,1,7,5,0,0,0,0,0,0,3,11,0,67,0,1,1,491,0,4499,0,BUDGET CUSTOMER
9209,1971,3,Together,80573.0,0,0,2012-10-14,85,829,138,430,60,92,15,1,4,6,13,2,0,0,0,0,0,0,3,11,0,55,1,0,0,1564,0,4898,2,MODERATE SPENDER
10286,1962,2,Married,83715.0,0,0,2014-02-03,2,318,8,407,150,35,8,1,2,8,13,0,0,0,0,0,0,0,3,11,0,64,1,0,0,926,0,4421,2,MODERATE SPENDER
2611,1959,3,Together,82576.0,0,0,2012-08-01,66,1206,55,445,168,18,18,1,2,4,12,1,0,0,1,0,0,0,3,11,0,67,1,0,0,1910,1,4972,2,MODERATE SPENDER
1600,1965,3,Married,56962.0,2,1,2013-10-11,60,292,3,77,10,3,26,7,6,3,5,7,0,0,0,0,0,0,3,11,0,61,1,3,1,411,0,4536,0,BUDGET CUSTOMER
3308,1952,2,Married,35704.0,1,1,2014-01-03,54,30,9,12,2,11,30,3,2,0,4,4,0,0,0,0,0,0,3,11,0,74,1,2,1,94,0,4452,1,PLATINUM CUSTOMER
5407,1954,2,Together,53103.0,0,1,2013-09-12,70,729,17,133,11,0,195,5,10,6,7,7,1,0,0,0,0,0,3,11,0,72,1,1,1,1085,1,4565,0,BUDGET CUSTOMER
2166,1960,1,Widow,46779.0,1,1,2013-07-12,55,12,1,3,0,0,7,1,0,1,2,4,0,0,0,0,0,0,3,11,0,66,0,2,1,23,0,4627,1,PLATINUM CUSTOMER
3955,1965,2,Divorced,4861.0,0,0,2014-06-22,20,2,1,1,1,0,1,0,0,0,0,14,0,0,0,0,0,0,3,11,0,61,0,0,0,6,0,4282,1,PLATINUM CUSTOMER
6634,1979,3,Divorced,33462.0,1,0,2013-08-07,78,22,3,18,0,0,11,1,2,0,3,7,0,0,0,0,0,0,3,11,0,47,0,1,1,54,0,4601,1,PLATINUM CUSTOMER
3056,1978,2,Divorced,63693.0,0,1,2013-10-14,63,587,43,337,42,87,54,3,11,6,9,6,0,0,0,0,0,0,3,11,0,48,0,1,1,1150,0,4533,0,BUDGET CUSTOMER
5718,1950,2,Married,80763.0,0,0,2013-08-15,17,674,168,108,192,42,231,1,5,11,6,3,0,0,1,1,0,0,3,11,1,76,1,0,0,1415,2,4593,2,MODERATE SPENDER
6872,1974,4,Married,65352.0,0,1,2013-08-21,43,284,3,84,4,7,23,2,4,2,8,4,0,0,0,0,0,0,3,11,0,52,1,1,1,405,0,4587,0,BUDGET CUSTOMER
8164,1978,4,Married,82170.0,0,0,2013-11-25,13,1023,93,651,49,55,37,1,5,6,7,2,0,0,0,0,0,0,3,11,0,48,1,0,0,1908,0,4491,2,MODERATE SPENDER
4580,1969,2,Married,75759.0,0,0,2013-10-25,46,1394,22,708,89,91,182,1,9,7,9,5,1,0,1,1,0,0,3,11,1,57,1,0,0,2486,3,4522,2,MODERATE SPENDER
9305,1976,1,Single,79689.0,0,0,2013-05-12,65,311,26,640,180,37,121,1,4,9,13,2,0,0,0,0,0,0,3,11,0,50,0,0,0,1315,0,4688,2,MODERATE SPENDER
453,1956,4,Widow,35340.0,1,1,2014-06-29,1,27,0,12,0,1,5,2,2,0,3,5,0,0,0,0,0,0,3,11,0,70,0,2,1,45,0,4275,1,PLATINUM CUSTOMER
8545,1954,2,Divorced,85683.0,0,0,2014-03-21,6,1296,17,311,45,69,51,1,2,4,10,1,0,1,1,1,1,0,3,11,1,72,0,0,0,1789,4,4375,2,MODERATE SPENDER
9850,1972,1,Married,24884.0,1,0,2012-11-29,32,3,6,7,0,0,3,1,0,0,3,7,0,0,0,0,0,0,3,11,0,54,1,1,1,19,0,4852,1,PLATINUM CUSTOMER
7378,1981,3,Together,42021.0,1,0,2012-08-31,34,393,5,136,7,5,27,5,10,1,6,9,1,0,0,0,0,0,3,11,0,45,1,1,1,573,1,4942,0,BUDGET CUSTOMER
7646,1989,2,Single,64449.0,1,0,2014-02-18,70,218,63,282,137,35,70,4,5,3,12,4,0,0,0,0,0,0,3,11,0,37,0,1,1,805,0,4406,2,MODERATE SPENDER
1640,1954,2,Divorced,64587.0,1,1,2014-06-22,49,66,0,16,0,6,20,2,1,1,4,3,0,0,0,0,0,0,3,11,0,72,0,2,1,108,0,4282,1,PLATINUM CUSTOMER
5184,1995,2,Single,34824.0,0,0,2014-03-26,65,4,2,11,2,0,4,1,1,0,2,6,0,0,0,0,0,0,3,11,0,31,0,0,0,23,0,4370,1,PLATINUM CUSTOMER
8492,1978,2,Together,75437.0,0,0,2013-11-09,25,795,0,545,95,58,0,1,8,4,10,6,0,0,0,1,0,0,3,11,0,48,1,0,0,1493,1,4507,2,MODERATE SPENDER
11188,1957,2,Together,26091.0,1,1,2014-02-25,84,15,10,19,8,17,20,3,2,1,3,5,0,0,0,0,0,0,3,11,0,69,1,2,1,89,0,4399,1,PLATINUM CUSTOMER
1212,1973,2,Married,52845.0,1,0,2013-08-13,7,384,25,292,130,41,64,3,8,8,6,6,1,0,0,0,0,0,3,11,0,53,1,1,1,936,1,4595,0,BUDGET CUSTOMER
9097,1956,2,Divorced,46086.0,0,1,2013-11-03,34,244,8,32,7,2,50,4,3,1,8,4,0,0,0,0,0,0,3,11,0,70,0,1,1,343,0,4513,0,BUDGET CUSTOMER
10473,1956,4,Widow,78028.0,0,1,2012-09-10,38,158,19,288,25,0,38,1,6,4,9,7,0,1,1,0,0,0,3,11,1,70,0,1,1,528,2,4932,0,BUDGET CUSTOMER
7962,1987,4,Single,95169.0,0,0,2013-10-09,1,1285,21,449,106,20,20,1,4,3,4,1,0,0,1,1,0,0,3,11,1,39,0,0,0,1901,2,4538,2,MODERATE SPENDER
9984,1981,1,Married,56337.0,1,1,2013-03-27,25,349,16,144,28,5,182,5,8,5,4,8,1,0,0,1,0,0,3,11,1,45,1,2,1,724,2,4734,0,BUDGET CUSTOMER
5527,1987,2,Together,22434.0,1,0,2013-02-13,25,4,12,11,3,13,15,2,2,0,3,8,0,0,0,0,0,0,3,11,0,39,1,1,1,58,0,4776,1,PLATINUM CUSTOMER
6374,1954,4,Married,36930.0,0,1,2013-05-17,50,223,2,31,0,2,39,5,5,2,4,8,0,0,0,0,0,0,3,11,0,72,1,1,1,297,0,4683,0,BUDGET CUSTOMER
7453,1954,2,Single,36130.0,0,1,2013-02-02,46,157,43,127,68,56,37,6,3,8,4,4,1,0,0,0,0,0,3,11,1,72,0,1,1,488,1,4787,0,BUDGET CUSTOMER
8952,1953,3,Married,65569.0,0,1,2012-11-05,96,397,46,288,20,38,70,2,6,5,10,3,0,0,0,0,0,0,3,11,0,73,1,1,1,859,0,4876,0,BUDGET CUSTOMER
241,1952,2,Together,83844.0,0,0,2013-05-12,57,901,31,345,75,31,191,1,4,4,11,1,0,0,1,0,0,0,3,11,0,74,1,0,0,1574,1,4688,2,MODERATE SPENDER
8975,1968,2,Married,19514.0,1,1,2014-01-26,47,14,3,21,2,1,28,4,3,1,2,8,1,0,0,0,0,0,3,11,0,58,1,2,1,69,1,4429,1,PLATINUM CUSTOMER
6119,1963,4,Single,36736.0,1,1,2013-05-10,52,10,0,3,0,0,4,1,1,0,2,6,0,0,0,0,0,0,3,11,0,63,0,2,1,17,0,4690,1,PLATINUM CUSTOMER
5236,1979,2,Together,77568.0,0,1,2012-08-25,30,1230,0,396,232,178,158,1,10,2,8,5,0,1,1,1,0,0,3,11,0,47,1,1,1,2194,3,4948,2,MODERATE SPENDER
5723,1976,4,Together,49187.0,0,1,2014-01-11,63,81,1,31,2,1,0,1,1,1,5,2,0,0,0,0,0,0,3,11,0,50,1,1,1,116,0,4444,1,PLATINUM CUSTOMER
1710,1978,2,Single,30168.0,1,0,2013-03-07,51,154,20,66,0,12,27,7,6,1,4,9,0,0,0,0,0,0,3,11,0,48,0,1,1,279,0,4754,0,BUDGET CUSTOMER
1970,1968,3,Together,34053.0,0,1,2012-09-10,14,63,0,21,7,0,12,1,3,0,3,8,0,0,0,0,0,0,3,11,0,58,1,1,1,103,0,4932,1,PLATINUM CUSTOMER
5313,1971,3,Married,38196.0,1,1,2014-04-18,20,30,0,11,0,0,3,3,2,0,4,5,0,0,0,0,0,0,3,11,0,55,1,2,1,44,0,4347,1,PLATINUM CUSTOMER
10634,1951,3,Married,59412.0,0,0,2014-04-19,56,90,67,165,30,43,11,1,4,2,8,3,0,0,0,0,0,0,3,11,0,75,1,0,0,406,0,4346,0,BUDGET CUSTOMER
7010,1965,1,Married,70924.0,0,0,2014-04-07,41,635,114,254,132,152,76,1,6,6,7,3,0,0,1,0,0,0,3,11,0,61,1,0,0,1363,1,4358,2,MODERATE SPENDER
8562,1969,2,Together,54165.0,0,0,2013-05-28,72,127,4,73,15,6,11,1,2,1,7,2,0,0,0,0,0,0,3,11,0,57,1,0,0,236,0,4672,1,PLATINUM CUSTOMER
3158,1973,2,Married,32300.0,1,0,2013-01-03,1,13,3,6,6,5,6,1,1,0,3,8,0,0,0,0,0,0,3,11,0,53,1,1,1,39,0,4817,1,PLATINUM CUSTOMER
4436,1976,2,Single,20180.0,0,0,2013-02-20,27,18,42,24,15,20,18,1,2,1,4,7,0,0,0,0,0,0,3,11,0,50,0,0,0,137,0,4769,1,PLATINUM CUSTOMER
5287,1973,2,Married,34961.0,1,0,2014-06-19,77,45,2,26,4,1,1,3,3,1,3,7,0,0,0,0,0,0,3,11,0,53,1,1,1,79,0,4285,1,PLATINUM CUSTOMER
2445,1974,4,Together,28440.0,1,0,2013-07-07,87,38,1,24,0,0,0,1,2,0,3,8,0,0,0,0,0,0,3,11,0,52,1,1,1,63,0,4632,1,PLATINUM CUSTOMER
6059,1953,4,Together,64504.0,1,2,2013-03-04,81,986,36,168,16,0,108,7,11,3,4,7,0,0,0,0,0,0,3,11,1,73,1,3,1,1314,0,4757,0,BUDGET CUSTOMER
4550,1966,3,Together,33564.0,0,1,2014-06-24,51,61,0,3,0,0,7,1,1,1,3,5,0,0,0,0,0,0,3,11,0,60,1,1,1,71,0,4280,1,PLATINUM CUSTOMER
4240,1978,2,Married,17345.0,1,0,2012-11-03,79,4,9,16,17,0,12,2,2,1,2,8,0,0,0,0,0,0,3,11,0,48,1,1,1,58,0,4878,1,PLATINUM CUSTOMER
8911,1967,4,Married,56320.0,0,1,2013-04-08,11,201,53,172,116,77,83,3,5,4,9,4,0,0,0,0,0,0,3,11,0,59,1,1,1,702,0,4722,0,BUDGET CUSTOMER
3706,1978,2,Single,28647.0,1,0,2013-08-21,54,19,8,29,0,12,26,1,2,2,2,7,1,0,0,0,0,0,3,11,1,48,0,1,1,94,1,4587,1,PLATINUM CUSTOMER
3628,1987,0,Single,15038.0,1,0,2013-01-29,93,4,8,11,19,12,26,2,2,1,2,9,0,0,0,0,0,0,3,11,0,39,0,1,1,80,0,4791,1,PLATINUM CUSTOMER
10175,1958,4,Divorced,32173.0,0,1,2013-08-01,0,18,0,2,0,0,2,1,1,0,3,4,0,0,0,0,0,0,3,11,0,68,0,1,1,22,0,4607,1,PLATINUM CUSTOMER
8985,1964,1,Together,68316.0,0,1,2012-11-04,54,806,80,161,120,11,33,5,10,7,10,6,0,0,0,0,0,0,3,11,0,62,1,1,1,1211,0,4877,0,BUDGET CUSTOMER
5204,1971,2,Together,74538.0,0,0,2013-06-29,21,380,98,733,110,112,28,1,8,8,5,3,0,0,1,0,0,0,3,11,1,55,1,0,0,1461,1,4640,2,MODERATE SPENDER
9220,1971,2,Single,91700.0,0,0,2013-01-17,58,576,172,961,125,115,19,1,8,6,5,3,0,0,0,0,0,0,3,11,1,55,0,0,0,1968,0,4803,2,MODERATE SPENDER
9888,1969,2,Together,68695.0,0,0,2014-06-25,3,458,81,356,106,50,40,1,4,4,7,2,0,0,0,0,0,0,3,11,0,57,1,0,0,1091,0,4279,2,MODERATE SPENDER
5263,1977,1,Married,31056.0,1,0,2013-01-22,99,5,10,13,3,8,16,1,1,0,3,8,0,0,0,0,0,0,3,11,0,49,1,1,1,55,0,4798,1,PLATINUM CUSTOMER
1020,1973,2,Married,79593.0,0,0,2014-05-12,70,350,60,568,110,133,145,1,5,6,7,2,0,0,1,0,0,0,3,11,0,53,1,0,0,1366,1,4323,2,MODERATE SPENDER
9503,1980,2,Single,28071.0,0,0,2012-08-29,65,39,33,130,41,26,44,2,5,1,5,8,0,0,0,0,0,0,3,11,0,46,0,0,0,313,0,4944,0,BUDGET CUSTOMER
10613,1958,4,Together,37334.0,1,1,2014-02-26,44,26,1,16,2,2,15,4,3,0,4,4,0,0,0,0,0,0,3,11,0,68,1,2,1,62,0,4398,1,PLATINUM CUSTOMER
67,1972,3,Single,46423.0,1,1,2013-09-18,6,68,0,16,0,0,8,3,2,0,4,7,0,0,0,0,0,0,3,11,0,54,0,2,1,92,0,4559,1,PLATINUM CUSTOMER
6019,1971,4,Married,37126.0,1,0,2014-03-30,9,45,3,9,4,4,7,1,1,2,2,6,1,0,0,0,0,0,3,11,1,55,1,1,1,72,1,4366,1,PLATINUM CUSTOMER
5863,1953,2,Married,47703.0,0,1,2013-05-29,95,359,0,134,13,26,123,4,6,3,8,5,0,0,0,0,0,0,3,11,0,73,1,1,1,655,0,4671,0,BUDGET CUSTOMER
3717,1959,2,Married,61180.0,0,1,2014-04-23,70,403,24,29,6,24,218,2,5,5,6,3,1,0,0,0,0,0,3,11,0,67,1,1,1,704,1,4342,0,BUDGET CUSTOMER
6730,1954,2,Married,38998.0,1,1,2012-11-03,92,34,1,14,0,0,5,3,2,0,3,8,0,0,0,0,0,1,3,11,0,72,1,2,1,54,0,4878,1,PLATINUM CUSTOMER
10749,1991,2,Single,8028.0,0,0,2012-09-18,62,73,18,66,7,12,2,15,0,1,0,19,0,0,0,0,0,0,3,11,0,35,0,0,0,178,0,4924,1,PLATINUM CUSTOMER
4998,1962,2,Together,76081.0,0,0,2014-05-23,85,292,30,415,63,33,200,1,4,5,4,2,0,0,0,1,0,0,3,11,0,64,1,0,0,1033,1,4312,2,MODERATE SPENDER
6287,1986,2,Together,34728.0,1,0,2013-07-30,2,14,0,16,0,0,6,1,1,1,2,6,0,0,0,0,0,0,3,11,1,40,1,1,1,36,0,4609,1,PLATINUM CUSTOMER
5985,1965,3,Single,33168.0,0,1,2012-10-13,0,80,1,37,0,1,3,3,2,1,4,7,0,0,0,0,0,0,3,11,0,61,0,1,1,122,0,4899,1,PLATINUM CUSTOMER
4754,1966,3,Married,33585.0,0,1,2013-09-25,91,30,11,33,13,6,29,1,2,0,4,4,0,0,0,0,0,0,3,11,0,60,1,1,1,122,0,4552,1,PLATINUM CUSTOMER
4002,1960,4,Married,77037.0,0,1,2013-10-13,3,463,96,333,168,53,10,1,7,7,12,3,0,0,0,0,0,0,3,11,0,66,1,1,1,1123,0,4534,2,MODERATE SPENDER
8870,1984,2,Together,35196.0,1,0,2012-11-13,68,75,12,141,43,39,187,6,6,1,5,8,0,0,0,0,0,0,3,11,1,42,1,1,1,497,0,4868,0,BUDGET CUSTOMER
966,1966,2,Married,44529.0,0,1,2013-07-05,98,538,13,91,17,6,26,6,6,2,11,5,0,1,0,0,0,0,3,11,0,60,1,1,1,691,1,4634,0,BUDGET CUSTOMER
4767,1965,1,Married,70924.0,0,0,2014-04-07,41,635,114,254,132,152,76,1,6,6,7,3,0,0,1,0,0,0,3,11,0,61,1,0,0,1363,1,4358,2,MODERATE SPENDER
9725,1966,4,Together,28764.0,1,1,2014-06-05,16,8,0,3,0,0,1,1,1,0,2,8,1,0,0,0,0,0,3,11,0,60,1,2,1,12,1,4299,1,PLATINUM CUSTOMER
4475,1949,4,Married,69098.0,0,0,2013-02-16,82,1315,22,780,145,0,178,1,7,8,9,5,0,0,0,0,0,0,3,11,0,77,1,0,0,2440,0,4773,2,MODERATE SPENDER
5740,1970,1,Divorced,25959.0,1,1,2013-02-14,1,4,2,12,7,5,26,2,1,2,2,6,0,0,0,0,0,0,3,11,1,56,0,2,1,56,0,4775,1,PLATINUM CUSTOMER
5731,1983,3,Married,27100.0,1,0,2013-04-05,64,12,0,13,2,0,10,1,1,0,3,7,0,0,0,0,0,0,3,11,0,43,1,1,1,37,0,4725,1,PLATINUM CUSTOMER
7290,1985,2,Single,70596.0,0,0,2012-10-05,68,347,44,534,17,0,26,1,3,5,12,2,0,0,0,0,0,0,3,11,0,41,0,0,0,968,0,4907,2,MODERATE SPENDER
3846,1974,2,Married,42557.0,0,1,2012-08-29,98,192,5,53,0,5,15,4,6,1,4,8,0,0,0,0,0,0,3,11,0,52,1,1,1,270,0,4944,0,BUDGET CUSTOMER
8104,1951,4,Married,53312.0,0,0,2013-08-09,32,241,0,12,0,0,25,1,5,1,5,7,0,0,0,0,0,0,3,11,0,75,1,0,0,278,0,4599,0,BUDGET CUSTOMER
4507,1952,2,Single,72228.0,0,0,2012-11-27,87,631,28,491,30,14,56,1,6,7,8,3,0,0,0,0,0,0,3,11,0,74,0,0,0,1250,0,4854,2,MODERATE SPENDER
11013,1987,2,Together,67605.0,0,0,2013-03-31,84,336,28,282,184,54,54,1,2,8,6,1,0,0,0,0,0,0,3,11,0,39,1,0,0,938,0,4730,2,MODERATE SPENDER
4491,1949,3,Married,62845.0,1,1,2012-10-01,3,1099,0,45,0,0,34,11,3,4,10,8,0,1,0,0,0,0,3,11,0,77,1,2,1,1178,1,4911,0,BUDGET CUSTOMER
3759,1958,2,Together,65196.0,0,2,2013-07-25,34,743,19,181,12,0,200,2,7,6,11,5,1,0,0,0,0,0,3,11,0,68,1,2,1,1155,1,4614,0,BUDGET CUSTOMER
1162,1987,4,Single,42000.0,0,0,2013-01-10,23,124,83,267,85,59,35,2,5,2,11,5,0,0,0,0,0,0,3,11,1,39,0,0,0,653,0,4810,0,BUDGET CUSTOMER
2055,1973,4,Divorced,35860.0,1,1,2014-05-19,37,15,0,8,4,2,20,2,1,1,2,5,1,0,0,0,0,0,3,11,0,53,0,2,1,49,1,4316,1,PLATINUM CUSTOMER
10766,1964,4,Married,65526.0,0,1,2014-04-11,22,397,19,69,12,0,9,1,4,4,8,2,0,0,0,0,0,0,3,11,0,62,1,1,1,506,0,4354,0,BUDGET CUSTOMER
4415,1961,2,Married,16860.0,1,1,2012-09-12,19,10,4,4,3,3,14,3,1,1,3,7,0,0,0,0,0,0,3,11,0,65,1,2,1,38,0,4930,1,PLATINUM CUSTOMER
3005,1992,2,Single,83528.0,0,0,2014-05-01,7,530,117,678,134,44,147,1,4,10,8,1,1,0,0,1,0,0,3,11,1,34,0,0,0,1650,2,4334,2,MODERATE SPENDER
2223,1965,1,Divorced,64176.0,0,1,2012-08-03,52,1215,33,249,64,116,149,8,8,9,8,6,0,0,0,0,0,0,3,11,0,61,0,1,1,1826,0,4970,0,BUDGET CUSTOMER
4817,1956,2,Divorced,22304.0,0,0,2012-08-04,91,3,2,7,0,4,2,1,1,0,2,8,0,0,0,0,0,0,3,11,0,70,0,0,0,18,0,4969,1,PLATINUM CUSTOMER
2875,1978,2,Married,67023.0,0,0,2014-03-04,93,444,44,382,11,8,17,1,3,7,13,2,0,0,0,0,0,1,3,11,0,48,1,0,0,906,0,4392,0,BUDGET CUSTOMER
10536,1971,4,Together,32892.0,1,0,2014-05-25,78,26,0,15,2,1,2,2,3,0,3,8,0,0,0,0,0,0,3,11,0,55,1,1,1,46,0,4310,1,PLATINUM CUSTOMER
11112,1966,2,Together,70713.0,0,1,2012-12-03,23,736,114,279,82,76,190,6,5,6,8,3,0,0,0,0,0,0,3,11,0,60,1,1,1,1477,0,4848,2,MODERATE SPENDER
3807,1955,2,Together,59925.0,0,1,2012-11-30,83,473,21,176,19,21,56,3,9,2,9,6,0,0,0,0,0,0,3,11,0,71,1,1,1,766,0,4851,0,BUDGET CUSTOMER
9197,1953,2,Married,39722.0,0,1,2014-02-24,92,32,0,5,2,0,8,2,2,0,3,5,0,0,0,0,0,0,3,11,0,73,1,1,1,47,0,4400,1,PLATINUM CUSTOMER
10832,1958,2,Together,46610.0,0,0,2013-07-18,4,288,10,30,4,10,125,1,6,1,6,6,0,0,0,0,0,0,3,11,0,68,1,0,0,467,0,4621,0,BUDGET CUSTOMER
6421,1961,2,Together,88347.0,0,0,2013-07-03,32,1050,178,555,77,138,118,1,4,7,9,1,0,0,0,1,0,0,3,11,0,65,1,0,0,2116,1,4636,2,MODERATE SPENDER
4207,1981,4,Married,87171.0,0,0,2013-05-01,27,1001,44,107,58,44,44,1,6,7,11,2,1,0,1,0,0,0,3,11,0,45,1,0,0,1298,2,4699,0,BUDGET CUSTOMER
577,1976,1,Together,26907.0,1,1,2013-08-20,10,9,1,7,0,3,2,2,1,0,3,7,0,0,0,0,0,0,3,11,0,50,1,2,1,22,0,4588,1,PLATINUM CUSTOMER
10855,1968,3,Single,50014.0,1,0,2014-01-22,9,234,14,77,19,10,42,2,4,1,8,5,0,0,0,0,0,0,3,11,0,58,0,1,1,396,0,4433,0,BUDGET CUSTOMER
3081,1978,4,Married,41014.0,1,0,2013-04-22,65,7,2,6,2,0,3,1,1,0,2,7,0,0,0,0,0,0,3,11,0,48,1,1,1,20,0,4708,1,PLATINUM CUSTOMER
3535,1965,2,Single,66294.0,0,0,2014-03-17,68,251,108,334,65,92,117,1,4,3,5,2,0,0,0,0,0,0,3,11,0,61,0,0,0,967,0,4379,2,MODERATE SPENDER
247,1971,2,Married,36715.0,1,0,2012-11-17,16,172,10,125,21,13,16,6,7,2,4,9,0,0,0,0,0,0,3,11,1,55,1,1,1,357,0,4864,0,BUDGET CUSTOMER
8707,1956,2,Married,79456.0,0,0,2012-08-22,12,565,42,548,64,83,99,1,5,6,4,3,0,0,0,0,0,0,3,11,1,70,1,0,0,1401,0,4951,2,MODERATE SPENDER
9523,1982,2,Together,40479.0,1,0,2013-08-17,95,5,0,8,2,0,0,1,0,0,3,4,0,0,0,0,0,0,3,11,0,44,1,1,1,15,0,4591,1,PLATINUM CUSTOMER
6072,1970,3,Single,75345.0,0,0,2013-02-02,16,918,57,842,99,38,133,1,5,8,6,3,0,0,0,1,0,0,3,11,1,56,0,0,0,2087,1,4787,2,MODERATE SPENDER
6295,1977,2,Married,54233.0,0,1,2013-02-04,46,652,8,158,21,0,142,4,11,6,5,8,0,0,0,0,0,0,3,11,0,49,1,1,1,981,0,4785,0,BUDGET CUSTOMER
10914,1970,2,Single,24163.0,1,1,2013-10-12,3,4,1,7,2,1,2,2,1,0,3,4,0,0,0,0,0,0,3,11,0,56,0,2,1,17,0,4535,1,PLATINUM CUSTOMER
1509,1958,4,Together,84460.0,0,0,2013-01-04,80,152,27,103,106,54,81,0,9,9,4,5,0,1,1,1,1,0,3,11,1,68,1,0,0,523,4,4816,0,BUDGET CUSTOMER
5577,1983,2,Together,43776.0,1,0,2014-05-03,77,8,0,9,2,1,3,1,1,0,2,6,0,0,0,0,0,0,3,11,0,43,1,1,1,23,0,4332,1,PLATINUM CUSTOMER
7348,1958,4,Single,71691.0,0,0,2014-03-17,0,336,130,411,240,32,43,1,4,7,5,2,0,0,0,0,0,0,3,11,1,68,0,0,0,1192,0,4379,2,MODERATE SPENDER
1127,1973,4,Married,85844.0,0,0,2014-05-29,62,938,19,843,25,95,38,1,6,6,7,2,0,0,1,0,0,0,3,11,0,53,1,0,0,1958,1,4306,2,MODERATE SPENDER
1833,1974,4,Single,39190.0,1,0,2014-04-26,91,68,8,18,19,8,12,2,2,1,4,5,0,0,0,0,0,0,3,11,0,52,0,1,1,133,0,4339,1,PLATINUM CUSTOMER
4944,1959,2,Together,71367.0,0,0,2013-08-23,24,227,23,389,42,21,75,1,4,5,7,2,0,0,0,0,0,0,3,11,0,67,1,0,0,777,0,4585,2,MODERATE SPENDER
9080,1972,4,Single,38578.0,1,1,2013-06-22,2,38,4,22,3,3,3,3,3,0,3,8,0,0,0,0,0,0,3,11,0,54,0,2,1,73,0,4647,1,PLATINUM CUSTOMER
6466,1965,4,Married,57236.0,1,1,2014-03-12,22,105,0,9,2,1,4,3,2,1,4,3,0,0,0,0,0,0,3,11,0,61,1,2,1,121,0,4384,1,PLATINUM CUSTOMER
9964,1979,2,Single,61825.0,0,1,2013-08-07,56,162,50,100,55,30,27,1,4,2,8,4,0,0,0,0,0,0,3,11,0,47,0,1,1,424,0,4601,0,BUDGET CUSTOMER
4790,1958,2,Divorced,79803.0,0,1,2014-06-02,54,574,8,216,21,16,33,1,4,3,5,1,0,0,0,0,0,0,3,11,0,68,0,1,1,868,0,4302,0,BUDGET CUSTOMER
10245,1986,1,Single,80910.0,0,0,2012-10-31,71,160,80,369,67,39,41,1,3,3,8,1,0,0,0,0,0,0,3,11,0,40,0,0,0,756,0,4881,2,MODERATE SPENDER
1109,1982,3,Together,27590.0,1,0,2013-04-23,38,6,0,5,0,0,1,1,1,0,2,7,0,0,0,0,0,0,3,11,0,44,1,1,1,12,0,4707,1,PLATINUM CUSTOMER
6001,1979,2,Married,56775.0,0,1,2013-01-02,62,614,35,160,58,35,35,2,5,8,10,5,0,0,0,0,0,0,3,11,0,47,1,1,1,937,0,4818,0,BUDGET CUSTOMER
5538,1975,2,Divorced,83829.0,0,0,2013-10-08,78,897,161,430,186,161,27,0,4,7,6,1,1,0,1,1,0,0,3,11,1,51,0,0,0,1862,3,4539,2,MODERATE SPENDER
10552,1979,1,Married,54210.0,0,1,2013-05-20,18,70,54,109,80,9,45,2,4,1,7,5,0,0,0,0,0,0,3,11,0,47,1,1,1,367,0,4680,0,BUDGET CUSTOMER
1545,1986,2,Married,38508.0,1,0,2013-08-02,95,120,19,206,25,19,54,6,7,2,5,8,0,0,0,0,0,0,3,11,0,40,1,1,1,443,0,4606,0,BUDGET CUSTOMER
7409,1970,2,Together,53187.0,1,0,2013-10-26,66,211,2,30,7,7,10,2,4,1,6,5,0,0,0,0,0,0,3,11,0,56,1,1,1,267,0,4521,0,BUDGET CUSTOMER
4444,1972,2,Married,30023.0,1,0,2014-03-24,28,11,0,16,7,6,21,1,2,0,3,8,0,0,0,0,0,0,3,11,0,54,1,1,1,61,0,4372,1,PLATINUM CUSTOMER
146,1960,4,Single,76045.0,0,0,2013-11-15,78,760,53,400,17,93,0,1,4,5,11,2,0,0,0,1,0,0,3,11,0,66,0,0,0,1323,1,4501,2,MODERATE SPENDER
6271,1952,4,Married,50870.0,0,1,2014-06-19,13,53,0,8,0,0,2,1,2,0,3,5,0,0,0,0,0,0,3,11,0,74,1,1,1,63,0,4285,1,PLATINUM CUSTOMER
10065,1970,1,Married,15315.0,0,0,2013-08-03,27,7,4,13,15,8,17,2,2,0,4,5,0,0,0,0,0,0,3,11,0,56,1,0,0,64,0,4605,1,PLATINUM CUSTOMER
4741,1974,1,Married,65463.0,1,0,2014-01-30,17,391,32,70,21,32,16,2,6,2,9,5,0,1,0,0,0,0,3,11,0,52,1,1,1,562,1,4425,0,BUDGET CUSTOMER
246,1965,2,Married,66480.0,1,1,2014-05-31,71,199,9,57,20,21,6,7,4,1,7,4,0,0,0,0,0,0,3,11,0,61,1,2,1,312,0,4304,0,BUDGET CUSTOMER
375,1954,2,Divorced,76773.0,0,0,2013-02-25,79,516,56,449,86,33,16,1,2,2,11,1,0,0,0,0,0,0,3,11,0,72,0,0,0,1156,0,4764,2,MODERATE SPENDER
1524,1983,1,Single,81698.0,0,0,2013-03-01,1,709,45,115,30,160,45,1,8,2,5,5,0,0,0,1,0,0,3,11,1,43,0,0,0,1104,1,4760,0,BUDGET CUSTOMER
10022,1973,4,Single,54466.0,1,1,2014-02-09,78,12,0,4,0,0,0,1,1,0,2,5,0,0,0,0,0,0,3,11,0,53,0,2,1,16,0,4415,1,PLATINUM CUSTOMER
7451,1960,3,Single,98777.0,0,0,2014-02-17,23,1000,19,711,125,115,38,0,4,6,9,1,0,1,0,0,0,0,3,11,0,66,0,0,0,2008,1,4407,2,MODERATE SPENDER
11010,1984,4,Single,16269.0,1,0,2013-08-30,75,19,3,18,3,1,0,3,3,0,3,8,0,0,0,0,0,0,3,11,0,42,0,1,1,44,0,4578,1,PLATINUM CUSTOMER
4356,1971,2,Together,71819.0,0,1,2013-08-28,70,1224,28,140,0,14,168,3,3,3,5,6,0,1,1,0,0,0,3,11,0,55,1,1,1,1574,2,4580,0,BUDGET CUSTOMER
3885,1983,4,Married,33569.0,1,0,2013-10-16,10,16,2,18,3,0,24,1,1,1,2,8,1,0,0,0,0,0,3,11,1,43,1,1,1,63,1,4531,1,PLATINUM CUSTOMER
1175,1983,3,Married,36262.0,0,0,2013-09-20,24,88,39,54,64,28,153,1,3,5,3,6,1,0,0,0,0,0,3,11,1,43,1,0,0,426,1,4557,0,BUDGET CUSTOMER
880,1966,0,Together,22634.0,0,0,2013-01-16,47,2,23,11,8,6,46,1,2,1,2,8,0,0,0,0,0,0,3,11,0,60,1,0,0,96,0,4804,1,PLATINUM CUSTOMER
2320,1978,1,Married,47025.0,0,1,2013-09-12,98,508,11,59,23,5,29,5,11,1,6,9,0,0,0,0,0,0,3,11,0,48,1,1,1,635,0,4565,0,BUDGET CUSTOMER
850,1968,2,Single,70566.0,0,1,2013-10-06,4,381,28,215,84,28,21,2,6,5,9,3,0,0,0,0,0,0,3,11,0,58,0,1,1,757,0,4541,0,BUDGET CUSTOMER
4713,1979,4,Married,31605.0,1,0,2012-11-22,15,74,0,42,2,1,6,2,2,1,4,7,0,0,0,0,0,0,3,11,0,47,1,1,1,125,0,4859,1,PLATINUM CUSTOMER
675,1973,3,Divorced,52034.0,1,1,2013-05-17,67,146,0,93,7,13,73,5,4,2,5,7,0,0,0,0,0,0,3,11,0,53,0,2,1,332,0,4683,0,BUDGET CUSTOMER
5025,1979,2,Single,48526.0,1,0,2013-12-24,32,23,17,23,43,20,9,1,2,1,4,3,0,0,0,0,0,0,3,11,0,47,0,1,1,135,0,4462,1,PLATINUM CUSTOMER
2308,1954,2,Married,46734.0,0,1,2012-11-18,40,110,5,137,26,23,29,2,6,1,5,7,0,0,0,0,0,0,3,11,0,72,1,1,1,330,0,4863,0,BUDGET CUSTOMER
5995,1962,2,Divorced,39552.0,1,1,2012-12-18,54,165,3,147,4,24,41,7,6,2,5,8,0,0,0,0,0,0,3,11,1,64,0,2,1,384,0,4833,0,BUDGET CUSTOMER
6749,1966,2,Single,86358.0,1,1,2012-08-08,78,957,47,494,82,47,95,4,5,3,6,8,0,0,0,0,0,0,3,11,0,60,0,2,1,1722,0,4965,2,MODERATE SPENDER
1010,1977,2,Together,46931.0,2,1,2014-04-24,94,41,0,17,3,1,16,2,1,1,3,3,0,0,0,0,0,0,3,11,0,49,1,3,1,78,0,4341,1,PLATINUM CUSTOMER
8977,1985,0,Single,16581.0,0,0,2013-01-12,51,1,3,4,2,3,11,1,0,0,3,4,0,0,0,0,0,0,3,11,0,41,0,0,0,24,0,4808,1,PLATINUM CUSTOMER
4756,1952,1,Divorced,63998.0,0,0,2013-12-20,42,176,29,818,0,33,112,1,7,6,11,4,0,0,0,0,0,0,3,11,1,74,0,0,0,1168,0,4466,2,MODERATE SPENDER
3412,1951,3,Married,67381.0,0,1,2013-01-15,67,815,8,53,11,0,70,4,2,2,9,7,0,1,0,0,0,0,3,11,0,75,1,1,1,957,1,4805,0,BUDGET CUSTOMER
606,1967,2,Single,25930.0,1,1,2013-10-10,87,6,1,2,2,0,4,1,1,0,2,7,0,0,0,0,0,0,3,11,0,59,0,2,1,15,0,4537,1,PLATINUM CUSTOMER
5961,1978,2,Married,42693.0,1,0,2014-06-07,29,8,4,20,6,3,16,1,1,0,3,5,0,0,0,0,0,0,3,11,0,48,1,1,1,57,0,4297,1,PLATINUM CUSTOMER
2975,1976,2,Together,85606.0,0,1,2012-11-12,89,717,42,864,219,30,84,2,6,7,9,3,0,0,0,1,0,0,3,11,0,50,1,1,1,1956,1,4869,2,MODERATE SPENDER
2894,1985,2,Single,72903.0,0,0,2013-10-29,74,1067,138,750,0,19,39,1,7,5,8,4,0,1,1,1,0,0,3,11,1,41,0,0,0,2013,3,4518,2,MODERATE SPENDER
7613,1974,1,Together,49669.0,1,0,2014-05-24,97,166,5,107,11,8,29,2,5,1,6,6,0,0,0,0,0,0,3,11,0,52,1,1,1,326,0,4311,0,BUDGET CUSTOMER
10542,1968,4,Married,36778.0,1,1,2012-08-05,63,29,4,34,2,4,4,3,3,0,3,9,0,0,0,0,0,0,3,11,0,58,1,2,1,77,0,4968,1,PLATINUM CUSTOMER
8015,1962,4,Divorced,85696.0,0,0,2013-05-03,88,714,76,395,116,0,12,1,4,6,9,1,0,0,0,0,0,0,3,11,1,64,0,0,0,1313,0,4697,2,MODERATE SPENDER
10617,1989,3,Divorced,10979.0,0,0,2014-05-22,34,8,4,10,2,2,4,2,3,0,3,5,0,0,0,0,0,0,3,11,0,37,0,0,0,30,0,4313,1,PLATINUM CUSTOMER
11166,1961,2,Married,49678.0,0,1,2013-02-02,81,229,5,56,3,2,20,2,6,2,4,7,0,0,0,0,0,0,3,11,0,65,1,1,1,315,0,4787,0,BUDGET CUSTOMER
849,1953,3,Together,56129.0,0,1,2013-06-20,65,320,48,133,39,72,48,4,6,2,10,4,0,0,0,0,0,0,3,11,0,73,1,1,1,660,0,4649,0,BUDGET CUSTOMER
523,1989,2,Married,37155.0,1,0,2013-01-31,51,23,0,26,7,15,3,1,2,0,4,5,0,0,0,0,0,0,3,11,0,37,1,1,1,74,0,4789,1,PLATINUM CUSTOMER
4066,1978,1,Divorced,21282.0,1,0,2014-05-11,76,1,5,8,4,8,20,2,2,1,2,6,0,0,0,0,0,0,3,11,0,48,0,1,1,46,0,4324,1,PLATINUM CUSTOMER
8414,1962,4,Single,33419.0,0,1,2013-08-17,76,56,0,12,0,0,18,2,2,0,4,7,0,0,0,0,0,0,3,11,0,64,0,1,1,86,0,4591,1,PLATINUM CUSTOMER
819,1945,2,Widow,63285.0,0,0,2013-11-05,84,508,124,249,50,38,134,1,6,5,13,3,0,0,0,0,0,0,3,11,0,81,0,0,0,1103,0,4511,0,BUDGET CUSTOMER
4961,1974,3,Together,21255.0,1,0,2014-01-21,56,29,0,25,2,2,3,4,2,1,4,4,0,0,0,0,0,0,3,11,0,52,1,1,1,61,0,4434,1,PLATINUM CUSTOMER
749,1981,2,Together,42162.0,1,0,2013-11-19,31,46,7,59,2,4,27,2,3,1,3,6,1,0,0,0,0,0,3,11,1,45,1,1,1,145,1,4497,1,PLATINUM CUSTOMER
5430,1956,2,Together,54450.0,1,1,2012-09-14,0,454,0,171,8,19,32,12,9,2,8,8,0,0,0,0,0,0,3,11,0,70,1,2,1,684,0,4928,0,BUDGET CUSTOMER
7755,1954,4,Married,57744.0,0,1,2013-11-12,91,350,3,39,0,0,19,2,9,1,4,8,0,0,0,0,0,0,3,11,0,72,1,1,1,411,0,4504,0,BUDGET CUSTOMER
10525,1986,2,Single,26576.0,1,0,2012-10-13,40,10,0,8,0,0,9,1,1,0,2,9,1,0,0,0,0,0,3,11,1,40,0,1,1,27,1,4899,1,PLATINUM CUSTOMER
1453,1943,4,Widow,57513.0,0,0,2013-07-06,59,735,40,183,52,20,30,2,9,3,13,6,0,0,0,0,0,0,3,11,0,83,0,0,0,1060,0,4633,0,BUDGET CUSTOMER
8310,1964,2,Together,68142.0,0,1,2012-08-29,96,897,126,196,91,112,37,3,10,4,7,6,0,0,0,0,0,0,3,11,0,62,1,1,1,1459,0,4944,0,BUDGET CUSTOMER
10710,1979,2,Married,7500.0,0,1,2012-08-29,61,5,2,3,3,0,5,1,1,0,2,8,0,0,0,0,0,0,3,11,0,47,1,1,1,18,0,4944,1,PLATINUM CUSTOMER
5031,1974,2,Together,83145.0,0,0,2012-09-22,14,777,35,731,39,137,114,1,5,9,11,2,0,0,1,0,0,0,3,11,1,52,1,0,0,1833,1,4920,2,MODERATE SPENDER
2613,1960,3,Married,54197.0,0,1,2014-04-03,16,162,6,37,6,13,13,2,1,3,6,1,0,0,0,0,0,0,3,11,0,66,1,1,1,237,0,4362,1,PLATINUM CUSTOMER
213,1963,4,Single,23091.0,1,1,2014-05-28,98,35,0,11,0,0,2,4,2,1,3,7,0,0,0,0,0,0,3,11,0,63,0,2,1,48,0,4307,1,PLATINUM CUSTOMER
967,1976,2,Married,46049.0,1,1,2013-07-21,11,342,9,112,19,14,19,10,5,2,9,7,0,0,0,0,0,0,3,11,1,50,1,2,1,515,0,4618,0,BUDGET CUSTOMER
1077,1974,2,Together,56715.0,0,0,2012-12-05,52,258,105,239,237,172,9,1,7,3,4,4,0,0,0,0,0,0,3,11,0,52,1,0,0,1020,0,4846,2,MODERATE SPENDER
7959,1961,2,Married,79410.0,0,0,2014-05-29,19,658,80,483,123,13,13,1,3,2,5,1,0,0,0,0,0,0,3,11,0,65,1,0,0,1370,0,4306,2,MODERATE SPENDER
640,1951,2,Married,57304.0,0,1,2013-03-11,61,356,80,329,138,17,106,2,7,6,10,5,0,0,0,0,0,0,3,11,0,75,1,1,1,1026,0,4750,2,MODERATE SPENDER
4252,1965,2,Married,44375.0,0,1,2014-03-23,73,213,5,28,7,7,41,1,4,1,6,5,0,0,0,0,0,0,3,11,0,61,1,1,1,301,0,4373,0,BUDGET CUSTOMER
8432,1956,2,Together,54450.0,1,1,2012-09-14,0,454,0,171,8,19,32,12,9,2,8,8,0,0,0,0,0,0,3,11,0,70,1,2,1,684,0,4928,0,BUDGET CUSTOMER
6218,1965,2,Married,59594.0,0,1,2012-10-20,74,457,4,29,0,0,9,1,8,1,7,7,0,1,0,0,0,0,3,11,0,61,1,1,1,499,1,4892,0,BUDGET CUSTOMER
6905,1994,2,Together,80685.0,0,0,2012-08-22,55,241,45,604,34,26,54,1,6,4,10,2,0,0,0,0,0,0,3,11,0,32,1,0,0,1004,0,4951,2,MODERATE SPENDER
5922,1974,4,Married,40344.0,0,1,2013-10-13,48,210,0,6,0,0,2,2,4,1,5,7,0,0,0,0,0,0,3,11,0,52,1,1,1,218,0,4534,1,PLATINUM CUSTOMER
3598,1972,2,Married,62710.0,0,1,2013-05-23,53,441,35,83,7,29,11,4,4,2,12,4,0,0,0,0,0,0,3,11,0,54,1,1,1,606,0,4677,0,BUDGET CUSTOMER
6116,1968,1,Married,48985.0,0,1,2013-07-05,13,19,13,18,10,7,8,1,1,1,3,3,0,0,0,0,0,0,3,11,0,58,1,1,1,75,0,4634,1,PLATINUM CUSTOMER
6263,1968,2,Together,35322.0,1,2,2012-08-22,34,28,9,37,12,7,13,3,2,0,4,8,0,0,0,0,0,0,3,11,0,58,1,3,1,106,0,4951,1,PLATINUM CUSTOMER
10486,1948,2,Married,77142.0,0,0,2013-05-29,54,476,75,162,29,151,97,1,4,4,8,2,0,0,0,0,0,0,3,11,0,78,1,0,0,990,0,4671,0,BUDGET CUSTOMER
2410,1969,2,Single,81657.0,0,0,2014-01-22,69,364,40,425,158,60,50,1,3,4,8,1,0,0,0,0,0,0,3,11,0,57,0,0,0,1097,0,4433,2,MODERATE SPENDER
193,1996,0,Married,14421.0,0,0,2014-02-17,81,0,0,2,3,3,8,1,1,0,2,5,1,0,0,0,0,0,3,11,0,30,1,0,0,16,1,4407,1,PLATINUM CUSTOMER
3363,1974,1,Married,20130.0,0,0,2014-03-17,99,0,6,3,7,6,12,1,1,0,3,8,0,0,0,0,0,0,3,11,0,52,1,0,0,34,0,4379,1,PLATINUM CUSTOMER
8278,1990,4,Married,74214.0,0,0,2012-08-26,3,863,83,547,86,99,33,1,8,2,5,5,0,0,0,0,0,0,3,11,0,36,1,0,0,1711,0,4947,2,MODERATE SPENDER
10660,1957,3,Married,66726.0,1,1,2014-01-12,61,349,7,35,0,0,47,3,8,2,4,7,0,1,0,0,0,0,3,11,0,69,1,2,1,438,1,4443,0,BUDGET CUSTOMER
8686,1979,0,Together,23724.0,1,0,2013-01-08,65,5,23,15,0,18,14,2,2,0,3,8,0,0,0,0,0,0,3,11,0,47,1,1,1,75,0,4812,1,PLATINUM CUSTOMER
1604,1960,3,Married,47353.0,0,1,2013-11-13,93,184,2,19,8,8,4,3,2,2,6,5,0,0,0,0,0,0,3,11,0,66,1,1,1,225,0,4503,1,PLATINUM CUSTOMER
5907,1952,3,Married,33444.0,1,1,2012-11-03,24,8,0,8,0,0,2,1,1,0,2,8,0,0,0,0,0,0,3,11,0,74,1,2,1,18,0,4878,1,PLATINUM CUSTOMER
10669,1981,2,Married,54386.0,0,1,2013-05-17,8,277,21,64,62,21,25,2,3,2,10,3,0,0,0,0,0,0,3,11,0,45,1,1,1,470,0,4683,0,BUDGET CUSTOMER
2918,1981,2,Divorced,28510.0,1,1,2013-04-13,72,44,5,19,0,4,19,3,2,0,4,5,0,0,0,0,0,0,3,11,0,45,0,2,1,91,0,4717,1,PLATINUM CUSTOMER
5735,1991,3,Single,90638.0,0,0,2014-02-13,29,1156,120,915,94,144,96,1,3,4,10,1,0,0,1,0,0,0,3,11,0,35,0,0,0,2525,1,4411,2,MODERATE SPENDER
359,1950,2,Together,48070.0,0,1,2013-01-13,33,373,14,83,6,9,19,3,8,2,6,7,0,0,0,0,0,1,3,11,0,76,1,1,1,504,0,4807,0,BUDGET CUSTOMER
8387,1957,2,Married,43140.0,0,1,2013-01-05,68,134,8,76,6,0,11,1,4,1,5,6,0,0,0,0,0,0,3,11,0,69,1,1,1,235,0,4815,1,PLATINUM CUSTOMER
1829,1961,4,Divorced,54959.0,0,1,2013-01-19,55,1148,0,60,0,0,24,3,9,5,4,7,0,1,0,0,0,0,3,11,1,65,0,1,1,1232,1,4801,0,BUDGET CUSTOMER
3839,1958,0,Single,15056.0,1,1,2013-05-03,76,6,12,3,21,6,40,5,2,2,3,5,0,0,0,0,0,0,3,11,0,68,0,2,1,88,0,4697,1,PLATINUM CUSTOMER
9392,1971,2,Single,26954.0,1,0,2014-05-08,17,4,1,11,0,0,1,1,1,0,2,7,0,0,0,0,0,0,3,11,0,55,0,1,1,17,0,4327,1,PLATINUM CUSTOMER
2292,1985,2,Single,22327.0,1,0,2013-08-02,94,5,4,8,2,0,5,1,1,0,3,5,0,0,0,0,0,0,3,11,0,41,0,1,1,24,0,4606,1,PLATINUM CUSTOMER
10466,1965,2,Married,44393.0,1,1,2013-08-22,86,24,2,20,2,2,10,2,1,0,4,4,0,0,0,0,0,0,3,11,0,61,1,2,1,60,0,4586,1,PLATINUM CUSTOMER
9855,1952,4,Single,62000.0,0,1,2013-08-25,25,899,0,101,0,0,20,1,6,6,13,4,0,0,0,1,0,0,3,11,0,74,0,1,1,1020,1,4583,0,BUDGET CUSTOMER
4088,1962,4,Together,31497.0,0,1,2012-12-06,22,108,1,28,13,1,4,2,3,1,4,8,0,0,0,0,0,0,3,11,0,64,1,1,1,155,0,4845,1,PLATINUM CUSTOMER
5231,1974,1,Married,45894.0,0,2,2014-02-27,15,27,2,7,0,2,13,1,1,0,3,5,0,0,0,0,0,0,3,11,0,52,1,2,1,51,0,4397,1,PLATINUM CUSTOMER
590,1970,3,Divorced,78579.0,0,0,2012-12-22,35,816,66,549,216,66,99,1,5,6,4,3,0,0,0,0,0,0,3,11,1,56,0,0,0,1812,0,4829,2,MODERATE SPENDER
8732,1969,3,Widow,67369.0,0,1,2012-11-17,81,1298,0,70,37,14,42,4,7,4,10,4,0,1,1,0,0,0,3,11,1,57,0,1,1,1461,2,4864,0,BUDGET CUSTOMER
2315,1960,2,Divorced,58401.0,0,1,2014-04-20,55,10,0,11,17,29,29,1,1,2,2,4,0,0,0,0,0,0,3,11,0,66,0,1,1,96,0,4345,1,PLATINUM CUSTOMER
3515,1952,2,Single,62307.0,0,1,2014-02-17,94,87,13,34,10,6,10,1,4,0,4,5,0,0,0,0,0,0,3,11,0,74,0,1,1,160,0,4407,1,PLATINUM CUSTOMER
2245,1969,3,Married,43641.0,1,1,2013-04-22,50,57,2,51,4,2,23,3,2,1,4,6,0,0,0,0,0,0,3,11,0,57,1,2,1,139,0,4708,1,PLATINUM CUSTOMER
6283,1968,3,Divorced,63841.0,0,1,2013-04-21,64,635,15,100,20,7,131,1,9,3,9,6,0,0,0,0,0,0,3,11,0,58,0,1,1,908,0,4709,0,BUDGET CUSTOMER
2246,1965,1,Married,46891.0,0,1,2013-09-01,91,43,12,23,29,15,61,1,2,1,4,4,0,0,0,0,0,0,3,11,0,61,1,1,1,183,0,4576,1,PLATINUM CUSTOMER
6606,1969,3,Married,70091.0,1,0,2013-03-31,11,964,34,137,15,0,11,2,5,2,10,8,0,1,0,0,0,0,3,11,0,57,1,1,1,1161,1,4730,0,BUDGET CUSTOMER
5545,1972,4,Married,78075.0,0,0,2014-04-05,72,572,8,259,34,35,80,1,3,5,5,1,0,0,0,0,0,0,3,11,0,54,1,0,0,988,0,4360,0,BUDGET CUSTOMER
7342,1961,1,Widow,59184.0,0,1,2012-09-09,6,341,142,113,259,151,66,3,6,6,12,5,0,0,0,0,0,0,3,11,0,65,0,1,1,1072,0,4933,2,MODERATE SPENDER
837,1977,2,Married,54809.0,1,1,2013-09-11,0,63,6,57,13,13,22,4,2,1,5,4,0,0,0,0,0,0,3,11,0,49,1,2,1,174,0,4566,1,PLATINUM CUSTOMER
9500,1959,2,Married,58113.0,0,1,2013-01-25,66,221,104,169,102,78,84,3,9,2,8,7,0,0,0,0,0,1,3,11,0,67,1,1,1,758,0,4795,0,BUDGET CUSTOMER
3602,1958,3,Married,51412.0,0,1,2013-12-31,42,140,3,29,4,5,14,2,3,2,4,4,0,0,0,0,0,0,3,11,0,68,1,1,1,195,0,4455,1,PLATINUM CUSTOMER
234,1979,2,Divorced,15287.0,1,0,2012-10-10,60,1,2,8,4,3,13,2,1,1,2,7,1,0,0,0,0,0,3,11,1,47,0,1,1,31,1,4902,1,PLATINUM CUSTOMER
2995,1957,3,Together,66636.0,0,0,2013-08-17,64,291,10,689,84,10,0,1,3,4,9,1,0,0,0,0,0,0,3,11,0,69,1,0,0,1084,0,4591,2,MODERATE SPENDER
1118,1956,3,Married,50965.0,0,1,2013-02-20,87,544,13,85,8,6,29,3,10,4,5,8,1,0,0,0,0,0,3,11,0,70,1,1,1,685,1,4769,0,BUDGET CUSTOMER
7789,1965,4,Married,84618.0,0,0,2013-11-22,96,684,100,801,21,66,0,1,6,9,10,2,0,0,1,0,0,0,3,11,0,61,1,0,0,1672,1,4494,2,MODERATE SPENDER
3068,1990,2,Married,18351.0,0,0,2013-10-29,1,1,12,9,0,14,7,1,2,0,3,7,0,0,0,0,0,0,3,11,0,36,1,0,0,43,0,4518,1,PLATINUM CUSTOMER
8955,1957,4,Together,40451.0,0,2,2014-02-16,54,35,0,4,0,0,10,1,1,1,2,5,1,0,0,0,0,0,3,11,0,69,1,2,1,49,1,4408,1,PLATINUM CUSTOMER
945,1965,2,Together,36317.0,0,1,2013-05-22,53,87,3,25,3,2,13,2,3,0,4,7,0,0,0,0,0,0,3,11,0,61,1,1,1,133,0,4678,1,PLATINUM CUSTOMER
5644,1957,2,Together,42213.0,0,1,2013-10-12,96,309,3,24,4,3,20,2,5,1,7,7,0,1,0,0,0,0,3,11,0,69,1,1,1,363,1,4535,0,BUDGET CUSTOMER
7192,1955,2,Together,65748.0,0,1,2013-04-15,58,172,73,93,95,78,34,2,2,4,10,1,0,0,0,0,0,1,3,11,0,71,1,1,1,545,0,4715,0,BUDGET CUSTOMER
2324,1972,2,Together,77044.0,0,1,2013-10-27,12,625,38,242,50,34,76,2,7,11,11,4,1,0,0,0,0,0,3,11,0,54,1,1,1,1065,1,4520,0,BUDGET CUSTOMER
697,1969,2,Together,74918.0,0,0,2013-03-12,78,972,59,913,25,19,59,1,5,9,6,3,0,0,1,0,0,0,3,11,0,57,1,0,0,2047,1,4749,2,MODERATE SPENDER
3439,1972,2,Married,56721.0,1,1,2012-10-31,64,157,6,39,6,13,75,5,4,1,5,6,0,0,0,0,0,0,3,11,0,54,1,2,1,296,0,4881,0,BUDGET CUSTOMER
1506,1975,2,Single,42160.0,1,1,2013-06-28,26,48,9,45,3,15,20,4,2,1,4,6,0,0,0,0,0,0,3,11,1,51,0,2,1,140,0,4641,1,PLATINUM CUSTOMER
232,1965,2,Single,61559.0,0,1,2013-07-17,8,279,83,88,32,14,34,1,4,2,10,3,0,0,0,0,0,0,3,11,0,61,0,1,1,530,0,4622,0,BUDGET CUSTOMER
8876,1963,4,Together,33629.0,1,1,2012-08-08,49,132,0,16,0,0,4,5,3,1,4,9,0,0,0,0,0,0,3,11,0,63,1,2,1,152,0,4965,1,PLATINUM CUSTOMER
4500,1991,4,Together,68682.0,0,0,2013-10-06,56,919,0,505,99,30,45,1,4,9,10,2,0,0,0,0,0,0,3,11,0,35,1,0,0,1598,0,4541,2,MODERATE SPENDER
9739,1963,2,Single,34377.0,0,1,2013-01-19,55,62,0,22,3,1,26,2,2,2,2,7,0,0,0,0,0,0,3,11,0,63,0,1,1,114,0,4801,1,PLATINUM CUSTOMER
10395,1986,0,Single,8940.0,1,0,2012-08-22,25,1,45,3,4,6,42,3,3,1,3,8,0,0,0,0,0,0,3,11,0,40,0,1,1,101,0,4951,1,PLATINUM CUSTOMER
1176,1973,2,Married,26228.0,1,0,2013-09-22,50,2,6,4,3,1,9,1,1,0,2,8,0,0,0,0,0,0,3,11,0,53,1,1,1,25,0,4555,1,PLATINUM CUSTOMER
1627,1957,1,Divorced,77297.0,0,0,2013-01-26,84,408,61,109,48,122,41,1,5,7,9,4,0,0,0,1,0,0,3,11,0,69,0,0,0,789,1,4794,0,BUDGET CUSTOMER
938,1981,2,Married,40211.0,1,1,2013-07-30,30,51,1,7,2,1,25,2,2,1,2,8,1,0,0,0,0,0,3,11,0,45,1,2,1,87,1,4609,1,PLATINUM CUSTOMER
2740,1958,4,Widow,33438.0,1,1,2013-09-22,81,62,1,16,3,2,6,4,2,1,4,5,0,0,0,0,0,0,3,11,0,68,0,2,1,90,0,4555,1,PLATINUM CUSTOMER
257,1959,4,Married,75032.0,0,1,2013-04-28,74,952,12,180,47,12,12,2,5,4,9,3,0,0,0,0,0,0,3,11,0,67,1,1,1,1215,0,4702,0,BUDGET CUSTOMER
4058,1955,4,Single,61284.0,0,0,2013-10-12,76,618,15,106,20,7,45,1,11,2,8,6,0,1,0,0,0,0,3,11,0,71,0,0,0,811,1,4535,0,BUDGET CUSTOMER
7736,1986,2,Married,22518.0,1,0,2012-10-22,36,11,7,12,2,2,27,2,2,1,2,5,1,0,0,0,0,0,3,11,1,40,1,1,1,61,1,4890,1,PLATINUM CUSTOMER
8210,1975,3,Married,54730.0,0,1,2013-08-15,64,318,3,17,4,7,56,5,4,1,8,4,0,0,0,0,0,0,3,11,0,51,1,1,1,405,0,4593,0,BUDGET CUSTOMER
833,1955,3,Married,38452.0,1,1,2014-03-30,62,56,0,14,0,0,2,3,3,0,3,7,0,0,0,0,0,0,3,11,0,71,1,2,1,72,0,4366,1,PLATINUM CUSTOMER
6230,1971,2,Divorced,44421.0,1,1,2013-02-15,53,110,5,59,7,1,7,5,5,0,4,8,0,0,0,0,0,0,3,11,0,55,0,2,1,189,0,4774,1,PLATINUM CUSTOMER
7325,1986,4,Together,38197.0,1,0,2013-06-29,86,23,0,11,2,1,3,1,1,0,3,5,0,0,0,0,0,0,3,11,0,40,1,1,1,40,0,4640,1,PLATINUM CUSTOMER
1307,1978,2,Divorced,41986.0,0,1,2014-02-09,15,27,5,8,8,3,12,3,3,0,4,4,0,0,0,0,0,0,3,11,0,48,0,1,1,63,0,4415,1,PLATINUM CUSTOMER
1502,1983,2,Together,28427.0,1,0,2013-03-21,67,18,3,19,3,3,6,2,2,0,3,8,0,0,0,0,0,0,3,11,0,43,1,1,1,52,0,4740,1,PLATINUM CUSTOMER
6211,1976,4,Together,37395.0,1,0,2014-05-02,47,18,0,9,0,1,11,1,1,0,3,6,0,0,0,0,0,0,3,11,0,50,1,1,1,39,0,4333,1,PLATINUM CUSTOMER
843,1971,2,Married,64722.0,1,0,2014-05-26,47,303,0,280,60,147,15,4,8,2,11,6,0,0,0,0,0,0,3,11,0,55,1,1,1,805,0,4309,2,MODERATE SPENDER
4174,1956,3,Together,55249.0,0,1,2014-04-17,81,97,1,19,2,0,11,1,2,1,4,3,0,0,0,0,0,0,3,11,0,70,1,1,1,130,0,4348,1,PLATINUM CUSTOMER
9757,1972,2,Together,84906.0,0,0,2013-10-04,98,997,15,414,99,30,76,1,5,6,12,2,0,1,1,0,1,0,3,11,0,54,1,0,0,1631,3,4543,2,MODERATE SPENDER
6918,1989,2,Married,28691.0,1,0,2013-07-04,56,5,4,13,8,0,4,1,1,0,3,8,0,0,0,0,0,0,3,11,0,37,1,1,1,34,0,4635,1,PLATINUM CUSTOMER
286,1952,2,Single,44213.0,1,1,2013-11-29,48,95,11,35,0,4,7,4,2,1,5,6,0,0,0,0,0,0,3,11,0,74,0,2,1,152,0,4487,1,PLATINUM CUSTOMER
11086,1984,0,Single,25707.0,1,0,2014-01-18,18,1,6,2,3,6,3,1,1,0,3,7,0,0,0,0,0,0,3,11,0,42,0,1,1,21,0,4437,1,PLATINUM CUSTOMER
1921,1967,4,Married,59062.0,2,1,2013-10-03,74,46,1,12,3,0,9,2,2,0,3,4,0,0,0,0,0,0,3,11,0,59,1,3,1,71,0,4544,1,PLATINUM CUSTOMER
4138,1962,2,Single,76624.0,0,1,2014-05-24,68,411,106,147,54,115,66,1,5,10,7,1,1,0,0,0,0,0,3,11,0,64,0,1,1,899,1,4311,2,MODERATE SPENDER
7718,1947,3,Together,66000.0,0,0,2014-04-20,36,244,51,270,101,0,45,1,1,3,5,1,0,0,0,0,0,0,3,11,0,79,1,0,0,711,0,4345,2,MODERATE SPENDER
1291,1978,4,Together,27683.0,1,0,2012-08-04,90,152,9,121,12,12,45,4,6,2,4,8,0,0,0,0,0,0,3,11,0,48,1,1,1,351,0,4969,0,BUDGET CUSTOMER
6862,1971,2,Divorced,1730.0,0,0,2014-05-18,65,1,1,3,1,1,1,15,0,0,0,20,0,0,0,0,0,0,3,11,0,55,0,0,0,8,0,4317,1,PLATINUM CUSTOMER
4136,1992,0,Single,7500.0,1,0,2012-12-03,63,10,17,18,8,26,40,4,3,2,2,9,0,0,0,0,0,0,3,11,0,34,0,1,1,119,0,4848,1,PLATINUM CUSTOMER
803,1968,2,Together,40521.0,1,1,2013-04-05,82,12,0,5,0,0,4,1,0,1,2,5,0,0,0,0,0,0,3,11,0,58,1,2,1,21,0,4725,1,PLATINUM CUSTOMER
4298,1973,4,Together,20427.0,1,0,2014-03-24,63,5,0,4,0,0,1,1,1,0,2,8,0,0,0,0,0,0,3,11,0,53,1,1,1,10,0,4372,1,PLATINUM CUSTOMER
10833,1975,2,Married,65106.0,0,1,2014-05-24,55,790,19,133,12,0,19,3,8,3,13,6,0,1,0,0,0,0,3,11,0,51,1,1,1,973,1,4311,0,BUDGET CUSTOMER
9606,1965,4,Married,69969.0,0,0,2013-08-27,64,882,29,514,38,29,44,1,4,2,6,3,0,0,1,1,0,0,3,11,1,61,1,0,0,1536,2,4581,2,MODERATE SPENDER
8534,1952,2,Married,67433.0,0,2,2013-07-16,51,615,28,259,12,48,30,4,6,5,13,4,0,1,0,0,0,0,3,11,0,74,1,2,1,992,1,4623,0,BUDGET CUSTOMER
5153,1967,4,Married,77766.0,0,1,2013-02-22,97,1004,59,265,115,59,27,2,11,10,11,6,1,0,0,0,0,0,3,11,1,59,1,1,1,1529,1,4767,2,MODERATE SPENDER
961,1972,2,Married,74716.0,0,1,2013-09-12,92,133,27,421,13,195,71,2,7,3,5,4,0,0,0,0,0,0,3,11,0,54,1,1,1,860,0,4565,2,MODERATE SPENDER
5011,1963,2,Divorced,68118.0,0,1,2013-10-18,51,595,23,123,10,23,154,2,8,9,4,6,0,0,0,0,0,0,3,11,0,63,0,1,1,928,0,4529,0,BUDGET CUSTOMER
6653,1970,4,Married,55158.0,1,1,2012-07-30,72,293,0,87,4,11,23,4,7,2,5,7,0,0,0,0,0,0,3,11,1,56,1,2,1,418,0,4974,0,BUDGET CUSTOMER
9094,1955,1,Married,62972.0,0,1,2012-08-03,39,313,15,47,20,0,192,2,7,4,3,6,0,0,0,0,0,0,3,11,1,71,1,1,1,587,0,4970,0,BUDGET CUSTOMER
810,1975,2,Married,74190.0,0,1,2014-05-12,49,151,81,86,168,91,64,2,4,2,11,2,0,0,0,0,0,0,3,11,0,51,1,1,1,641,0,4323,2,MODERATE SPENDER
5493,1976,2,Married,39356.0,1,1,2014-03-19,21,15,0,2,0,0,6,1,1,0,2,6,1,0,0,0,0,0,3,11,0,50,1,2,1,23,1,4377,1,PLATINUM CUSTOMER
2147,1969,2,Together,76653.0,0,0,2013-08-16,91,736,63,946,219,189,126,1,4,7,11,2,0,0,1,1,0,0,3,11,0,57,1,0,0,2279,2,4592,2,MODERATE SPENDER
5107,1973,4,Divorced,35860.0,1,1,2014-05-19,37,15,0,8,4,2,20,2,1,1,2,5,1,0,0,0,0,0,3,11,0,53,0,2,1,49,1,4316,1,PLATINUM CUSTOMER
3979,1983,4,Divorced,90687.0,0,0,2013-05-22,98,982,17,672,23,34,51,1,6,2,8,2,0,0,1,0,0,0,3,11,1,43,0,0,0,1779,1,4678,2,MODERATE SPENDER
6049,1982,3,Together,73450.0,0,0,2013-12-05,85,1142,51,415,90,69,37,1,7,8,11,3,1,0,0,1,0,0,3,11,0,44,1,0,0,1804,2,4481,2,MODERATE SPENDER
8147,1960,2,Married,31454.0,1,1,2013-07-06,40,28,0,11,0,0,9,3,2,0,3,8,0,0,0,0,0,0,3,11,0,66,1,2,1,48,0,4633,1,PLATINUM CUSTOMER
1857,1952,2,Single,47139.0,1,1,2014-03-06,2,46,0,12,0,2,23,2,2,1,2,7,0,0,0,0,0,0,3,11,1,74,0,2,1,83,0,4390,1,PLATINUM CUSTOMER
3910,1975,2,Divorced,83829.0,0,0,2013-10-08,78,897,161,430,186,161,27,0,4,7,6,1,1,0,1,1,0,0,3,11,1,51,0,0,0,1862,3,4539,2,MODERATE SPENDER
5207,1963,4,Married,53378.0,1,1,2012-09-24,41,489,6,152,8,6,132,10,9,4,6,8,0,0,0,0,0,0,3,11,1,63,1,2,1,793,0,4918,0,BUDGET CUSTOMER
11114,1970,2,Together,19656.0,1,0,2013-02-08,94,25,4,9,6,8,32,3,2,1,3,7,0,0,0,0,0,0,3,11,0,56,1,1,1,84,0,4781,1,PLATINUM CUSTOMER
5429,1948,4,Married,45579.0,0,1,2013-08-20,10,145,1,33,2,1,1,1,4,1,4,6,0,0,0,0,0,0,3,11,0,78,1,1,1,183,0,4588,1,PLATINUM CUSTOMER
9400,1958,1,Single,85485.0,0,0,2014-06-21,73,630,26,611,44,18,54,1,6,6,6,2,0,0,0,0,0,0,3,11,0,68,0,0,0,1383,0,4283,2,MODERATE SPENDER
1740,1944,2,Married,55956.0,0,0,2014-04-07,22,760,38,104,50,9,38,2,7,3,4,4,0,1,0,0,0,0,3,11,0,82,1,0,0,999,1,4358,0,BUDGET CUSTOMER
7488,1963,3,Single,64191.0,0,1,2013-01-22,30,420,15,186,151,38,15,3,5,3,13,3,0,0,0,0,0,0,3,11,0,63,0,1,1,825,0,4798,0,BUDGET CUSTOMER
195,1972,2,Single,38808.0,1,0,2012-08-26,21,125,17,52,3,19,30,4,5,1,4,8,1,0,0,0,0,0,3,11,1,54,0,1,1,246,1,4947,1,PLATINUM CUSTOMER
635,1966,3,Married,57183.0,1,1,2013-03-19,51,464,5,64,7,0,70,8,9,1,7,8,0,0,0,0,0,0,3,11,0,60,1,2,1,610,0,4742,0,BUDGET CUSTOMER
7527,1968,3,Divorced,23748.0,1,0,2012-11-21,97,6,6,29,12,15,8,3,2,1,3,8,0,0,0,0,0,0,3,11,0,58,0,1,1,76,0,4860,1,PLATINUM CUSTOMER
10319,1971,2,Married,66303.0,0,1,2013-02-26,56,1090,12,96,16,12,60,4,3,4,11,8,0,1,0,0,0,0,3,11,0,55,1,1,1,1286,1,4763,0,BUDGET CUSTOMER
2296,1975,3,Married,37368.0,1,0,2013-12-16,4,3,2,11,2,2,10,1,1,0,2,6,1,0,0,0,0,0,3,11,0,51,1,1,1,30,1,4470,1,PLATINUM CUSTOMER
10637,1964,2,Married,40800.0,1,2,2013-01-01,77,24,0,27,8,30,10,2,3,0,3,7,0,0,0,0,0,1,3,11,0,62,1,3,1,99,0,4819,1,PLATINUM CUSTOMER
2931,1978,2,Divorced,71847.0,0,0,2012-09-21,95,737,21,106,55,63,210,0,6,7,9,3,0,0,0,1,0,0,3,11,0,48,0,0,0,1192,1,4921,0,BUDGET CUSTOMER
907,1975,2,Married,46149.0,0,1,2013-11-29,36,254,6,71,4,0,27,5,5,1,7,5,0,0,0,0,0,0,3,11,0,51,1,1,1,362,0,4487,0,BUDGET CUSTOMER
3698,1983,2,Together,78687.0,0,0,2012-08-09,13,817,185,687,145,55,241,1,4,6,8,2,0,0,1,0,0,0,3,11,1,43,1,0,0,2130,1,4964,2,MODERATE SPENDER
9516,1971,1,Divorced,49118.0,0,0,2012-08-18,90,620,54,239,99,98,119,2,9,7,10,7,0,1,0,0,1,0,3,11,1,55,0,0,0,1229,2,4955,0,BUDGET CUSTOMER
679,1957,4,Married,37633.0,1,1,2012-09-20,49,13,4,20,0,0,1,2,1,0,3,9,0,0,0,0,0,0,3,11,0,69,1,2,1,38,0,4922,1,PLATINUM CUSTOMER
7384,1951,3,Together,39767.0,0,0,2013-07-21,18,113,61,204,34,26,47,2,7,1,7,8,0,0,0,0,0,0,3,11,0,75,1,0,0,485,0,4618,0,BUDGET CUSTOMER
5043,1951,0,Married,26997.0,0,0,2012-11-05,89,7,23,78,133,49,144,2,4,2,5,7,0,0,0,0,0,0,3,11,0,75,1,0,0,434,0,4876,0,BUDGET CUSTOMER
5267,1970,2,Divorced,33986.0,1,0,2013-03-14,43,16,2,18,2,1,5,1,1,0,3,7,0,0,0,0,0,0,3,11,0,56,0,1,1,44,0,4747,1,PLATINUM CUSTOMER
339,1972,4,Married,57091.0,0,1,2012-11-23,82,462,0,24,6,0,4,2,9,2,5,7,0,1,0,0,0,0,3,11,1,54,1,1,1,496,1,4858,0,BUDGET CUSTOMER
2516,1969,1,Married,46831.0,1,1,2013-06-08,84,22,2,10,6,4,34,2,1,2,2,4,0,0,0,0,0,0,3,11,0,57,1,2,1,78,0,4661,1,PLATINUM CUSTOMER
9010,1972,3,Married,83151.0,0,0,2013-02-10,80,968,147,842,137,42,210,1,5,7,10,2,1,0,1,1,0,0,3,11,1,54,1,0,0,2346,3,4779,2,MODERATE SPENDER
378,1971,2,Married,52531.0,0,0,2012-12-30,68,283,112,151,51,72,125,2,7,2,10,6,0,0,0,0,0,0,3,11,0,55,1,0,0,794,0,4821,0,BUDGET CUSTOMER
4808,1956,2,Married,15759.0,0,0,2013-09-05,12,1,2,5,6,0,3,1,1,0,2,7,0,0,0,0,0,0,3,11,0,70,1,0,0,17,0,4572,1,PLATINUM CUSTOMER
5068,1971,2,Single,22804.0,1,0,2013-07-31,75,14,1,7,2,1,1,1,2,0,2,9,0,0,0,0,0,0,3,11,0,55,0,1,1,26,0,4608,1,PLATINUM CUSTOMER
7628,1973,1,Married,43050.0,1,0,2014-03-18,10,30,5,24,6,3,8,2,2,0,4,5,0,0,0,0,0,0,3,11,0,53,1,1,1,76,0,4378,1,PLATINUM CUSTOMER
7128,1977,4,Single,42997.0,1,1,2013-12-07,91,4,0,5,0,1,5,1,1,0,2,7,0,0,0,0,0,0,3,11,0,49,0,2,1,15,0,4479,1,PLATINUM CUSTOMER
2811,1963,4,Single,48918.0,1,1,2014-04-12,21,52,0,9,0,0,1,2,1,0,4,4,0,0,0,0,0,0,3,11,0,63,0,2,1,62,0,4353,1,PLATINUM CUSTOMER
3551,1954,3,Together,60033.0,0,1,2014-03-29,28,62,1,57,19,11,48,2,2,1,5,2,0,0,0,0,0,0,3,11,0,72,1,1,1,198,0,4367,1,PLATINUM CUSTOMER
1663,1978,4,Together,34043.0,1,0,2013-10-25,97,20,2,14,3,0,10,1,2,0,2,9,0,0,0,0,0,0,3,11,0,48,1,1,1,49,0,4522,1,PLATINUM CUSTOMER
5543,1966,2,Together,57811.0,0,1,2013-06-24,49,545,7,114,37,21,78,5,7,2,11,5,0,1,0,0,0,0,3,11,0,60,1,1,1,802,1,4645,0,BUDGET CUSTOMER
1577,1946,2,Married,78569.0,0,0,2014-02-19,14,558,79,622,207,175,95,1,4,6,4,1,0,0,1,0,0,0,3,11,1,80,1,0,0,1736,1,4405,2,MODERATE SPENDER
10641,1978,2,Single,7500.0,1,1,2012-12-27,5,6,5,4,13,4,25,4,2,1,3,6,0,0,0,0,0,0,3,11,0,48,0,2,1,57,0,4824,1,PLATINUM CUSTOMER
5336,1971,3,Together,157733.0,1,0,2013-06-04,37,39,1,9,2,0,8,0,1,0,1,1,0,0,0,0,0,0,3,11,0,55,1,1,1,59,0,4665,1,PLATINUM CUSTOMER
6024,1953,2,Together,94384.0,0,0,2013-03-04,62,1111,24,790,160,45,172,0,5,8,5,2,0,1,1,1,0,0,3,11,1,73,1,0,0,2302,3,4757,2,MODERATE SPENDER
1878,1985,1,Married,23148.0,0,0,2014-02-18,83,4,6,8,6,3,10,1,2,0,3,7,0,0,0,0,0,0,3,11,0,41,1,0,0,37,0,4406,1,PLATINUM CUSTOMER
3099,1970,2,Divorced,44267.0,1,1,2013-02-25,48,183,5,65,3,5,49,5,5,2,4,9,0,0,0,0,0,0,3,11,0,56,0,2,1,310,0,4764,0,BUDGET CUSTOMER
6055,1979,2,Married,71626.0,0,0,2012-11-01,94,546,72,376,94,145,72,1,5,5,8,3,0,1,0,0,0,0,3,11,0,47,1,0,0,1305,1,4880,2,MODERATE SPENDER
5841,1966,2,Together,60894.0,0,1,2013-06-28,61,606,7,155,10,0,54,5,10,3,8,7,0,0,0,0,0,0,3,11,0,60,1,1,1,832,0,4641,0,BUDGET CUSTOMER
3972,1976,2,Together,50200.0,1,1,2013-04-03,70,266,6,51,8,6,64,6,7,1,5,8,0,0,0,0,0,0,3,11,0,50,1,2,1,401,0,4727,0,BUDGET CUSTOMER
4394,1965,4,Married,81051.0,0,0,2014-05-23,43,1142,29,249,38,29,14,1,5,5,12,2,0,1,1,0,0,0,3,11,0,61,1,0,0,1501,2,4312,0,BUDGET CUSTOMER
5758,1982,2,Married,65169.0,0,0,2014-01-14,23,1074,0,69,0,0,46,1,10,4,13,6,1,0,1,1,1,0,3,11,1,44,1,0,0,1189,4,4441,0,BUDGET CUSTOMER
6658,1972,2,Together,59868.0,0,1,2013-07-22,37,771,51,154,54,10,154,7,11,2,12,6,0,0,0,0,0,0,3,11,0,54,1,1,1,1194,0,4617,0,BUDGET CUSTOMER
4603,1960,4,Married,65695.0,0,1,2014-01-31,50,371,32,189,0,58,6,2,5,4,10,4,0,0,0,0,0,0,3,11,0,66,1,1,1,656,0,4424,0,BUDGET CUSTOMER
8427,1956,3,Single,64857.0,0,0,2012-11-23,78,556,14,717,210,0,43,1,7,5,10,4,0,0,0,0,0,0,3,11,0,70,0,0,0,1540,0,4858,2,MODERATE SPENDER
10260,1965,3,Together,45143.0,0,1,2013-08-26,74,202,5,74,11,5,14,3,6,1,5,7,0,0,0,0,0,0,3,11,0,61,1,1,1,311,0,4582,0,BUDGET CUSTOMER
7143,1955,1,Together,74805.0,0,1,2013-11-06,14,209,162,209,41,162,37,5,4,7,10,2,0,0,0,0,0,0,3,11,0,71,1,1,1,820,0,4510,2,MODERATE SPENDER
8789,1989,1,Married,59060.0,1,0,2014-01-11,77,35,40,111,36,40,12,3,3,1,7,4,0,0,0,0,0,0,3,11,0,37,1,1,1,274,0,4444,1,PLATINUM CUSTOMER
6197,1962,4,Single,27238.0,1,1,2013-04-20,39,37,0,17,0,0,3,3,3,0,3,9,0,0,0,0,0,0,3,11,0,64,0,2,1,57,0,4710,1,PLATINUM CUSTOMER
4554,1965,2,Together,47009.0,0,1,2013-10-01,89,171,45,73,59,10,90,4,3,2,8,4,0,0,0,0,0,0,3,11,0,61,1,1,1,448,0,4546,0,BUDGET CUSTOMER
4937,1973,1,Married,46094.0,1,1,2014-06-10,62,12,2,20,3,2,5,1,1,0,3,7,0,0,0,0,0,0,3,11,0,53,1,2,1,44,0,4294,1,PLATINUM CUSTOMER
1920,1972,2,Married,40321.0,1,1,2013-07-29,59,44,4,21,6,0,27,2,3,0,3,7,0,0,0,0,0,0,3,11,0,54,1,2,1,102,0,4610,1,PLATINUM CUSTOMER
8749,1984,2,Together,37235.0,1,0,2014-02-01,68,20,2,9,4,6,20,1,1,1,2,4,0,0,0,0,0,0,3,11,0,42,1,1,1,61,0,4423,1,PLATINUM CUSTOMER
1650,1960,3,Married,81843.0,0,0,2013-04-22,13,779,86,537,34,69,138,1,5,9,12,3,0,0,0,0,0,0,3,11,0,66,1,0,0,1643,0,4708,2,MODERATE SPENDER
10377,1958,3,Together,46692.0,0,1,2013-06-06,37,170,6,97,24,12,88,3,6,1,5,6,0,0,0,0,0,0,3,11,0,68,1,1,1,397,0,4663,0,BUDGET CUSTOMER
9206,1968,2,Together,77382.0,0,1,2014-01-07,36,491,48,231,112,105,134,2,5,7,12,1,0,0,1,0,0,0,3,11,0,58,1,1,1,1121,1,4448,2,MODERATE SPENDER
10971,1977,2,Single,37774.0,2,0,2012-09-03,28,173,8,107,7,2,176,4,7,2,3,9,1,0,0,0,0,1,3,11,1,49,0,2,1,473,1,4939,0,BUDGET CUSTOMER
6398,1974,0,Married,18393.0,1,0,2014-03-29,2,7,10,13,16,0,4,2,3,0,3,8,0,0,0,0,0,0,3,11,0,52,1,1,1,50,0,4367,1,PLATINUM CUSTOMER
9212,1962,3,Married,72828.0,0,1,2013-02-14,17,1205,0,235,19,14,205,6,6,3,13,7,0,0,0,0,0,0,3,11,0,64,1,1,1,1678,0,4775,0,BUDGET CUSTOMER
7937,1982,2,Married,24711.0,0,0,2014-04-18,86,10,7,25,6,3,7,1,3,0,3,7,0,0,0,0,0,0,3,11,0,44,1,0,0,58,0,4347,1,PLATINUM CUSTOMER
839,1975,4,Married,45503.0,1,0,2013-09-25,54,97,4,44,6,1,18,1,3,1,4,5,0,0,0,0,0,0,3,11,0,51,1,1,1,170,0,4552,1,PLATINUM CUSTOMER
4246,1982,3,Single,6560.0,0,0,2013-12-12,2,67,11,26,4,3,262,0,1,0,1,17,0,0,0,0,0,0,3,11,0,44,0,0,0,373,0,4474,0,BUDGET CUSTOMER
158,1945,4,Together,71604.0,0,0,2013-11-17,3,345,53,528,98,75,97,1,8,3,5,4,1,0,0,0,0,0,3,11,1,81,1,0,0,1196,1,4499,2,MODERATE SPENDER
4832,1979,2,Married,27244.0,1,0,2014-03-07,84,6,5,17,3,24,46,2,2,2,2,7,0,0,0,0,0,0,3,11,0,47,1,1,1,101,0,4389,1,PLATINUM CUSTOMER
5621,1969,2,Married,48752.0,1,1,2012-12-12,8,73,57,100,71,15,0,5,6,1,5,9,0,0,0,0,0,0,3,11,1,57,1,2,1,316,0,4839,0,BUDGET CUSTOMER
1945,1962,2,Married,71434.0,0,1,2013-09-18,4,711,36,217,172,96,168,3,7,4,7,4,0,1,0,1,0,0,3,11,0,64,1,1,1,1400,2,4559,2,MODERATE SPENDER
5147,1948,2,Single,90842.0,0,0,2013-07-29,57,774,70,118,182,187,93,1,4,9,13,1,0,0,0,0,0,0,3,11,0,78,0,0,0,1424,0,4610,2,MODERATE SPENDER
2535,1978,3,Married,88097.0,1,0,2012-08-18,24,163,0,480,0,126,75,1,6,5,8,9,0,1,1,1,0,0,3,11,1,48,1,1,1,844,3,4955,2,MODERATE SPENDER
11039,1975,2,Married,51948.0,0,1,2013-09-17,51,82,33,54,71,30,41,2,5,2,4,5,0,0,0,0,0,0,3,11,0,51,1,1,1,311,0,4560,0,BUDGET CUSTOMER
9495,1982,2,Together,71853.0,0,0,2013-05-08,29,358,108,413,141,97,32,1,2,8,6,1,0,0,0,0,0,0,3,11,0,44,1,0,0,1149,0,4692,2,MODERATE SPENDER
9635,1983,3,Married,35876.0,0,0,2014-04-20,13,66,2,40,4,3,14,1,3,1,3,6,0,0,0,0,0,0,3,11,0,43,1,0,0,129,0,4345,1,PLATINUM CUSTOMER
2173,1952,2,Widow,40049.0,0,1,2013-10-16,23,13,6,7,0,3,3,1,1,0,3,6,0,0,0,0,0,0,3,11,0,74,0,1,1,32,0,4531,1,PLATINUM CUSTOMER
942,1982,2,Single,39660.0,1,0,2012-08-08,36,139,13,78,20,13,36,3,7,1,3,9,0,0,0,0,0,0,3,11,1,44,0,1,1,299,0,4965,0,BUDGET CUSTOMER
9386,1962,2,Together,50127.0,0,1,2014-05-29,88,274,0,21,4,6,15,1,5,1,6,6,0,1,0,0,0,0,3,11,0,64,1,1,1,320,1,4306,0,BUDGET CUSTOMER
5510,1977,3,Married,43263.0,0,1,2012-11-21,2,262,6,61,0,10,102,3,5,2,6,5,0,0,0,0,0,0,3,11,0,49,1,1,1,441,0,4860,0,BUDGET CUSTOMER
873,1949,3,Married,62845.0,1,1,2012-10-01,3,1099,0,45,0,0,34,11,3,4,10,8,0,1,0,0,0,0,3,11,1,77,1,2,1,1178,1,4911,0,BUDGET CUSTOMER
2253,1990,2,Married,18929.0,0,0,2013-02-16,15,32,0,8,23,4,18,1,1,0,4,6,0,0,0,0,0,0,3,11,0,36,1,0,0,85,0,4773,1,PLATINUM CUSTOMER
5181,1982,0,Single,24367.0,1,0,2013-03-20,58,2,4,2,0,11,5,1,1,0,2,9,0,0,0,0,0,0,3,11,0,44,0,1,1,24,0,4741,1,PLATINUM CUSTOMER
979,1975,2,Single,33249.0,1,0,2013-02-20,11,6,10,21,19,14,42,2,2,1,3,6,0,0,0,0,0,0,3,11,0,51,0,1,1,112,0,4769,1,PLATINUM CUSTOMER
10390,1959,1,Married,26887.0,0,1,2013-02-10,27,6,7,4,3,4,6,1,1,0,3,6,0,0,0,0,0,0,3,11,0,67,1,1,1,30,0,4779,1,PLATINUM CUSTOMER
4698,1983,4,Married,50150.0,0,0,2013-06-20,32,135,46,92,65,61,11,2,5,2,7,5,0,0,0,0,0,0,3,11,0,43,1,0,0,410,0,4649,0,BUDGET CUSTOMER
7793,1976,2,Together,62061.0,0,1,2013-08-31,12,641,7,84,0,30,38,3,10,4,7,6,0,1,0,0,0,0,3,11,0,50,1,1,1,800,1,4577,0,BUDGET CUSTOMER
1745,1962,4,Divorced,85696.0,0,0,2013-05-03,88,714,76,395,116,0,12,1,4,6,9,1,0,0,0,0,0,0,3,11,1,64,0,0,0,1313,0,4697,2,MODERATE SPENDER
10590,1956,4,Together,76542.0,0,0,2013-03-30,91,794,73,573,0,29,14,1,4,8,10,2,0,0,0,0,0,0,3,11,0,70,1,0,0,1483,0,4731,2,MODERATE SPENDER
5080,1993,2,Single,70515.0,0,0,2013-10-21,12,420,0,452,182,64,140,1,6,6,4,2,0,0,0,0,0,0,3,11,1,33,0,0,0,1258,0,4526,2,MODERATE SPENDER
8369,1987,2,Together,18227.0,1,0,2012-11-08,21,1,2,7,4,3,11,1,0,1,2,8,0,0,0,0,0,0,3,11,0,39,1,1,1,28,0,4873,1,PLATINUM CUSTOMER
5232,1965,2,Married,69139.0,0,1,2014-01-27,23,86,12,75,33,15,6,1,4,1,5,4,0,0,0,0,0,0,3,11,0,61,1,1,1,227,0,4428,1,PLATINUM CUSTOMER
2407,1982,2,Married,69109.0,0,0,2012-11-09,10,823,25,459,124,29,95,1,6,6,7,4,0,0,1,0,0,0,3,11,1,44,1,0,0,1555,1,4872,2,MODERATE SPENDER
3834,1962,2,Single,69627.0,0,1,2013-03-17,35,231,161,215,171,30,53,2,8,2,11,5,0,0,0,0,0,0,3,11,0,64,0,1,1,861,0,4744,2,MODERATE SPENDER
7912,1978,2,Married,38136.0,1,0,2013-04-22,69,8,15,27,0,20,33,2,3,1,2,8,1,0,0,0,0,0,3,11,0,48,1,1,1,103,1,4708,1,PLATINUM CUSTOMER
7712,1946,4,Single,62159.0,0,0,2014-04-28,68,182,17,259,77,70,29,1,6,2,10,4,0,0,0,0,0,0,3,11,0,80,0,0,0,634,0,4337,0,BUDGET CUSTOMER
1065,1963,2,Single,80695.0,0,0,2013-12-29,85,557,129,984,193,37,18,1,5,8,5,2,0,0,0,0,0,0,3,11,0,63,0,0,0,1918,0,4457,2,MODERATE SPENDER
7275,1971,3,Single,33316.0,1,1,2013-10-04,34,79,1,31,4,4,12,3,2,1,4,6,0,0,0,0,0,0,3,11,0,55,0,2,1,131,0,4543,1,PLATINUM CUSTOMER
1343,1968,2,Together,58554.0,1,1,2012-09-26,55,368,24,68,38,0,88,6,8,2,6,7,0,0,0,0,0,0,3,11,0,58,1,2,1,586,0,4916,0,BUDGET CUSTOMER
1384,1992,0,Married,17256.0,1,0,2013-11-23,10,6,4,14,8,8,22,2,2,1,2,8,1,0,0,0,0,0,3,11,0,34,1,1,1,62,1,4493,1,PLATINUM CUSTOMER
9967,1974,2,Divorced,53034.0,1,1,2013-05-30,30,160,15,196,15,11,50,8,6,1,7,8,0,0,0,0,0,0,3,11,0,52,0,2,1,447,0,4670,0,BUDGET CUSTOMER
6181,1950,1,Together,52203.0,0,0,2012-07-31,36,488,21,238,56,108,28,1,8,7,11,6,0,0,0,0,0,0,3,11,0,76,1,0,0,939,0,4973,0,BUDGET CUSTOMER
10507,1977,1,Divorced,59601.0,0,1,2013-07-25,14,691,7,69,0,7,23,4,2,2,7,8,0,1,0,0,0,0,3,11,0,49,0,1,1,797,1,4614,0,BUDGET CUSTOMER
2674,1958,3,Single,75154.0,0,1,2012-09-04,79,543,10,205,160,143,82,1,6,3,6,3,0,0,0,0,0,0,3,11,1,68,0,1,1,1143,0,4938,2,MODERATE SPENDER
2698,1976,2,Single,47025.0,0,1,2013-11-07,52,254,7,108,20,0,26,3,6,3,5,6,0,0,0,0,0,0,3,11,0,50,0,1,1,415,0,4509,0,BUDGET CUSTOMER
3231,1973,2,Married,37971.0,1,0,2013-11-25,97,5,4,10,2,2,7,1,1,0,3,8,0,0,0,0,0,0,3,11,0,53,1,1,1,30,0,4491,1,PLATINUM CUSTOMER
4096,1968,3,Divorced,41335.0,1,0,2013-12-26,24,112,19,21,16,14,5,3,4,1,4,7,0,0,0,0,0,0,3,11,0,58,0,1,1,187,0,4460,1,PLATINUM CUSTOMER
10476,1958,2,Married,67267.0,0,1,2014-05-13,0,134,11,59,15,2,30,1,3,2,5,2,0,0,0,0,0,0,3,11,0,68,1,1,1,251,0,4322,1,PLATINUM CUSTOMER
5948,1975,2,Single,57338.0,0,1,2014-04-29,96,143,6,52,11,8,17,2,4,1,5,5,0,0,0,0,0,0,3,11,0,51,0,1,1,237,0,4336,1,PLATINUM CUSTOMER
9140,1960,1,Together,50523.0,1,1,2013-12-25,89,51,4,24,4,7,1,2,2,0,4,6,0,0,0,0,0,0,3,11,0,66,1,2,1,91,0,4461,1,PLATINUM CUSTOMER
10258,1965,3,Single,35791.0,2,1,2013-05-06,94,27,0,5,0,0,3,2,1,0,3,8,0,0,0,0,0,0,3,11,0,61,0,3,1,35,0,4694,1,PLATINUM CUSTOMER
5675,1960,4,Divorced,50611.0,0,1,2012-10-04,98,459,0,24,6,0,4,6,4,5,7,6,0,1,0,0,0,0,3,11,0,66,0,1,1,493,1,4908,0,BUDGET CUSTOMER
4743,1969,4,Married,56242.0,0,1,2013-03-03,72,689,8,167,11,8,88,5,8,4,11,6,0,0,0,0,0,0,3,11,0,57,1,1,1,971,0,4758,0,BUDGET CUSTOMER
8805,1960,2,Single,48904.0,0,1,2012-12-02,1,283,10,38,0,13,27,4,7,2,4,8,0,0,0,0,0,0,3,11,0,66,0,1,1,371,0,4849,0,BUDGET CUSTOMER
1542,1975,2,Single,56243.0,1,2,2013-12-30,26,347,0,35,4,3,7,6,4,2,8,5,0,0,0,0,0,0,3,11,0,51,0,3,1,396,0,4456,0,BUDGET CUSTOMER
6770,1985,2,Married,21355.0,1,0,2013-08-20,5,5,13,14,0,5,31,2,2,1,2,6,1,0,0,0,0,0,3,11,1,41,1,1,1,68,1,4588,1,PLATINUM CUSTOMER
8773,1971,3,Together,57420.0,0,1,2013-06-25,22,280,0,18,0,0,24,3,5,1,6,7,0,1,0,0,0,0,3,11,0,55,1,1,1,322,1,4644,0,BUDGET CUSTOMER
10475,1970,3,Together,,0,1,2013-04-01,39,187,5,65,26,20,14,2,4,2,6,5,0,0,0,0,0,0,3,11,0,56,1,1,1,317,0,4729,0,BUDGET CUSTOMER
10420,1955,3,Divorced,46390.0,0,1,2014-05-05,56,95,14,64,2,9,38,1,4,2,3,7,0,0,0,0,0,0,3,11,0,71,0,1,1,222,0,4330,1,PLATINUM CUSTOMER
7514,1956,1,Together,54342.0,1,1,2013-07-03,74,84,10,34,11,10,28,4,3,1,4,6,0,0,0,0,0,0,3,11,0,70,1,2,1,177,0,4636,1,PLATINUM CUSTOMER
2902,1958,2,Together,,1,1,2012-09-03,87,19,4,12,2,2,6,1,1,0,3,5,0,0,0,0,0,0,3,11,0,68,1,2,1,45,0,4939,1,PLATINUM CUSTOMER
4345,1964,1,Single,,1,1,2014-01-12,49,5,1,9,2,0,4,1,1,0,2,7,0,0,0,0,0,0,3,11,0,62,0,2,1,21,0,4443,1,PLATINUM CUSTOMER
793,1973,2,Married,20895.0,1,0,2012-10-06,24,18,3,17,3,0,4,1,2,0,3,9,0,0,0,0,0,0,3,11,0,53,1,1,1,45,0,4906,1,PLATINUM CUSTOMER
10909,1948,2,Married,92344.0,0,0,2014-01-15,9,992,24,694,51,19,119,0,5,10,5,1,1,0,1,0,0,0,3,11,0,78,1,0,0,1899,2,4440,2,MODERATE SPENDER
3769,1972,4,Together,,1,0,2014-03-02,17,25,1,13,0,0,3,1,1,0,3,7,0,0,0,0,0,0,3,11,0,54,1,1,1,42,0,4394,1,PLATINUM CUSTOMER
8702,1976,1,Together,26907.0,1,1,2013-08-20,10,9,1,7,0,3,2,2,1,0,3,7,0,0,0,0,0,0,3,11,0,50,1,2,1,22,0,4588,1,PLATINUM CUSTOMER
4791,1980,2,Together,44964.0,1,1,2012-12-16,35,19,1,17,2,0,2,1,1,0,3,8,0,0,0,0,0,0,3,11,0,46,1,2,1,41,0,4835,1,PLATINUM CUSTOMER
2963,1979,2,Together,75507.0,0,0,2014-05-02,56,709,93,374,104,80,80,1,8,6,6,3,0,0,0,0,0,0,3,11,0,47,1,0,0,1440,0,4333,2,MODERATE SPENDER
8216,1972,3,Married,53761.0,1,1,2013-10-11,7,158,0,76,13,7,71,6,4,4,3,5,0,0,0,0,0,0,3,11,0,54,1,2,1,325,0,4536,0,BUDGET CUSTOMER
8140,1973,2,Together,22682.0,1,0,2013-10-03,51,10,14,29,4,2,36,3,2,1,4,4,0,0,0,0,0,0,3,11,0,53,1,1,1,95,0,4544,1,PLATINUM CUSTOMER
10146,1972,4,Together,38887.0,1,0,2014-03-02,17,25,1,13,0,0,3,1,1,0,3,7,0,0,0,0,0,0,3,11,0,54,1,1,1,42,0,4394,1,PLATINUM CUSTOMER
5289,1975,1,Single,41658.0,1,1,2012-11-09,30,8,4,12,15,4,29,2,1,1,2,4,0,0,0,0,0,0,3,11,0,51,0,2,1,72,0,4872,1,PLATINUM CUSTOMER
2587,1972,4,Married,29791.0,1,0,2014-05-15,21,14,0,6,0,0,0,2,2,0,3,5,0,0,0,0,0,0,3,11,0,54,1,1,1,20,0,4320,1,PLATINUM CUSTOMER
4405,1956,3,Married,63915.0,0,2,2013-07-30,2,622,7,115,30,0,15,2,6,3,12,5,0,0,0,0,0,0,3,11,0,70,1,2,1,789,0,4609,0,BUDGET CUSTOMER
8663,1974,2,Divorced,39996.0,1,1,2014-05-22,85,11,0,3,0,0,1,1,1,0,2,6,0,0,0,0,0,0,3,11,0,52,0,2,1,15,0,4313,1,PLATINUM CUSTOMER
2589,1972,2,Divorced,26759.0,1,0,2014-02-07,65,25,3,16,8,5,2,2,2,1,3,6,0,0,0,0,0,0,3,11,0,54,0,1,1,59,0,4417,1,PLATINUM CUSTOMER
3421,1968,3,Divorced,63841.0,0,1,2013-04-21,64,635,15,100,20,7,131,1,9,3,9,6,0,0,0,0,0,0,3,11,0,58,0,1,1,908,0,4709,0,BUDGET CUSTOMER
10490,1969,4,Married,51039.0,1,1,2012-12-10,11,100,64,79,65,0,109,2,6,2,4,7,0,0,0,0,0,0,3,11,0,57,1,2,1,417,0,4841,0,BUDGET CUSTOMER
4094,1961,2,Married,60544.0,1,1,2012-08-25,92,201,2,43,3,5,35,4,5,1,5,6,0,0,0,0,0,0,3,11,0,65,1,2,1,289,0,4948,0,BUDGET CUSTOMER
9958,1972,2,Married,65685.0,0,1,2014-03-29,54,642,14,49,0,7,57,1,9,2,9,5,0,0,0,0,0,0,3,11,0,54,1,1,1,769,0,4367,0,BUDGET CUSTOMER
2534,1953,2,Married,37716.0,0,1,2014-04-21,4,97,1,41,6,2,41,2,4,1,3,7,0,0,0,0,0,0,3,11,0,73,1,1,1,188,0,4344,1,PLATINUM CUSTOMER
4188,1957,2,Single,36864.0,0,1,2012-08-13,53,204,5,39,17,0,89,3,5,2,4,8,0,0,0,0,0,0,3,11,1,69,0,1,1,354,0,4960,0,BUDGET CUSTOMER
6613,1970,3,Married,44511.0,1,0,2012-10-12,39,513,7,133,46,14,14,6,8,4,8,8,0,0,0,0,0,0,3,11,0,56,1,1,1,727,0,4900,0,BUDGET CUSTOMER
10827,1967,4,Married,36947.0,1,1,2012-08-07,49,88,3,21,4,1,29,4,3,0,4,9,0,0,0,0,0,0,3,11,0,59,1,2,1,146,0,4966,1,PLATINUM CUSTOMER
5491,1951,3,Together,47352.0,0,1,2013-04-11,70,172,12,112,8,0,15,4,6,1,5,7,0,0,0,0,0,0,3,11,0,75,1,1,1,319,0,4719,0,BUDGET CUSTOMER
8402,1953,3,Married,67087.0,0,1,2013-12-17,40,329,35,222,130,35,43,2,7,5,8,4,0,0,0,0,0,0,3,11,0,73,1,1,1,794,0,4469,0,BUDGET CUSTOMER
8783,1950,2,Married,57045.0,0,1,2012-09-08,40,296,13,104,11,13,17,3,4,2,9,3,0,0,0,0,0,0,3,11,0,76,1,1,1,454,0,4934,0,BUDGET CUSTOMER
10010,1953,4,Divorced,36957.0,1,1,2012-09-06,43,100,2,16,2,1,31,4,3,2,2,9,0,0,0,0,0,0,3,11,1,73,0,2,1,152,0,4936,1,PLATINUM CUSTOMER
618,1977,4,Married,69389.0,0,1,2012-09-28,17,422,7,238,69,46,15,1,7,2,12,4,0,0,0,0,0,0,3,11,0,49,1,1,1,797,0,4914,0,BUDGET CUSTOMER
9121,1972,2,Married,80134.0,1,0,2013-05-20,40,1218,16,272,104,0,80,2,5,3,6,6,0,1,1,1,0,0,3,11,1,54,1,1,1,1690,3,4680,0,BUDGET CUSTOMER
361,1969,3,Married,43142.0,1,1,2014-02-18,84,5,1,7,2,1,4,1,1,0,2,7,0,0,0,0,0,0,3,11,0,57,1,2,1,20,0,4406,1,PLATINUM CUSTOMER
4310,1944,2,Married,80589.0,0,0,2014-01-22,25,507,93,520,242,40,26,1,5,10,5,1,0,0,0,1,0,0,3,11,1,82,1,0,0,1428,1,4433,2,MODERATE SPENDER
2678,1990,2,Single,34412.0,1,0,2013-02-13,62,52,12,50,4,36,55,3,5,0,3,9,0,0,0,0,0,0,3,11,0,36,0,1,1,209,0,4776,1,PLATINUM CUSTOMER
6376,1979,2,Single,57537.0,1,0,2013-06-10,83,191,56,139,51,8,100,4,4,3,8,4,0,0,0,0,0,0,3,11,0,47,0,1,1,545,0,4659,0,BUDGET CUSTOMER
524,1966,0,Together,22634.0,0,0,2013-01-16,47,2,23,11,8,6,46,1,2,1,2,8,0,0,0,0,0,0,3,11,0,60,1,0,0,96,0,4804,1,PLATINUM CUSTOMER
10341,1948,2,Together,51315.0,0,0,2014-02-23,45,68,28,39,16,30,41,1,2,2,5,2,0,0,0,0,0,0,3,11,0,78,1,0,0,222,0,4401,1,PLATINUM CUSTOMER
5654,1972,2,Married,36026.0,2,1,2014-03-16,34,20,4,10,6,4,17,2,2,0,3,6,0,0,0,0,0,0,3,11,0,54,1,3,1,61,0,4380,1,PLATINUM CUSTOMER
4098,1973,2,Married,24639.0,1,1,2014-01-28,3,20,3,16,0,4,1,3,2,0,4,6,0,0,0,0,0,0,3,11,0,53,1,2,1,44,0,4427,1,PLATINUM CUSTOMER
5824,1972,4,Together,34578.0,2,1,2014-04-11,1,7,0,1,0,0,0,1,1,0,2,6,0,0,0,0,0,0,3,11,0,54,1,3,1,8,0,4354,1,PLATINUM CUSTOMER
7000,1972,1,Single,65704.0,0,0,2013-10-13,18,279,172,74,38,8,246,1,2,10,10,1,0,0,0,0,0,0,3,11,0,54,0,0,0,817,0,4534,0,BUDGET CUSTOMER
2561,1966,2,Single,63810.0,0,1,2012-11-11,45,977,12,253,16,12,101,4,4,3,12,8,0,1,0,0,0,0,3,11,0,60,0,1,1,1371,1,4870,0,BUDGET CUSTOMER
5229,1969,4,Together,54132.0,0,1,2014-02-16,81,30,1,8,0,0,3,1,1,0,3,7,0,0,0,0,0,0,3,11,0,57,1,1,1,42,0,4408,1,PLATINUM CUSTOMER
4086,1959,2,Married,18690.0,0,0,2012-12-28,77,6,1,7,23,4,19,1,1,1,2,8,0,0,0,0,0,0,3,11,0,67,1,0,0,60,0,4823,1,PLATINUM CUSTOMER
2428,1970,2,Married,28164.0,1,0,2013-05-04,23,3,18,26,11,8,12,3,2,0,4,7,0,0,0,0,0,0,3,11,0,56,1,1,1,78,0,4696,1,PLATINUM CUSTOMER
8254,1974,4,Married,34596.0,1,0,2013-04-13,48,14,0,2,0,0,7,1,1,0,2,8,0,0,0,0,0,0,3,11,0,52,1,1,1,23,0,4717,1,PLATINUM CUSTOMER
2836,1972,4,Married,43269.0,1,0,2013-09-16,61,10,1,7,0,0,1,1,1,0,2,8,0,0,0,0,0,0,3,11,0,54,1,1,1,19,0,4561,1,PLATINUM CUSTOMER
8418,1958,1,Single,38741.0,1,1,2014-03-30,60,7,10,17,8,6,13,2,2,0,3,7,0,0,0,0,0,0,3,11,0,68,0,2,1,61,0,4366,1,PLATINUM CUSTOMER
1362,1972,2,Single,31907.0,0,0,2013-03-04,75,33,87,64,175,16,74,1,6,1,6,7,0,0,0,0,0,0,3,11,0,54,0,0,0,449,0,4757,0,BUDGET CUSTOMER
7152,1983,3,Married,27100.0,1,0,2013-04-05,64,12,0,13,2,0,10,1,1,0,3,7,0,0,0,0,0,0,3,11,0,43,1,1,1,37,0,4725,1,PLATINUM CUSTOMER
10033,1973,1,Divorced,31163.0,1,0,2014-02-13,54,2,3,10,11,2,10,1,1,0,3,6,0,0,0,0,0,0,3,11,0,53,0,1,1,38,0,4411,1,PLATINUM CUSTOMER
9349,1985,2,Married,92533.0,0,0,2013-12-19,84,693,21,118,110,147,42,1,6,5,11,2,0,0,1,1,0,0,3,11,0,41,1,0,0,1131,2,4467,2,MODERATE SPENDER
274,1973,2,Single,34853.0,1,1,2013-12-23,75,9,3,15,2,3,2,2,2,0,3,6,0,0,0,0,0,0,3,11,0,53,0,2,1,34,0,4463,1,PLATINUM CUSTOMER
3388,1967,2,Divorced,70844.0,1,1,2013-10-30,16,129,26,67,3,67,2,5,6,1,5,7,0,0,0,0,0,0,3,11,0,59,0,2,1,294,0,4517,0,BUDGET CUSTOMER
922,1979,1,Married,31086.0,1,1,2013-05-04,79,16,2,11,3,0,16,2,1,1,2,8,1,0,0,0,0,0,3,11,0,47,1,2,1,48,1,4696,1,PLATINUM CUSTOMER
8588,1961,2,Married,60544.0,1,1,2012-08-25,92,201,2,43,3,5,35,4,5,1,5,6,0,0,0,0,0,0,3,11,0,65,1,2,1,289,0,4948,0,BUDGET CUSTOMER
2518,1986,1,Together,20491.0,0,0,2013-01-25,16,5,4,5,4,2,10,1,0,1,2,7,0,0,0,0,0,0,3,11,0,40,1,0,0,30,0,4795,1,PLATINUM CUSTOMER
574,1964,2,Married,42523.0,0,0,2014-04-23,96,14,36,11,3,26,35,1,1,1,4,2,0,0,0,0,0,0,3,11,0,62,1,0,0,125,0,4342,1,PLATINUM CUSTOMER
3220,1983,2,Married,39922.0,1,0,2013-02-14,30,29,12,59,19,1,36,2,3,0,4,8,0,0,0,0,0,0,3,11,0,43,1,1,1,156,0,4775,1,PLATINUM CUSTOMER
5967,1952,2,Together,33402.0,1,1,2013-07-18,60,26,2,19,10,5,8,3,2,1,3,8,0,0,0,0,0,0,3,11,0,74,1,2,1,70,0,4621,1,PLATINUM CUSTOMER
1183,1949,3,Married,36408.0,1,1,2013-09-21,11,9,1,4,3,2,3,1,1,0,2,6,0,0,0,0,0,0,3,11,0,77,1,2,1,22,0,4556,1,PLATINUM CUSTOMER
6856,1979,2,Together,21645.0,1,0,2012-09-03,75,14,0,23,4,5,19,3,3,0,3,9,0,0,0,0,0,0,3,11,1,47,1,1,1,65,0,4939,1,PLATINUM CUSTOMER
4530,1948,3,Widow,78427.0,0,0,2012-10-24,36,972,19,595,180,26,138,3,3,7,10,3,0,0,0,1,0,0,3,11,1,78,0,0,0,1930,1,4888,2,MODERATE SPENDER
1553,1946,2,Together,82657.0,0,0,2013-09-27,71,966,168,672,246,105,126,1,7,5,10,4,0,1,0,1,0,0,3,11,0,80,1,0,0,2283,2,4550,2,MODERATE SPENDER
4682,1958,2,Married,51876.0,0,0,2013-10-15,88,99,27,102,28,48,6,1,2,2,8,1,0,0,0,0,0,0,3,11,0,68,1,0,0,310,0,4532,0,BUDGET CUSTOMER
8204,1971,1,Married,78041.0,0,0,2012-12-16,93,482,35,553,72,160,17,1,4,4,9,2,0,0,0,0,0,0,3,11,0,55,1,0,0,1319,0,4835,2,MODERATE SPENDER
5221,1957,2,Married,52852.0,0,1,2012-12-01,93,714,8,99,11,0,47,4,10,7,5,8,1,0,0,0,0,0,3,11,0,69,1,1,1,879,1,4850,0,BUDGET CUSTOMER
1232,1982,4,Together,70038.0,0,0,2013-10-25,54,587,54,348,71,54,130,1,4,4,8,2,0,0,0,0,0,0,3,11,0,44,1,0,0,1244,0,4522,2,MODERATE SPENDER
1927,1973,1,Together,69401.0,0,1,2014-03-23,41,399,27,159,58,8,39,4,4,4,5,2,0,0,0,0,0,0,3,11,0,53,1,1,1,690,0,4373,0,BUDGET CUSTOMER
5788,1972,2,Together,46053.0,1,0,2013-02-17,46,56,10,92,19,7,25,3,3,2,4,5,0,0,0,0,0,0,3,11,0,54,1,1,1,209,0,4772,1,PLATINUM CUSTOMER
6652,1965,2,Married,77343.0,0,0,2014-06-09,28,227,151,573,98,54,31,1,3,4,9,1,0,0,0,0,0,0,3,11,0,61,1,0,0,1134,0,4295,2,MODERATE SPENDER
6246,1953,2,Single,73892.0,0,0,2013-11-13,40,703,102,601,0,58,43,1,3,11,8,1,0,0,0,0,0,0,3,11,1,73,0,0,0,1507,0,4503,2,MODERATE SPENDER
5975,1967,4,Single,40304.0,1,0,2013-09-30,82,37,0,17,0,0,3,1,2,0,3,7,0,0,0,0,0,0,3,11,0,59,0,1,1,57,0,4547,1,PLATINUM CUSTOMER
6875,1965,4,Together,32727.0,0,0,2012-08-28,38,167,13,180,86,13,70,2,7,3,5,8,0,0,0,0,0,0,3,11,0,61,1,0,0,529,0,4945,0,BUDGET CUSTOMER
4399,1969,2,Together,68695.0,0,0,2014-06-25,3,458,81,356,106,50,40,1,4,4,7,2,0,0,0,0,0,0,3,11,0,57,1,0,0,1091,0,4279,2,MODERATE SPENDER
4042,1971,2,Divorced,43300.0,0,1,2012-10-13,87,91,3,52,2,1,31,3,4,0,4,8,0,0,0,0,0,0,3,11,1,55,0,1,1,180,0,4899,1,PLATINUM CUSTOMER
2157,1972,2,Together,26290.0,1,1,2013-01-12,49,15,8,16,11,5,22,4,2,0,4,6,0,0,0,0,0,0,3,11,0,54,1,2,1,77,0,4808,1,PLATINUM CUSTOMER
10133,1970,2,Single,93790.0,0,0,2014-02-12,16,1302,68,731,89,114,45,0,6,7,12,2,0,1,1,1,0,0,3,11,1,56,0,0,0,2349,3,4412,2,MODERATE SPENDER
2525,1974,4,Married,38410.0,0,0,2012-09-14,65,153,64,123,116,64,14,2,5,2,9,6,0,0,0,0,0,0,3,11,1,52,1,0,0,534,0,4928,0,BUDGET CUSTOMER
8233,1950,3,Widow,64866.0,0,1,2014-01-26,9,508,5,21,7,5,10,4,7,3,7,5,0,1,0,0,0,0,3,11,0,76,0,1,1,556,1,4429,0,BUDGET CUSTOMER
9483,1959,2,Together,57957.0,0,1,2013-08-19,24,290,59,177,77,5,29,7,4,6,8,3,0,0,0,0,0,1,3,11,0,67,1,1,1,637,0,4589,0,BUDGET CUSTOMER
2945,1955,4,Together,46015.0,1,1,2014-04-13,25,38,0,2,0,0,6,1,1,0,3,7,1,0,0,0,1,0,3,11,0,71,1,2,1,46,2,4352,1,PLATINUM CUSTOMER
10403,1978,2,Together,16531.0,1,0,2014-06-18,43,2,13,6,7,5,11,3,3,0,3,7,0,0,0,0,0,0,3,11,0,48,1,1,1,44,0,4286,1,PLATINUM CUSTOMER
5074,1986,3,Married,28072.0,1,0,2013-07-08,10,30,0,10,2,0,5,1,1,0,3,7,0,0,0,0,0,0,3,11,0,40,1,1,1,47,0,4631,1,PLATINUM CUSTOMER
10524,1963,3,Divorced,49476.0,0,1,2013-06-20,29,386,23,95,54,41,196,4,2,11,5,2,0,0,0,0,0,0,3,11,0,63,0,1,1,795,0,4649,0,BUDGET CUSTOMER
4690,1953,2,Married,50725.0,0,1,2013-02-13,45,443,10,75,0,10,48,4,8,1,8,8,0,0,0,0,0,0,3,11,0,73,1,1,1,586,0,4776,0,BUDGET CUSTOMER
7521,1952,2,Together,83844.0,0,0,2013-05-12,57,901,31,345,75,31,191,1,4,4,11,1,0,0,1,0,0,0,3,11,0,74,1,0,0,1574,1,4688,2,MODERATE SPENDER
7196,1950,4,Married,41145.0,1,1,2014-02-08,20,9,0,3,0,0,1,1,0,0,3,3,0,0,0,0,0,0,3,11,0,76,1,2,1,13,0,4416,1,PLATINUM CUSTOMER
4406,1970,2,Together,67419.0,0,1,2013-01-16,29,846,84,352,91,56,42,4,9,4,8,5,0,0,0,0,0,0,3,11,0,56,1,1,1,1471,0,4804,2,MODERATE SPENDER
9672,1970,1,Married,23162.0,1,1,2013-12-21,82,8,3,9,19,4,22,3,1,1,3,6,0,0,0,0,0,0,3,11,0,56,1,2,1,65,0,4465,1,PLATINUM CUSTOMER
4864,1977,2,Married,34380.0,1,0,2013-05-02,68,72,7,58,13,1,24,4,4,1,3,8,0,0,0,0,0,0,3,11,0,49,1,1,1,175,0,4698,1,PLATINUM CUSTOMER
4706,1966,2,Single,34704.0,0,1,2013-04-27,65,29,0,5,0,1,5,1,1,0,3,5,0,0,0,0,0,0,3,11,0,60,0,1,1,40,0,4703,1,PLATINUM CUSTOMER
4070,1969,4,Married,94871.0,0,2,2012-09-01,99,169,24,553,188,0,144,1,8,5,4,7,0,1,1,0,0,0,3,11,1,57,1,2,1,1078,2,4941,2,MODERATE SPENDER
25,1958,2,Married,65148.0,0,1,2012-11-16,9,460,35,422,33,12,153,2,6,6,7,4,0,0,0,0,0,0,3,11,0,68,1,1,1,1115,0,4865,0,BUDGET CUSTOMER
3697,1954,2,Together,39898.0,0,1,2013-02-12,20,69,8,26,12,7,12,2,3,0,4,7,0,0,0,0,0,0,3,11,0,72,1,1,1,134,0,4777,1,PLATINUM CUSTOMER
217,1956,3,Single,64857.0,0,0,2012-11-23,78,556,14,717,210,0,43,1,7,5,10,4,0,0,0,0,0,0,3,11,0,70,0,0,0,1540,0,4858,2,MODERATE SPENDER
4220,1970,4,Married,59892.0,0,1,2013-11-02,26,73,0,13,0,1,0,1,2,1,3,3,0,0,0,0,0,0,3,11,0,56,1,1,1,87,0,4514,1,PLATINUM CUSTOMER
5286,1987,3,Single,41020.0,0,0,2013-10-28,68,112,1,54,7,7,36,1,3,2,4,3,0,0,0,0,0,0,3,11,0,39,0,0,0,217,0,4519,1,PLATINUM CUSTOMER
9559,1961,4,Married,57072.0,0,1,2014-01-24,79,944,0,60,0,0,30,2,7,5,13,5,1,0,0,0,0,0,3,11,0,65,1,1,1,1034,1,4431,0,BUDGET CUSTOMER
2849,1979,2,Single,60474.0,0,1,2013-04-01,25,265,199,303,234,9,170,7,10,2,12,7,0,0,0,0,0,0,3,11,0,47,0,1,1,1180,0,4729,2,MODERATE SPENDER
7787,1960,2,Together,62807.0,0,1,2012-08-31,83,526,28,135,10,21,99,3,5,3,12,5,0,0,0,0,0,0,3,11,0,66,1,1,1,819,0,4942,0,BUDGET CUSTOMER
3102,1981,1,Together,19414.0,1,0,2013-10-16,32,2,3,12,3,5,7,1,1,0,3,8,0,0,0,0,0,0,3,11,0,45,1,1,1,32,0,4531,1,PLATINUM CUSTOMER
5868,1980,2,Married,19107.0,1,0,2013-08-22,49,2,4,9,10,5,16,2,1,0,3,7,0,0,0,0,0,0,3,11,0,46,1,1,1,46,0,4586,1,PLATINUM CUSTOMER
8370,1976,1,Together,75484.0,0,1,2012-08-02,50,378,97,259,197,194,34,2,7,3,6,4,0,0,0,0,0,0,3,11,0,50,1,1,1,1159,0,4971,2,MODERATE SPENDER
9988,1976,3,Single,70379.0,0,1,2013-03-03,84,553,25,142,65,67,8,3,6,3,13,4,0,0,0,0,0,0,3,11,0,50,0,1,1,860,0,4758,0,BUDGET CUSTOMER
2939,1970,3,Together,79419.0,0,0,2014-06-22,96,751,127,687,20,15,31,1,4,6,4,2,0,0,0,0,0,0,3,11,0,56,1,0,0,1631,0,4282,2,MODERATE SPENDER
5529,1946,4,Together,64014.0,2,1,2014-06-10,56,406,0,30,0,0,8,7,8,2,5,7,0,0,0,1,0,0,3,11,0,80,1,3,1,444,1,4294,0,BUDGET CUSTOMER
9743,1955,2,Married,76998.0,0,1,2013-01-11,85,1449,89,161,69,35,107,2,11,8,8,6,0,0,1,0,0,0,3,11,0,71,1,1,1,1910,1,4809,0,BUDGET CUSTOMER
5763,1972,3,Together,49854.0,1,0,2013-11-10,63,123,17,171,39,0,30,5,6,2,5,6,0,0,0,0,0,0,3,11,0,54,1,1,1,380,0,4506,0,BUDGET CUSTOMER
3478,1971,4,Married,60585.0,1,1,2013-06-24,17,267,42,309,55,42,21,10,7,4,9,5,0,0,0,0,0,0,3,11,1,55,1,2,1,736,0,4645,0,BUDGET CUSTOMER
7494,1950,4,Divorced,42873.0,1,1,2013-01-21,11,209,0,40,3,2,15,4,6,1,4,8,0,0,0,0,0,0,3,11,0,76,0,2,1,269,0,4799,0,BUDGET CUSTOMER
1763,1988,2,Together,87679.0,0,0,2013-07-27,62,1259,172,815,97,148,33,1,7,11,10,4,1,0,1,1,0,0,3,11,1,38,1,0,0,2524,3,4612,2,MODERATE SPENDER
7250,1978,2,Together,57867.0,1,0,2013-10-01,48,344,35,178,15,23,17,7,7,2,9,6,0,0,0,0,0,0,3,11,0,48,1,1,1,612,0,4546,0,BUDGET CUSTOMER
2005,1990,2,Married,35765.0,1,0,2013-12-11,86,22,3,30,0,5,15,2,2,0,4,6,0,0,0,0,0,0,3,11,0,36,1,1,1,75,0,4475,1,PLATINUM CUSTOMER
10770,1959,2,Married,65492.0,0,0,2014-01-26,73,247,161,295,210,85,47,2,4,7,13,2,0,0,0,0,0,0,3,11,0,67,1,0,0,1045,0,4429,2,MODERATE SPENDER
6885,1977,2,Divorced,32952.0,1,0,2013-12-01,36,38,0,12,3,1,1,1,2,0,3,7,0,0,0,0,0,0,3,11,0,49,0,1,1,55,0,4485,1,PLATINUM CUSTOMER
2072,1969,4,Together,53374.0,0,1,2012-08-16,34,896,10,101,13,10,34,6,4,2,9,9,1,0,0,0,0,0,3,11,1,57,1,1,1,1064,1,4957,0,BUDGET CUSTOMER
9463,1959,2,Together,71706.0,0,1,2012-11-13,16,931,56,253,91,98,14,4,9,5,7,5,0,0,0,0,0,0,3,11,0,67,1,1,1,1443,0,4868,0,BUDGET CUSTOMER
6318,1988,2,Married,68487.0,0,0,2013-01-13,48,758,12,385,33,89,89,1,9,7,13,4,0,0,0,0,0,0,3,11,0,38,1,0,0,1366,0,4807,0,BUDGET CUSTOMER
4093,1975,3,Together,53253.0,1,1,2013-02-11,61,216,9,57,20,9,125,7,4,3,5,5,0,0,0,0,0,0,3,11,0,51,1,2,1,436,0,4778,0,BUDGET CUSTOMER
5751,1973,1,Divorced,31163.0,1,0,2014-02-13,54,2,3,10,11,2,10,1,1,0,3,6,0,0,0,0,0,0,3,11,0,53,0,1,1,38,0,4411,1,PLATINUM CUSTOMER
3340,1977,2,Married,42014.0,1,0,2012-08-17,56,244,15,108,4,15,50,6,7,1,6,8,0,0,0,0,0,0,3,11,1,49,1,1,1,436,0,4956,0,BUDGET CUSTOMER
3594,1973,3,Married,54108.0,1,1,2012-11-05,74,539,6,91,8,6,97,13,8,2,9,8,0,0,0,0,0,0,3,11,0,53,1,2,1,747,0,4876,0,BUDGET CUSTOMER
3584,1955,4,Single,49667.0,0,0,2012-08-20,35,1181,26,120,17,13,39,2,5,10,5,8,1,0,0,0,0,0,3,11,1,71,0,0,0,1396,1,4953,0,BUDGET CUSTOMER
3643,1974,3,Married,63206.0,0,0,2014-03-20,65,750,8,125,11,8,26,1,4,3,6,2,0,0,1,0,0,0,3,11,0,52,1,0,0,928,1,4376,0,BUDGET CUSTOMER
851,1972,3,Married,57136.0,1,1,2013-07-09,48,306,5,109,21,109,92,9,5,2,10,6,0,0,0,0,0,0,3,11,0,54,1,2,1,642,0,4630,0,BUDGET CUSTOMER
7706,1975,1,Together,46772.0,0,1,2012-11-07,88,350,104,189,197,151,57,6,11,8,5,8,1,0,0,0,0,0,3,11,0,51,1,1,1,1048,1,4874,0,BUDGET CUSTOMER
3967,1971,4,Married,78931.0,0,0,2013-10-25,19,331,197,170,58,152,35,1,2,8,13,1,0,0,0,0,0,0,3,11,0,55,1,0,0,943,0,4522,2,MODERATE SPENDER
10128,1958,2,Together,53977.0,0,1,2013-06-08,21,620,16,165,0,24,82,5,5,5,12,5,0,0,0,0,0,0,3,11,0,68,1,1,1,907,0,4661,0,BUDGET CUSTOMER
486,1988,2,Married,84219.0,0,0,2014-02-02,27,434,137,400,45,137,45,1,3,4,10,1,0,0,0,0,0,0,3,11,0,38,1,0,0,1198,0,4422,2,MODERATE SPENDER
9,1975,3,Single,46098.0,1,1,2012-08-18,86,57,0,27,0,0,36,4,3,2,2,8,0,0,0,0,0,0,3,11,0,51,0,2,1,120,0,4955,1,PLATINUM CUSTOMER
9451,1965,2,Married,73538.0,0,1,2012-11-25,92,811,76,428,99,137,107,3,10,4,9,7,0,0,0,0,0,0,3,11,0,61,1,1,1,1658,0,4856,2,MODERATE SPENDER
9264,1986,2,Married,79529.0,0,0,2014-04-27,1,423,42,706,73,197,197,1,4,8,9,2,0,0,0,0,0,0,3,11,0,40,1,0,0,1638,0,4338,2,MODERATE SPENDER
3865,1977,1,Together,20981.0,0,0,2013-04-30,14,2,12,10,6,13,30,1,3,1,2,8,0,0,0,0,0,0,3,11,1,49,1,0,0,73,0,4700,1,PLATINUM CUSTOMER
2853,1980,2,Single,51766.0,1,0,2014-03-11,74,60,51,87,6,20,51,2,4,2,4,5,0,0,0,0,0,0,3,11,0,46,0,1,1,275,0,4385,0,BUDGET CUSTOMER
1490,1962,2,Married,55759.0,0,1,2012-11-28,84,675,0,85,10,7,77,5,10,3,8,8,0,0,0,0,0,0,3,11,0,64,1,1,1,854,0,4853,0,BUDGET CUSTOMER
6310,1978,2,Married,33039.0,1,0,2013-09-09,4,30,8,12,8,8,12,1,2,0,4,5,0,0,0,0,0,0,3,11,0,48,1,1,1,78,0,4568,1,PLATINUM CUSTOMER
10380,1972,3,Married,37787.0,1,0,2013-09-20,50,40,1,40,4,3,18,1,3,0,3,8,0,0,0,0,0,0,3,11,0,54,1,1,1,106,0,4557,1,PLATINUM CUSTOMER
3887,1970,2,Single,27242.0,1,0,2012-11-11,2,3,17,26,20,1,39,2,2,0,3,9,0,0,0,0,0,0,3,11,1,56,0,1,1,106,0,4870,1,PLATINUM CUSTOMER
4278,1983,4,Single,87188.0,0,0,2013-06-03,73,910,111,724,49,74,55,1,10,2,6,3,0,0,0,0,0,0,3,11,1,43,0,0,0,1923,0,4666,2,MODERATE SPENDER
8643,1971,2,Together,69930.0,0,0,2013-05-26,21,252,98,827,219,70,196,1,4,5,12,3,0,0,0,0,0,0,3,11,0,55,1,0,0,1662,0,4674,2,MODERATE SPENDER
1998,1976,2,Single,37697.0,1,0,2014-02-07,82,34,6,21,11,4,8,1,2,1,3,6,0,0,0,0,0,0,3,11,0,50,0,1,1,84,0,4417,1,PLATINUM CUSTOMER
10795,1973,4,Married,37401.0,1,0,2014-05-06,14,19,3,19,3,1,3,2,2,0,3,7,0,0,0,0,0,0,3,11,0,53,1,1,1,48,0,4329,1,PLATINUM CUSTOMER
11110,1973,2,Single,3502.0,1,0,2013-04-13,56,2,1,1,0,0,1,0,0,0,0,14,0,0,0,0,0,0,3,11,0,53,0,1,1,5,0,4717,1,PLATINUM CUSTOMER
2408,1976,2,Married,58597.0,1,1,2012-11-20,20,490,0,184,10,28,21,12,7,4,9,7,0,0,0,0,0,0,3,11,0,50,1,2,1,733,0,4861,0,BUDGET CUSTOMER
202,1948,4,Widow,82032.0,0,0,2014-04-05,54,332,194,377,149,125,57,0,4,6,7,1,0,0,0,0,0,0,3,11,0,78,0,0,0,1234,0,4360,2,MODERATE SPENDER
7998,1958,2,Together,28087.0,1,1,2012-12-11,77,53,8,17,13,0,21,3,2,2,2,7,0,0,0,0,0,0,3,11,0,68,1,2,1,112,0,4840,1,PLATINUM CUSTOMER
830,1987,4,Single,74004.0,0,0,2014-02-24,5,784,48,560,42,176,48,1,4,6,4,3,0,0,1,1,0,0,3,11,1,39,0,0,0,1658,2,4400,2,MODERATE SPENDER
3536,1960,2,Together,19740.0,0,1,2013-03-24,65,7,11,3,10,4,20,2,1,1,3,5,0,0,0,0,0,0,3,11,0,66,1,1,1,55,0,4737,1,PLATINUM CUSTOMER
6050,1975,1,Married,57036.0,0,1,2012-12-11,33,1171,43,219,19,14,47,4,6,3,13,9,1,0,0,0,0,0,3,11,0,51,1,1,1,1513,1,4840,0,BUDGET CUSTOMER
125,1958,1,Together,53083.0,1,1,2013-05-15,65,215,7,33,3,0,13,6,5,1,5,7,0,1,0,0,0,0,3,11,0,68,1,2,1,271,1,4685,0,BUDGET CUSTOMER
3463,1975,4,Married,69283.0,0,1,2014-06-14,41,674,62,134,0,26,8,4,7,3,13,5,0,0,0,0,0,0,3,11,0,51,1,1,1,904,0,4290,0,BUDGET CUSTOMER
2804,1975,3,Single,46098.0,1,1,2012-08-18,86,57,0,27,0,0,36,4,3,2,2,8,0,0,0,0,0,0,3,11,1,51,0,2,1,120,0,4955,1,PLATINUM CUSTOMER
3745,1988,1,Married,23331.0,1,0,2012-09-04,92,5,36,7,0,10,45,2,3,0,3,8,0,0,0,0,0,0,3,11,0,38,1,1,1,103,0,4938,1,PLATINUM CUSTOMER
9771,1988,1,Single,23331.0,1,0,2012-10-05,97,104,20,101,24,15,5,6,5,1,5,9,0,0,0,0,0,0,3,11,0,38,0,1,1,269,0,4907,0,BUDGET CUSTOMER
451,1989,2,Single,9255.0,1,0,2013-12-20,91,9,0,7,2,0,4,1,1,1,2,8,0,0,0,0,0,0,3,11,0,37,0,1,1,22,0,4466,1,PLATINUM CUSTOMER
10530,1959,4,Widow,67786.0,0,0,2013-12-07,0,431,82,441,80,20,102,1,3,6,6,1,0,0,0,0,0,0,3,11,1,67,0,0,0,1156,0,4479,2,MODERATE SPENDER
1079,1971,4,Married,71969.0,0,1,2012-10-16,59,1000,0,76,0,0,10,3,3,4,9,8,0,1,0,0,0,0,3,11,0,55,1,1,1,1086,1,4896,0,BUDGET CUSTOMER
8920,1967,3,Single,59235.0,1,0,2013-01-12,4,448,40,469,80,0,91,3,11,2,12,7,0,0,0,0,0,0,3,11,0,59,0,1,1,1128,0,4808,0,BUDGET CUSTOMER
6678,1989,2,Together,31928.0,1,0,2014-03-28,5,33,4,24,4,2,5,2,3,0,4,7,0,0,0,0,0,0,3,11,0,37,1,1,1,72,0,4368,1,PLATINUM CUSTOMER
3852,1961,3,Together,74881.0,1,1,2013-03-08,48,505,72,270,36,27,54,4,9,2,12,5,0,0,0,0,0,0,3,11,0,65,1,2,1,964,0,4753,0,BUDGET CUSTOMER
528,1978,2,Married,65819.0,0,0,2012-11-29,99,267,38,701,149,165,63,1,5,4,10,3,0,0,0,0,0,0,3,11,0,48,1,0,0,1383,0,4852,2,MODERATE SPENDER
73,1953,4,Single,51411.0,1,2,2013-05-26,81,14,0,3,0,0,1,1,0,0,3,5,0,0,0,0,0,0,3,11,0,73,0,3,1,18,0,4674,1,PLATINUM CUSTOMER
5589,1964,2,Divorced,51983.0,0,1,2012-08-31,95,631,0,115,10,7,30,3,9,2,10,7,0,0,0,0,0,0,3,11,0,62,0,1,1,793,0,4942,0,BUDGET CUSTOMER
10212,1986,3,Together,42386.0,1,0,2013-01-13,43,65,4,16,0,4,11,1,3,0,3,8,0,0,0,0,0,0,3,11,0,40,1,1,1,100,0,4807,1,PLATINUM CUSTOMER
6365,1987,1,Married,30390.0,0,0,2013-09-02,5,10,12,12,25,1,20,1,2,0,3,6,0,0,0,0,0,0,3,11,0,39,1,0,0,80,0,4575,1,PLATINUM CUSTOMER
5636,1963,2,Single,30983.0,0,0,2012-11-09,50,51,4,50,12,1,49,1,4,0,3,8,0,0,0,0,0,0,3,11,1,63,0,0,0,167,0,4872,1,PLATINUM CUSTOMER
591,1957,2,Widow,66033.0,0,1,2013-01-20,76,293,35,179,46,59,65,2,8,3,7,7,0,0,0,0,0,0,3,11,0,69,0,1,1,677,0,4800,0,BUDGET CUSTOMER
2217,1975,1,Married,37284.0,1,1,2013-03-29,46,11,1,2,2,1,6,1,0,0,3,6,0,0,0,0,0,0,3,11,0,51,1,2,1,23,0,4732,1,PLATINUM CUSTOMER
2544,1951,3,Divorced,57530.0,0,1,2013-10-12,68,50,1,27,6,7,1,1,1,1,4,1,0,0,0,0,0,0,3,11,0,75,0,1,1,92,0,4535,1,PLATINUM CUSTOMER
7725,1965,1,Married,76800.0,0,0,2014-03-08,33,173,26,255,35,71,81,1,4,4,7,1,0,0,0,0,0,0,3,11,0,61,1,0,0,641,0,4388,2,MODERATE SPENDER
8091,1956,2,Married,63943.0,0,1,2012-09-02,50,423,184,368,13,97,21,1,6,4,6,5,0,0,0,0,0,0,3,11,0,70,1,1,1,1106,0,4940,2,MODERATE SPENDER
7321,1962,2,Together,76081.0,0,0,2014-05-23,85,292,30,415,63,33,200,1,4,5,4,2,0,0,0,1,0,0,3,11,0,64,1,0,0,1033,1,4312,2,MODERATE SPENDER
5462,1974,2,Married,67445.0,0,1,2012-08-12,63,757,80,217,29,80,11,5,9,6,12,6,0,0,0,0,0,0,3,11,0,52,1,1,1,1174,0,4961,0,BUDGET CUSTOMER
7791,1967,3,Married,37054.0,1,1,2013-09-15,89,12,1,6,0,1,5,2,1,0,3,7,0,0,0,0,0,0,3,11,0,59,1,2,1,25,0,4562,1,PLATINUM CUSTOMER
955,1962,3,Together,47175.0,1,1,2012-10-28,81,167,2,44,6,2,19,7,4,2,4,8,1,0,0,0,0,0,3,11,1,64,1,2,1,240,1,4884,1,PLATINUM CUSTOMER
4037,1976,2,Divorced,31859.0,1,0,2013-06-14,77,3,1,3,8,0,5,1,1,0,2,7,0,0,0,0,0,0,3,11,0,50,0,1,1,20,0,4655,1,PLATINUM CUSTOMER
6642,1961,2,Divorced,27215.0,2,1,2013-01-23,50,30,5,22,8,9,28,4,2,1,4,6,0,0,0,0,0,0,3,11,0,65,0,3,1,102,0,4797,1,PLATINUM CUSTOMER
2793,1976,4,Divorced,70179.0,0,1,2013-07-21,10,532,88,168,69,44,133,3,7,3,13,5,0,0,0,0,0,0,3,11,0,50,0,1,1,1034,0,4618,0,BUDGET CUSTOMER
5424,1983,2,Married,39922.0,1,0,2013-02-14,30,29,12,59,19,1,36,2,3,0,4,8,0,0,0,0,0,0,3,11,0,43,1,1,1,156,0,4775,1,PLATINUM CUSTOMER
879,1976,3,Married,49681.0,0,2,2013-11-04,66,411,0,26,0,0,21,6,7,1,7,7,0,0,0,0,0,0,3,11,0,50,1,2,1,458,0,4512,0,BUDGET CUSTOMER
9530,1988,2,Married,24645.0,1,0,2012-11-01,16,5,3,4,4,1,0,1,1,0,2,8,0,0,0,0,0,0,3,11,0,38,1,1,1,17,0,4880,1,PLATINUM CUSTOMER
4828,1954,2,Divorced,79865.0,0,1,2014-06-18,12,71,99,278,185,121,38,1,5,10,5,1,0,0,0,0,0,0,3,11,0,72,0,1,1,792,0,4286,2,MODERATE SPENDER
10699,1985,2,Married,44322.0,1,0,2014-06-16,30,46,0,40,3,0,3,2,3,0,3,8,0,0,0,0,0,0,3,11,0,41,1,1,1,92,0,4288,1,PLATINUM CUSTOMER
1497,1952,2,Single,47958.0,0,1,2013-01-19,8,268,11,88,15,3,22,2,6,3,5,5,0,0,0,0,0,0,3,11,0,74,0,1,1,407,0,4801,0,BUDGET CUSTOMER
7476,1964,3,Single,63972.0,0,1,2012-12-02,93,928,63,254,0,12,12,4,5,4,10,4,0,1,0,0,0,0,3,11,0,62,0,1,1,1269,1,4849,0,BUDGET CUSTOMER
4390,1954,2,Together,75315.0,0,1,2014-04-15,14,459,15,171,142,23,31,2,5,4,12,2,0,0,0,0,0,0,3,11,0,72,1,1,1,841,0,4350,2,MODERATE SPENDER
10478,1950,4,Married,55517.0,1,1,2012-09-27,53,483,0,108,0,6,36,5,11,1,6,9,0,0,0,0,0,0,3,11,1,76,1,2,1,633,0,4915,0,BUDGET CUSTOMER
1081,1957,4,Married,75283.0,1,2,2013-03-27,26,733,9,180,12,19,66,11,6,3,5,4,0,0,0,0,0,0,3,11,0,69,1,3,1,1019,0,4734,0,BUDGET CUSTOMER
4261,1946,4,Single,82800.0,0,0,2012-11-24,23,1006,22,115,59,68,45,1,7,6,12,3,0,0,1,1,0,0,3,11,1,80,0,0,0,1315,2,4857,0,BUDGET CUSTOMER
9916,1954,2,Married,38998.0,1,1,2012-11-03,92,34,1,14,0,0,5,3,2,0,3,8,0,0,0,0,0,1,3,11,0,72,1,2,1,54,0,4878,1,PLATINUM CUSTOMER
5350,1991,3,Single,90638.0,0,0,2014-02-13,29,1156,120,915,94,144,96,1,3,4,10,1,0,0,1,0,0,0,3,11,1,35,0,0,0,2525,1,4411,2,MODERATE SPENDER
8135,1986,3,Married,27161.0,1,0,2013-10-28,41,7,4,23,7,0,11,1,1,0,3,7,0,0,0,0,0,0,3,11,0,40,1,1,1,52,0,4519,1,PLATINUM CUSTOMER
8685,1977,2,Married,42014.0,1,0,2012-08-17,56,244,15,108,4,15,50,6,7,1,6,8,0,0,0,0,0,0,3,11,1,49,1,1,1,436,0,4956,0,BUDGET CUSTOMER
4967,1960,4,Together,38201.0,0,1,2013-03-29,19,233,0,23,0,0,12,4,5,1,5,8,0,0,0,0,0,0,3,11,0,66,1,1,1,268,0,4732,0,BUDGET CUSTOMER
2130,1982,2,Together,45203.0,2,0,2014-03-23,4,35,3,67,10,8,24,1,3,1,3,6,0,0,0,0,0,0,3,11,1,44,1,2,1,147,0,4373,1,PLATINUM CUSTOMER
9298,1947,4,Together,81574.0,0,0,2014-04-28,89,1252,0,465,46,35,0,1,4,5,8,1,0,1,1,0,0,0,3,11,0,79,1,0,0,1798,2,4337,2,MODERATE SPENDER
8175,1992,2,Married,34935.0,0,0,2013-06-21,71,34,4,66,3,10,20,1,2,1,4,7,0,0,0,0,0,0,3,11,0,34,1,0,0,137,0,4648,1,PLATINUM CUSTOMER
6257,1976,3,Single,60482.0,0,1,2013-01-23,81,255,43,134,37,14,24,1,7,2,7,7,0,0,0,0,0,0,3,11,0,50,0,1,1,507,0,4797,0,BUDGET CUSTOMER
3790,1956,2,Together,34633.0,2,1,2014-01-23,31,8,1,5,0,0,1,1,1,0,2,6,0,0,0,0,0,0,3,11,0,70,1,3,1,15,0,4432,1,PLATINUM CUSTOMER
9952,1947,3,Together,78093.0,0,0,2013-12-11,53,368,32,639,13,43,10,1,4,7,5,1,0,0,0,0,0,0,3,11,0,79,1,0,0,1105,0,4475,2,MODERATE SPENDER
3503,1950,2,Divorced,82460.0,0,0,2013-12-02,78,255,47,573,52,32,15,1,5,3,6,1,0,0,0,0,0,0,3,11,0,76,0,0,0,974,0,4484,2,MODERATE SPENDER
5223,1966,3,Together,45903.0,0,1,2014-04-23,80,33,8,10,2,10,3,2,2,1,3,4,0,0,0,0,0,0,3,11,0,60,1,1,1,66,0,4342,1,PLATINUM CUSTOMER
4608,1987,2,Divorced,81361.0,0,0,2014-02-25,18,163,23,424,27,65,76,1,3,10,13,1,0,0,0,0,0,0,3,11,1,39,0,0,0,778,0,4399,2,MODERATE SPENDER
1626,1973,4,Divorced,35860.0,1,1,2014-05-19,37,15,0,8,4,2,20,2,1,1,2,5,1,0,0,0,0,0,3,11,1,53,0,2,1,49,1,4316,1,PLATINUM CUSTOMER
4764,1952,3,Together,40442.0,1,1,2012-08-19,52,45,12,52,25,22,13,4,3,1,4,7,0,0,0,0,0,0,3,11,1,74,1,2,1,169,0,4954,1,PLATINUM CUSTOMER
2471,1965,2,Married,61482.0,0,0,2014-06-27,39,48,58,68,16,66,43,1,3,2,6,2,0,0,0,0,0,0,3,11,0,61,1,0,0,299,0,4277,0,BUDGET CUSTOMER
5892,1980,2,Married,34968.0,1,0,2013-04-10,11,158,6,45,8,2,2,7,3,2,5,7,0,0,0,0,0,0,3,11,0,46,1,1,1,221,0,4720,1,PLATINUM CUSTOMER
2612,1987,2,Married,75794.0,0,0,2013-12-24,33,754,160,625,63,32,48,1,7,5,12,3,0,0,0,1,0,0,3,11,0,39,1,0,0,1682,1,4462,2,MODERATE SPENDER
4971,1962,4,Together,31497.0,0,1,2012-12-06,22,108,1,28,13,1,4,2,3,1,4,8,0,0,0,0,0,0,3,11,0,64,1,1,1,155,0,4845,1,PLATINUM CUSTOMER
5185,1955,2,Married,74268.0,0,0,2013-02-14,83,199,66,315,97,174,41,1,4,3,5,2,0,0,0,0,0,0,3,11,0,71,1,0,0,892,0,4775,2,MODERATE SPENDER
10069,1988,0,Together,13724.0,1,0,2012-08-31,43,2,7,5,2,15,27,1,2,0,2,9,1,0,0,0,0,0,3,11,0,38,1,1,1,58,1,4942,1,PLATINUM CUSTOMER
2262,1965,3,Together,45143.0,0,1,2013-08-26,74,202,5,74,11,5,14,3,6,1,5,7,0,0,0,0,0,0,3,11,0,61,1,1,1,311,0,4582,0,BUDGET CUSTOMER
1131,1967,4,Single,52569.0,0,1,2014-04-05,54,85,0,3,0,0,7,1,2,0,4,3,0,0,0,0,0,0,3,11,0,59,0,1,1,95,0,4360,1,PLATINUM CUSTOMER
1041,1973,4,Single,48432.0,0,1,2012-10-18,3,322,3,50,4,3,42,5,7,1,6,8,0,0,0,0,0,0,3,11,1,53,0,1,1,424,0,4894,0,BUDGET CUSTOMER
24,1960,3,Together,17144.0,1,1,2014-02-15,96,18,2,19,0,2,6,5,3,0,4,7,0,0,0,0,0,0,3,11,0,66,1,2,1,47,0,4409,1,PLATINUM CUSTOMER
3409,1984,2,Single,36108.0,1,0,2013-10-15,68,141,8,129,3,11,47,3,7,1,4,9,1,0,0,0,0,0,3,11,0,42,0,1,1,339,1,4532,0,BUDGET CUSTOMER
7022,1971,2,Married,76445.0,1,0,2012-09-28,2,739,107,309,140,80,35,1,2,5,13,6,0,0,0,0,0,0,3,11,0,55,1,1,1,1410,0,4914,2,MODERATE SPENDER
7943,1975,4,Married,36663.0,1,0,2014-04-25,40,18,0,6,3,3,5,1,1,1,3,2,0,0,0,0,0,0,3,11,0,51,1,1,1,35,0,4340,1,PLATINUM CUSTOMER
5272,1965,3,Married,53843.0,0,1,2013-06-27,64,378,0,88,19,4,73,4,8,5,3,7,0,0,0,0,0,0,3,11,0,61,1,1,1,562,0,4642,0,BUDGET CUSTOMER
5453,1956,3,Married,90226.0,0,0,2012-09-26,26,1083,108,649,253,151,108,1,4,7,12,2,0,0,0,1,0,0,3,11,0,70,1,0,0,2352,1,4916,2,MODERATE SPENDER
2565,1955,3,Divorced,70638.0,0,0,2013-06-01,69,1016,12,215,16,12,63,1,4,5,10,3,0,1,0,0,0,0,3,11,0,71,0,0,0,1334,1,4668,0,BUDGET CUSTOMER
800,1960,2,Together,44512.0,1,1,2013-08-30,57,23,1,6,0,0,2,2,1,0,3,4,0,0,0,0,0,0,3,11,0,66,1,2,1,32,0,4578,1,PLATINUM CUSTOMER
11092,1961,2,Married,27116.0,1,1,2014-03-02,78,12,1,21,2,2,3,2,2,0,3,7,0,0,0,0,0,0,3,11,0,65,1,2,1,41,0,4394,1,PLATINUM CUSTOMER
5062,1963,4,Married,54072.0,1,1,2013-07-27,71,35,0,4,0,0,0,1,2,0,2,8,0,0,0,0,0,0,3,11,0,63,1,2,1,39,0,4612,1,PLATINUM CUSTOMER
8969,1977,2,Married,71855.0,0,1,2013-01-16,59,548,31,422,0,112,28,4,5,5,11,3,0,0,0,0,0,0,3,11,0,49,1,1,1,1141,0,4804,0,BUDGET CUSTOMER
4656,1990,1,Single,51250.0,1,0,2013-03-30,28,342,32,230,34,32,40,5,10,5,4,9,1,0,0,0,0,0,3,11,0,36,0,1,1,710,1,4731,0,BUDGET CUSTOMER
4480,1973,3,Married,60432.0,0,1,2014-03-09,61,365,3,15,4,3,11,5,7,2,5,6,0,0,0,0,0,0,3,11,0,53,1,1,1,401,0,4387,0,BUDGET CUSTOMER
9971,1964,4,Married,65526.0,0,1,2014-04-11,22,397,19,69,12,0,9,1,4,4,8,2,0,0,0,0,0,0,3,11,0,62,1,1,1,506,0,4354,0,BUDGET CUSTOMER
6729,1988,2,Single,68655.0,0,0,2012-08-10,95,456,19,832,75,118,38,1,4,5,11,3,0,0,0,0,0,0,3,11,0,38,0,0,0,1538,0,4963,2,MODERATE SPENDER
1773,1978,1,Married,12393.0,0,0,2012-12-04,38,5,6,15,11,7,13,1,2,0,3,9,0,0,0,0,0,0,3,11,0,48,1,0,0,57,0,4847,1,PLATINUM CUSTOMER
9242,1990,2,Single,64509.0,0,0,2013-08-17,19,836,185,575,24,25,77,1,6,3,9,4,1,0,0,0,0,0,3,11,1,36,0,0,0,1722,1,4591,2,MODERATE SPENDER
1764,1975,2,Single,33955.0,1,0,2013-08-09,92,100,2,128,23,7,10,4,5,1,5,8,0,0,0,0,0,0,3,11,0,51,0,1,1,270,0,4599,0,BUDGET CUSTOMER
6215,1977,2,Married,31353.0,1,1,2013-12-29,24,10,0,10,3,1,7,2,1,1,2,8,0,0,0,0,0,0,3,11,1,49,1,2,1,31,0,4457,1,PLATINUM CUSTOMER
10099,1984,2,Married,55434.0,1,0,2013-10-05,21,238,115,215,169,69,76,3,5,3,13,4,0,0,0,0,0,0,3,11,0,42,1,1,1,882,0,4542,2,MODERATE SPENDER
5423,1983,2,Together,28359.0,1,0,2013-10-27,35,6,0,5,2,1,2,1,1,0,2,7,0,0,0,0,0,0,3,11,0,43,1,1,1,16,0,4520,1,PLATINUM CUSTOMER
940,1987,2,Single,57100.0,1,0,2014-05-18,9,158,11,99,15,11,17,2,3,2,7,3,0,0,0,0,0,0,3,11,0,39,0,1,1,311,0,4317,0,BUDGET CUSTOMER
3011,1965,2,Married,69139.0,0,1,2014-01-27,23,86,12,75,33,15,6,1,4,1,5,4,0,0,0,0,0,0,3,11,0,61,1,1,1,227,0,4428,1,PLATINUM CUSTOMER
3298,1956,3,Married,52973.0,0,1,2012-11-08,92,856,0,76,12,9,199,7,9,6,9,8,0,0,0,0,0,0,3,11,0,70,1,1,1,1152,0,4873,0,BUDGET CUSTOMER
8286,1965,4,Together,51717.0,0,1,2013-08-20,55,98,1,17,0,1,5,1,3,0,4,7,0,1,0,0,0,0,3,11,0,61,1,1,1,122,1,4588,1,PLATINUM CUSTOMER
9668,1971,2,Married,18793.0,1,0,2013-01-12,14,4,16,20,0,17,20,3,2,0,4,8,0,0,0,0,0,0,3,11,0,55,1,1,1,77,0,4808,1,PLATINUM CUSTOMER
5120,1982,1,Together,66664.0,0,0,2012-09-25,78,398,96,447,220,96,32,1,5,7,6,3,0,0,0,0,0,0,3,11,0,44,1,0,0,1289,0,4917,2,MODERATE SPENDER
6097,1959,2,Single,50664.0,1,1,2013-01-16,64,313,8,104,6,4,126,9,8,1,6,9,0,0,0,0,0,0,3,11,0,67,0,2,1,561,0,4804,0,BUDGET CUSTOMER
7019,1963,2,Together,54414.0,1,1,2013-01-23,49,109,18,16,24,26,18,4,3,1,5,4,0,0,0,0,0,0,3,11,0,63,1,2,1,211,0,4797,1,PLATINUM CUSTOMER
7408,1952,4,Married,54549.0,0,1,2014-03-03,8,216,2,6,0,0,9,2,5,1,4,7,0,0,0,0,0,0,3,11,0,74,1,1,1,233,0,4393,0,BUDGET CUSTOMER
8041,1971,4,Widow,47111.0,0,1,2012-09-08,35,595,71,153,120,112,41,6,3,2,10,9,0,0,0,0,0,0,3,11,0,55,0,1,1,1092,0,4934,0,BUDGET CUSTOMER
252,1963,4,Divorced,41003.0,0,0,2013-03-17,11,123,133,142,71,44,88,1,6,2,8,6,0,0,0,0,0,0,3,11,0,63,0,0,0,601,0,4744,0,BUDGET CUSTOMER
9986,1982,2,Together,19444.0,1,0,2014-02-22,8,16,0,23,3,2,10,3,4,1,2,7,0,0,0,0,0,0,3,11,1,44,1,1,1,54,0,4402,1,PLATINUM CUSTOMER
3276,1976,1,Together,36301.0,1,0,2013-10-25,53,11,12,35,3,5,12,1,3,0,3,7,0,0,0,0,0,0,3,11,0,50,1,1,1,78,0,4522,1,PLATINUM CUSTOMER
3859,1947,4,Together,73059.0,0,1,2013-08-31,36,410,112,420,0,82,71,1,9,3,13,4,0,0,0,0,0,0,3,11,0,79,1,1,1,1095,0,4577,2,MODERATE SPENDER
3570,1969,4,Together,42731.0,1,0,2013-10-21,64,159,2,51,6,2,24,3,4,1,5,5,0,0,0,0,0,0,3,11,0,57,1,1,1,244,0,4526,0,BUDGET CUSTOMER
3783,1959,4,Married,52854.0,1,1,2014-03-24,43,105,0,10,0,1,0,2,2,1,4,5,0,0,0,0,0,0,3,11,0,67,1,2,1,116,0,4372,1,PLATINUM CUSTOMER
10207,1978,2,Together,22775.0,1,0,2013-06-19,40,5,1,8,0,0,1,1,1,0,2,8,0,0,0,0,0,0,3,11,0,48,1,1,1,15,0,4650,1,PLATINUM CUSTOMER
10906,1948,4,Together,46681.0,0,2,2013-10-08,52,269,15,69,15,19,38,2,4,6,4,5,0,0,0,0,0,0,3,11,0,78,1,2,1,425,0,4539,0,BUDGET CUSTOMER
3427,1955,4,Married,59821.0,0,1,2013-04-12,11,629,0,70,0,0,35,6,11,2,7,8,0,0,0,0,0,0,3,11,0,71,1,1,1,734,0,4718,0,BUDGET CUSTOMER
5209,1954,2,Divorced,50002.0,0,1,2013-06-17,21,443,5,71,21,16,82,2,8,2,7,7,0,0,0,0,0,0,3,11,0,72,0,1,1,638,0,4652,0,BUDGET CUSTOMER
10711,1945,2,Married,69755.0,0,0,2013-10-02,23,217,77,373,111,23,93,1,3,6,12,1,0,0,0,0,0,0,3,11,0,81,1,0,0,894,0,4545,2,MODERATE SPENDER
10785,1969,2,Married,44078.0,1,1,2014-06-19,17,24,1,10,2,0,4,2,2,0,3,5,0,0,0,0,0,0,3,11,0,57,1,2,1,41,0,4285,1,PLATINUM CUSTOMER
2814,1976,3,Together,30560.0,1,0,2013-06-27,6,9,1,5,4,5,7,1,1,0,3,7,0,0,0,0,0,0,3,11,0,50,1,1,1,31,0,4642,1,PLATINUM CUSTOMER
6866,1969,3,Together,35924.0,1,1,2014-03-23,56,8,0,14,2,3,7,1,1,0,3,5,0,0,0,0,0,0,3,11,0,57,1,2,1,34,0,4373,1,PLATINUM CUSTOMER
1665,1964,4,Divorced,64140.0,0,2,2013-09-23,71,1459,0,61,0,15,215,5,2,5,6,5,1,0,1,0,1,0,3,11,1,62,0,2,1,1750,3,4554,0,BUDGET CUSTOMER
6575,1981,2,Together,56386.0,1,1,2012-10-27,51,230,48,214,13,32,75,8,9,1,7,9,0,0,0,0,0,0,3,11,0,45,1,2,1,612,0,4885,0,BUDGET CUSTOMER
3829,1979,0,Together,24594.0,1,0,2013-12-10,94,1,3,6,10,0,9,1,1,0,3,5,0,0,0,0,0,0,3,11,0,47,1,1,1,29,0,4476,1,PLATINUM CUSTOMER
3091,1981,1,Together,75774.0,1,0,2014-05-02,27,340,21,134,258,14,56,1,7,5,8,4,0,0,0,0,0,0,3,11,0,45,1,1,1,823,0,4333,2,MODERATE SPENDER
10141,1960,3,Divorced,39228.0,0,0,2013-05-10,1,7,1,6,0,3,3,1,0,0,3,4,0,0,0,0,0,0,3,11,0,66,0,0,0,20,0,4690,1,PLATINUM CUSTOMER
5177,1974,3,Married,58494.0,0,1,2013-12-12,56,298,7,68,4,0,19,2,6,2,6,6,0,0,0,0,0,0,3,11,0,52,1,1,1,396,0,4474,0,BUDGET CUSTOMER
7005,1981,2,Single,58684.0,0,0,2014-06-16,71,479,35,179,28,7,85,1,5,3,12,2,0,1,0,0,0,0,3,11,0,45,0,0,0,813,1,4288,0,BUDGET CUSTOMER
6409,1967,2,Divorced,57136.0,0,0,2013-05-18,18,267,140,599,34,12,127,1,7,5,7,6,0,0,0,0,0,0,3,11,1,59,0,0,0,1179,0,4682,2,MODERATE SPENDER
7485,1950,4,Widow,56551.0,1,1,2014-05-07,48,67,4,32,17,2,16,3,2,1,4,4,0,0,0,0,0,0,3,11,0,76,0,2,1,138,0,4328,1,PLATINUM CUSTOMER
8079,1982,2,Married,22448.0,1,0,2014-02-26,86,3,1,8,23,2,18,3,2,1,3,3,0,0,0,0,0,0,3,11,0,44,1,1,1,55,0,4398,1,PLATINUM CUSTOMER
8395,1961,2,Single,82014.0,0,0,2012-08-20,48,980,37,265,35,163,31,1,3,6,12,6,0,0,0,0,0,0,3,11,1,65,0,0,0,1511,0,4953,0,BUDGET CUSTOMER
10352,1963,2,Widow,34213.0,1,1,2012-09-07,2,50,4,28,6,3,26,3,3,1,2,9,0,0,0,0,0,0,3,11,1,63,0,2,1,117,0,4935,1,PLATINUM CUSTOMER
4931,1977,2,Together,157146.0,0,0,2013-04-29,13,1,0,1725,2,1,1,0,0,28,0,1,0,0,0,0,0,0,3,11,0,49,1,0,0,1730,0,4701,2,MODERATE SPENDER
13,1947,4,Widow,25358.0,0,1,2013-07-22,57,19,0,5,0,0,8,2,1,0,3,6,0,0,0,0,0,0,3,11,0,79,0,1,1,32,0,4617,1,PLATINUM CUSTOMER
1834,1978,3,Single,35544.0,1,0,2014-03-08,77,30,5,23,4,1,4,1,2,0,3,7,0,0,0,0,0,0,3,11,0,48,0,1,1,67,0,4388,1,PLATINUM CUSTOMER
2285,1954,3,Together,36634.0,0,1,2013-05-28,0,213,9,76,4,3,30,3,5,2,5,7,0,0,0,0,0,0,3,11,0,72,1,1,1,335,0,4672,0,BUDGET CUSTOMER
2295,1954,4,Married,62670.0,0,1,2014-02-02,57,539,30,92,80,46,38,1,5,3,13,3,0,0,0,0,0,0,3,11,0,72,1,1,1,825,0,4422,0,BUDGET CUSTOMER
1378,1972,1,Together,50334.0,0,1,2013-07-24,24,284,16,160,84,16,134,6,7,4,6,6,0,0,0,0,0,0,3,11,0,54,1,1,1,694,0,4615,0,BUDGET CUSTOMER
2781,1981,2,Single,72066.0,0,0,2014-06-23,55,1003,34,536,134,51,34,1,4,6,6,2,0,0,1,1,0,0,3,11,1,45,0,0,0,1792,2,4281,2,MODERATE SPENDER
1165,1958,4,Single,50729.0,1,1,2013-05-02,62,239,13,143,45,4,52,9,6,2,7,6,0,0,0,0,0,0,3,11,0,68,0,2,1,496,0,4698,0,BUDGET CUSTOMER
1404,1968,2,Together,34916.0,2,0,2013-05-15,89,51,23,82,33,0,42,4,5,1,3,9,0,0,0,0,0,0,3,11,0,58,1,2,1,231,0,4685,1,PLATINUM CUSTOMER
6457,1976,2,Divorced,64892.0,0,1,2014-05-29,77,527,24,230,32,24,65,2,6,4,12,4,0,0,0,0,0,0,3,11,0,50,0,1,1,902,0,4306,0,BUDGET CUSTOMER
2639,1966,2,Single,43602.0,1,1,2014-01-10,45,19,5,12,10,3,19,3,3,1,2,6,0,0,0,0,0,0,3,11,0,60,0,2,1,68,0,4445,1,PLATINUM CUSTOMER
8299,1989,4,Single,33996.0,0,0,2013-09-11,46,40,2,15,8,0,6,1,1,1,3,4,0,0,0,0,0,0,3,11,0,37,0,0,0,71,0,4566,1,PLATINUM CUSTOMER
6437,1985,1,Single,41473.0,1,0,2013-06-19,80,21,8,20,15,3,9,1,2,0,3,7,0,0,0,0,0,0,3,11,0,41,0,1,1,76,0,4650,1,PLATINUM CUSTOMER
6912,1967,4,Married,63246.0,0,2,2013-08-20,60,593,30,91,29,22,7,1,6,3,12,4,0,0,0,0,0,0,3,11,0,59,1,2,1,772,0,4588,0,BUDGET CUSTOMER
7327,1959,4,Married,36732.0,1,1,2013-12-29,71,21,5,3,10,1,7,3,1,1,4,2,0,0,0,0,0,0,3,11,0,67,1,2,1,47,0,4457,1,PLATINUM CUSTOMER
5299,1970,4,Married,69084.0,1,0,2013-11-19,43,1181,107,199,39,30,30,2,7,3,13,8,0,0,0,0,0,0,3,11,0,56,1,1,1,1586,0,4497,0,BUDGET CUSTOMER
4127,1967,4,Married,77766.0,0,1,2013-02-22,97,1004,59,265,115,59,27,2,11,10,11,6,1,0,0,0,0,0,3,11,1,59,1,1,1,1529,1,4767,2,MODERATE SPENDER
8143,1985,4,Single,37929.0,0,0,2013-07-30,49,202,2,46,3,2,10,2,4,2,5,7,0,1,0,1,0,0,3,11,1,41,0,0,0,265,2,4609,0,BUDGET CUSTOMER
1964,1951,2,Together,86610.0,0,0,2013-09-05,66,446,107,768,33,196,53,1,5,6,6,2,0,0,0,0,0,0,3,11,0,75,1,0,0,1603,0,4572,2,MODERATE SPENDER
3690,1986,3,Married,80141.0,0,0,2013-01-11,20,1184,102,673,52,40,40,1,7,4,10,6,0,0,1,0,0,0,3,11,1,40,1,0,0,2091,1,4809,2,MODERATE SPENDER
3433,1955,1,Married,72635.0,0,0,2013-06-03,54,390,22,323,104,35,107,1,6,8,6,3,0,0,0,1,0,0,3,11,0,71,1,0,0,981,1,4666,2,MODERATE SPENDER
3389,1970,2,Married,69016.0,0,1,2012-11-22,61,726,53,363,123,107,161,4,8,9,13,5,0,0,0,0,0,0,3,11,0,56,1,1,1,1533,0,4859,2,MODERATE SPENDER
4712,1991,1,Together,20193.0,0,0,2012-11-28,18,8,8,22,24,11,9,1,1,1,4,4,0,0,0,0,0,0,3,11,0,35,1,0,0,82,0,4853,1,PLATINUM CUSTOMER
1170,1975,2,Married,27573.0,1,0,2013-03-25,45,50,15,110,39,15,15,4,5,1,4,8,0,0,0,0,0,0,3,11,0,51,1,1,1,244,0,4736,1,PLATINUM CUSTOMER
6347,1979,0,Single,15862.0,1,0,2013-06-27,26,1,1,4,11,9,10,1,1,0,3,8,0,0,0,0,0,0,3,11,0,47,0,1,1,36,0,4642,1,PLATINUM CUSTOMER
4065,1976,4,Married,49544.0,1,0,2013-02-12,0,308,0,73,0,0,23,2,5,1,8,7,0,0,0,0,0,0,3,11,0,50,1,1,1,404,0,4777,0,BUDGET CUSTOMER
8230,1980,2,Married,33228.0,1,0,2014-01-23,28,22,2,31,7,4,5,1,2,0,3,7,0,0,0,0,0,0,3,11,0,46,1,1,1,71,0,4432,1,PLATINUM CUSTOMER
1215,1978,2,Together,70440.0,0,0,2013-10-08,49,690,117,499,76,102,88,1,5,10,7,3,0,0,0,1,0,0,3,11,0,48,1,0,0,1572,1,4539,2,MODERATE SPENDER
5939,1971,2,Together,38232.0,1,1,2014-01-17,84,43,5,28,7,6,33,4,3,1,3,5,0,0,0,0,0,0,3,11,0,55,1,2,1,122,0,4438,1,PLATINUM CUSTOMER
2156,1955,4,Married,22554.0,1,1,2012-11-03,38,27,0,10,0,0,4,4,2,0,4,5,0,0,0,0,0,0,3,11,0,71,1,2,1,41,0,4878,1,PLATINUM CUSTOMER
7788,1983,4,Married,23536.0,1,0,2014-06-04,53,6,0,3,0,0,1,1,0,0,3,3,0,0,0,0,0,0,3,11,0,43,1,1,1,10,0,4300,1,PLATINUM CUSTOMER
10323,1952,2,Married,49413.0,0,1,2013-10-25,88,205,7,41,3,2,46,2,4,2,5,5,0,0,0,0,0,0,3,11,0,74,1,1,1,304,0,4522,0,BUDGET CUSTOMER
7947,1969,2,Married,42231.0,1,1,2014-03-25,99,24,0,8,0,1,4,1,1,0,3,5,0,0,0,0,0,0,3,11,0,57,1,2,1,37,0,4371,1,PLATINUM CUSTOMER
1891,1980,3,Divorced,78789.0,0,0,2012-08-08,12,667,50,850,21,83,83,1,4,6,5,2,0,0,0,0,0,0,3,11,1,46,0,0,0,1754,0,4965,2,MODERATE SPENDER
2570,1968,2,Together,56534.0,0,1,2013-07-23,35,691,7,61,10,0,46,4,10,4,7,8,0,1,0,0,1,0,3,11,1,58,1,1,1,815,2,4616,0,BUDGET CUSTOMER
9256,1971,2,Single,58350.0,0,1,2013-01-04,5,493,26,206,116,80,80,4,8,3,12,6,0,0,0,0,0,0,3,11,0,55,0,1,1,1001,0,4816,0,BUDGET CUSTOMER
295,1989,2,Single,81217.0,0,0,2013-07-19,77,493,70,324,146,40,84,1,3,7,11,1,0,0,0,0,0,0,3,11,0,37,0,0,0,1157,0,4620,2,MODERATE SPENDER
7397,1951,2,Single,49090.0,0,1,2013-07-19,45,494,5,82,7,0,100,3,7,2,9,7,0,0,0,0,0,0,3,11,0,75,0,1,1,688,0,4620,0,BUDGET CUSTOMER
6349,1987,3,Divorced,61787.0,0,0,2013-07-06,71,621,73,414,78,48,85,1,8,4,6,5,0,0,0,0,0,0,3,11,0,39,0,0,0,1319,0,4633,2,MODERATE SPENDER
10790,1985,4,Married,18169.0,1,0,2013-02-19,40,9,0,5,0,0,7,1,1,0,2,8,0,0,0,0,0,0,3,11,0,41,1,1,1,21,0,4770,1,PLATINUM CUSTOMER
10398,1981,1,Single,24336.0,1,0,2012-08-27,82,1,6,2,8,2,12,1,1,0,2,7,0,0,0,0,0,0,3,11,0,45,0,1,1,31,0,4946,1,PLATINUM CUSTOMER
2431,1990,2,Married,18222.0,0,0,2012-12-31,70,12,4,19,12,6,14,1,2,0,3,8,0,0,0,0,0,0,3,11,0,36,1,0,0,67,0,4820,1,PLATINUM CUSTOMER
550,1952,2,Divorced,62335.0,0,1,2013-05-23,87,243,131,217,85,6,26,2,3,3,13,2,0,0,0,0,0,0,3,11,0,74,0,1,1,708,0,4677,0,BUDGET CUSTOMER
1890,1971,1,Together,42033.0,1,1,2012-09-19,95,11,1,4,2,0,7,1,1,0,2,7,0,0,0,0,0,0,3,11,0,55,1,2,1,25,0,4923,1,PLATINUM CUSTOMER
10742,1983,4,Married,86580.0,0,0,2013-02-27,72,532,21,127,26,20,20,0,4,2,5,1,0,0,1,0,0,0,3,11,0,43,1,0,0,746,1,4762,0,BUDGET CUSTOMER
10356,1957,4,Divorced,41437.0,1,1,2012-09-22,5,29,0,2,0,0,1,1,1,0,3,7,0,0,0,0,0,0,3,11,0,69,0,2,1,32,0,4920,1,PLATINUM CUSTOMER
4676,1951,3,Widow,73705.0,0,2,2014-03-05,86,612,91,520,258,107,107,2,9,6,8,5,0,0,0,0,0,0,3,11,0,75,0,2,1,1695,0,4391,2,MODERATE SPENDER
8852,1976,2,Married,61064.0,0,1,2012-08-31,80,387,126,342,0,45,180,5,8,4,11,6,0,0,0,0,0,0,3,11,0,50,1,1,1,1080,0,4942,0,BUDGET CUSTOMER
3565,1955,3,Married,38452.0,1,1,2014-03-30,62,56,0,14,0,0,2,3,3,0,3,7,0,0,0,0,0,0,3,11,0,71,1,2,1,72,0,4366,1,PLATINUM CUSTOMER
5294,1989,2,Single,18358.0,1,0,2013-11-20,49,6,8,19,16,4,4,3,3,0,4,7,0,0,0,0,0,0,3,11,0,37,0,1,1,57,0,4496,1,PLATINUM CUSTOMER
1958,1973,4,Together,55012.0,0,1,2014-03-21,85,582,0,65,0,0,13,6,8,2,9,5,0,0,0,0,0,0,3,11,0,53,1,1,1,660,0,4375,0,BUDGET CUSTOMER
7349,1973,0,Together,9722.0,1,0,2012-10-02,7,6,17,16,6,16,42,4,3,1,3,8,0,0,0,0,0,0,3,11,1,53,1,1,1,103,0,4910,1,PLATINUM CUSTOMER
8799,1984,4,Married,38175.0,1,0,2013-09-23,6,70,6,69,2,3,3,3,3,1,4,7,0,0,0,0,0,0,3,11,0,42,1,1,1,153,0,4554,1,PLATINUM CUSTOMER
1351,1956,3,Together,58656.0,0,1,2012-09-20,25,962,12,194,16,24,12,4,7,8,13,6,0,0,1,0,0,0,3,11,0,70,1,1,1,1220,1,4922,0,BUDGET CUSTOMER
1045,1965,2,Together,52117.0,0,1,2012-08-16,55,112,10,107,30,0,20,2,5,2,4,7,0,0,0,0,0,0,3,11,0,61,1,1,1,279,0,4957,0,BUDGET CUSTOMER
7732,1978,2,Married,64813.0,1,0,2014-01-02,81,293,0,124,179,97,52,1,7,2,10,5,0,0,0,0,0,0,3,11,0,48,1,1,1,745,0,4453,0,BUDGET CUSTOMER
8070,1973,4,Married,54222.0,0,1,2014-03-01,98,199,12,31,3,12,7,1,3,3,5,3,0,0,0,0,0,0,3,11,0,53,1,1,1,264,0,4395,0,BUDGET CUSTOMER
477,1986,2,Married,83512.0,0,0,2014-06-17,31,1060,61,835,80,20,101,1,4,7,10,1,1,0,1,1,1,0,3,11,1,40,1,0,0,2157,4,4287,2,MODERATE SPENDER
7832,1959,3,Married,77520.0,0,1,2013-08-28,30,940,44,396,0,88,58,1,8,7,7,4,1,0,1,1,0,0,3,11,1,67,1,1,1,1526,3,4580,2,MODERATE SPENDER
2202,1978,2,Together,41154.0,0,1,2013-04-09,98,44,2,11,2,3,7,1,1,0,4,5,0,0,0,0,0,0,3,11,0,48,1,1,1,69,0,4721,1,PLATINUM CUSTOMER
7396,1966,2,Married,80398.0,0,0,2012-11-10,92,342,51,936,207,35,26,1,5,8,12,3,0,0,1,0,0,0,3,11,0,60,1,0,0,1597,1,4871,2,MODERATE SPENDER
4055,1992,0,Single,18746.0,1,0,2014-05-29,41,2,10,11,12,9,20,2,3,0,3,6,0,0,0,0,0,0,3,11,0,34,0,1,1,64,0,4306,1,PLATINUM CUSTOMER
10340,1984,2,Together,35196.0,1,0,2012-11-13,68,75,12,141,43,39,187,6,6,1,5,8,0,0,0,0,0,0,3,11,0,42,1,1,1,497,0,4868,0,BUDGET CUSTOMER
10091,1956,2,Single,60230.0,0,1,2013-05-20,78,520,20,367,39,81,40,2,6,3,6,5,0,0,0,0,0,0,3,11,0,70,0,1,1,1067,0,4680,0,BUDGET CUSTOMER
7629,1977,2,Married,22108.0,1,1,2014-05-08,46,5,3,9,6,2,6,2,2,0,3,7,0,0,0,0,0,0,3,11,0,49,1,2,1,31,0,4327,1,PLATINUM CUSTOMER
10640,1974,2,Together,44392.0,1,1,2013-09-05,71,87,5,71,7,12,29,5,4,1,4,7,0,0,0,0,0,0,3,11,0,52,1,2,1,211,0,4572,1,PLATINUM CUSTOMER
3498,1976,4,Married,55424.0,0,1,2012-11-25,6,462,61,184,10,53,107,4,7,5,9,6,1,0,0,0,0,0,3,11,1,50,1,1,1,877,1,4856,0,BUDGET CUSTOMER
6742,1979,2,Married,17688.0,1,0,2013-01-13,82,2,2,1,3,1,2,1,1,0,2,8,0,0,0,0,0,1,3,11,0,47,1,1,1,11,0,4807,1,PLATINUM CUSTOMER
1172,1983,4,Married,92491.0,0,0,2013-05-01,71,979,44,935,29,25,22,1,7,5,12,3,0,1,1,1,0,0,3,11,1,43,1,0,0,2034,3,4699,2,MODERATE SPENDER
569,1991,2,Single,90273.0,0,0,2013-12-14,32,704,129,853,120,74,111,1,5,6,7,2,0,1,1,1,0,0,3,11,1,35,0,0,0,1991,3,4472,2,MODERATE SPENDER
4686,1962,4,Widow,82571.0,0,0,2014-04-02,28,861,31,558,62,95,79,0,6,5,13,2,0,0,1,0,0,0,3,11,0,64,0,0,0,1686,1,4363,2,MODERATE SPENDER
1381,1982,4,Single,38513.0,1,0,2014-01-28,20,172,3,115,16,0,18,5,6,1,5,8,0,0,0,0,0,0,3,11,1,44,0,1,1,324,0,4427,0,BUDGET CUSTOMER
2634,1979,3,Single,16653.0,1,0,2014-04-18,10,5,7,31,15,4,7,3,2,1,3,6,0,0,0,0,0,0,3,11,1,47,0,1,1,69,0,4347,1,PLATINUM CUSTOMER
10905,1955,2,Together,42586.0,1,1,2012-10-29,7,194,2,56,0,0,0,5,4,1,6,8,0,0,0,0,0,0,3,11,1,71,1,2,1,252,0,4883,0,BUDGET CUSTOMER
1744,1965,0,Single,23529.0,0,1,2013-01-07,67,9,7,13,3,2,20,1,1,1,2,6,0,0,0,0,0,0,3,11,0,61,0,1,1,54,0,4813,1,PLATINUM CUSTOMER
1000,1961,3,Together,74881.0,1,1,2013-03-08,48,505,72,270,36,27,54,4,9,2,12,5,0,0,0,0,0,0,3,11,0,65,1,2,1,964,0,4753,0,BUDGET CUSTOMER
3828,1951,2,Married,71107.0,0,1,2013-02-17,61,533,10,217,198,174,195,2,7,6,13,4,0,0,0,0,0,0,3,11,0,75,1,1,1,1327,0,4772,2,MODERATE SPENDER
8605,1964,4,Together,46910.0,1,1,2014-03-23,36,48,0,14,0,0,6,2,2,0,3,6,0,0,0,0,0,0,3,11,0,62,1,2,1,68,0,4373,1,PLATINUM CUSTOMER
10304,1959,2,Married,18690.0,0,0,2012-12-28,77,6,1,7,23,4,19,1,1,1,2,8,0,0,0,0,0,0,3,11,0,67,1,0,0,60,0,4823,1,PLATINUM CUSTOMER
4351,1955,2,Divorced,37244.0,1,1,2013-04-27,90,18,2,10,0,0,25,1,1,1,2,7,1,0,0,0,0,0,3,11,0,71,0,2,1,55,1,4703,1,PLATINUM CUSTOMER
10129,1966,2,Together,82427.0,0,0,2014-03-12,35,482,147,509,104,107,107,1,3,5,12,1,0,0,1,0,0,0,3,11,0,60,1,0,0,1456,1,4384,2,MODERATE SPENDER
2499,1958,1,Single,75342.0,0,1,2013-05-06,38,204,97,97,21,118,26,1,5,2,10,4,0,0,0,0,0,0,3,11,0,68,0,1,1,563,0,4694,0,BUDGET CUSTOMER
10092,1954,2,Divorced,70044.0,0,1,2013-02-18,46,1073,0,250,153,14,14,4,7,10,5,5,0,0,0,0,0,0,3,11,0,72,0,1,1,1504,0,4771,0,BUDGET CUSTOMER
7500,1967,2,Single,79146.0,1,1,2014-04-24,33,245,16,223,21,43,16,2,8,1,8,6,0,0,0,0,0,0,3,11,0,59,0,2,1,564,0,4341,0,BUDGET CUSTOMER
5796,1963,2,Married,77437.0,0,0,2013-11-26,70,560,21,442,29,44,29,1,4,5,13,1,0,0,1,0,0,0,3,11,0,63,1,0,0,1125,1,4490,2,MODERATE SPENDER
10556,1959,2,Married,54984.0,0,1,2014-05-24,51,173,13,131,32,3,6,4,6,1,6,7,0,0,0,1,0,0,3,11,0,67,1,1,1,358,1,4311,0,BUDGET CUSTOMER
1064,1971,4,Married,42403.0,1,0,2013-12-11,18,22,1,11,0,5,3,1,1,0,3,8,0,0,0,0,0,0,3,11,0,55,1,1,1,42,0,4475,1,PLATINUM CUSTOMER
48,1964,2,Together,55761.0,0,1,2014-04-24,97,136,1,12,0,3,32,2,4,1,3,6,0,1,0,0,0,0,3,11,0,62,1,1,1,184,1,4341,1,PLATINUM CUSTOMER
7610,1983,2,Together,37292.0,1,0,2013-04-18,32,275,0,86,10,23,66,5,6,3,5,8,0,0,0,0,0,0,3,11,0,43,1,1,1,460,0,4712,0,BUDGET CUSTOMER
263,1945,4,Single,45576.0,0,0,2014-05-28,9,56,19,29,2,14,25,1,3,1,3,8,0,0,0,0,0,0,3,11,1,81,0,0,0,145,0,4307,1,PLATINUM CUSTOMER
10814,1947,2,Together,70321.0,0,0,2013-01-16,6,303,23,751,82,26,191,1,6,5,13,4,0,0,0,0,0,0,3,11,1,79,1,0,0,1376,0,4804,2,MODERATE SPENDER
9710,1969,4,Divorced,58086.0,0,1,2013-01-20,80,708,7,62,0,0,15,2,11,3,7,8,0,0,0,0,0,0,3,11,0,57,0,1,1,792,0,4800,0,BUDGET CUSTOMER
9292,1952,2,Married,81795.0,0,0,2012-10-26,74,324,132,693,27,118,88,1,4,11,7,2,0,0,0,0,0,0,3,11,0,74,1,0,0,1382,0,4886,2,MODERATE SPENDER
10250,1947,0,Together,28389.0,0,0,2012-11-20,49,1,5,3,7,4,8,1,1,0,2,7,0,0,0,0,0,0,3,11,0,79,1,0,0,28,0,4861,1,PLATINUM CUSTOMER
7881,1946,3,Married,66835.0,0,0,2013-09-28,21,620,26,195,34,17,141,1,6,4,13,2,0,0,0,0,0,0,3,11,0,80,1,0,0,1033,0,4549,0,BUDGET CUSTOMER
5847,1969,2,Divorced,69901.0,0,1,2013-05-29,95,312,21,206,102,92,149,3,7,3,10,5,0,0,0,0,0,0,3,11,0,57,0,1,1,882,0,4671,0,BUDGET CUSTOMER
737,1949,4,Married,80360.0,0,0,2013-03-03,56,1493,86,454,112,43,43,2,4,4,5,2,0,1,1,1,0,0,3,11,0,77,1,0,0,2231,3,4758,2,MODERATE SPENDER
3571,1961,4,Together,63342.0,0,1,2012-10-16,48,918,21,118,13,10,21,3,8,3,5,6,0,1,0,0,0,0,3,11,1,65,1,1,1,1101,1,4896,0,BUDGET CUSTOMER
7807,1974,2,Married,44989.0,0,1,2012-09-12,26,98,0,106,49,10,106,5,5,1,5,6,0,0,0,0,0,0,3,11,0,52,1,1,1,369,0,4930,0,BUDGET CUSTOMER
3878,1980,1,Single,31859.0,1,0,2014-02-27,3,3,4,7,15,8,11,1,1,0,3,7,0,0,0,0,0,0,3,11,0,46,0,1,1,48,0,4397,1,PLATINUM CUSTOMER
5092,1949,4,Widow,51569.0,0,1,2013-02-12,39,380,0,47,6,0,34,4,7,1,7,8,0,1,0,0,0,0,3,11,1,77,0,1,1,467,1,4777,0,BUDGET CUSTOMER
2154,1971,2,Widow,30372.0,1,1,2012-12-25,33,15,0,12,7,3,7,3,2,0,3,7,0,0,0,0,0,0,3,11,0,55,0,2,1,44,0,4826,1,PLATINUM CUSTOMER
5394,1979,0,Single,16014.0,1,1,2013-03-17,42,3,9,4,7,8,7,4,1,1,4,3,0,0,0,0,0,0,3,11,0,47,0,2,1,38,0,4744,1,PLATINUM CUSTOMER
3798,1968,2,Married,41120.0,1,1,2013-11-06,80,24,2,23,0,8,24,3,2,1,3,6,0,0,0,0,0,0,3,11,0,58,1,2,1,81,0,4510,1,PLATINUM CUSTOMER
3524,1971,3,Single,39763.0,1,0,2013-08-04,9,80,1,60,4,6,16,2,5,1,2,9,0,0,0,0,0,0,3,11,1,55,0,1,1,167,0,4604,1,PLATINUM CUSTOMER
5247,1955,4,Married,38725.0,1,1,2014-05-10,52,31,0,6,2,1,5,2,1,0,4,4,0,0,0,0,0,0,3,11,0,71,1,2,1,45,0,4325,1,PLATINUM CUSTOMER
5883,1972,2,Married,77981.0,1,0,2013-05-26,78,138,120,204,16,126,60,3,7,4,7,5,0,0,0,0,0,0,3,11,0,54,1,1,1,664,0,4674,2,MODERATE SPENDER
2118,1964,1,Married,62905.0,0,1,2013-09-10,68,166,75,96,119,107,59,3,7,2,8,4,0,0,0,0,0,0,3,11,0,62,1,1,1,622,0,4567,0,BUDGET CUSTOMER
8812,1979,1,Divorced,13533.0,1,0,2013-03-10,45,12,3,8,8,0,17,2,2,0,3,7,0,0,0,0,0,0,3,11,0,47,0,1,1,48,0,4751,1,PLATINUM CUSTOMER
6616,1975,2,Together,59481.0,0,1,2013-10-23,47,178,3,85,71,66,58,2,3,3,8,2,0,0,0,0,0,0,3,11,0,51,1,1,1,461,0,4524,0,BUDGET CUSTOMER
2797,1977,2,Married,72117.0,0,1,2013-08-20,34,707,20,171,65,60,50,1,9,7,9,5,0,0,0,0,0,0,3,11,0,49,1,1,1,1073,0,4588,0,BUDGET CUSTOMER
4328,1986,1,Married,21955.0,1,0,2013-09-07,81,5,1,7,17,14,11,2,2,1,3,6,0,0,0,0,0,0,3,11,0,40,1,1,1,55,0,4570,1,PLATINUM CUSTOMER
9167,1956,2,Married,67131.0,0,1,2013-03-26,72,465,71,250,93,35,62,3,9,2,12,6,0,0,0,0,0,0,3,11,0,70,1,1,1,976,0,4735,0,BUDGET CUSTOMER
10560,1980,4,Single,36802.0,1,0,2014-06-16,23,16,1,2,0,0,1,1,1,0,3,5,0,0,0,0,0,0,3,11,0,46,0,1,1,20,0,4288,1,PLATINUM CUSTOMER
2631,1982,2,Together,71853.0,0,0,2013-05-08,29,358,108,413,141,97,32,1,2,8,6,1,0,0,0,0,0,0,3,11,0,44,1,0,0,1149,0,4692,2,MODERATE SPENDER
8312,1961,0,Married,28249.0,0,0,2014-06-15,80,1,9,7,2,14,10,1,2,0,3,6,0,0,0,0,0,0,3,11,0,65,1,0,0,43,0,4289,1,PLATINUM CUSTOMER
5534,1975,3,Married,47808.0,0,1,2013-10-20,30,123,1,26,2,0,72,2,3,2,3,7,1,0,0,0,0,0,3,11,0,51,1,1,1,224,1,4527,1,PLATINUM CUSTOMER
5093,1974,4,Divorced,25509.0,1,0,2012-09-18,15,40,3,30,10,7,11,3,3,0,3,9,0,0,0,0,0,0,3,11,1,52,0,1,1,101,0,4924,1,PLATINUM CUSTOMER
7592,1946,4,Married,51012.0,0,0,2013-04-18,86,102,9,63,2,9,24,1,4,1,4,6,0,0,0,0,0,0,3,11,0,80,1,0,0,209,0,4712,1,PLATINUM CUSTOMER
8895,1985,2,Single,70596.0,0,0,2012-10-05,68,347,44,534,17,0,26,1,3,5,12,2,0,0,0,0,0,0,3,11,0,41,0,0,0,968,0,4907,2,MODERATE SPENDER
8584,1952,4,Together,85431.0,0,0,2013-06-08,54,376,53,462,168,53,53,1,2,7,7,0,0,0,0,0,0,0,3,11,0,74,1,0,0,1165,0,4661,2,MODERATE SPENDER
2694,1967,2,Married,42664.0,0,1,2014-03-18,44,21,0,3,0,0,0,1,1,0,3,6,0,0,0,0,0,0,3,11,0,59,1,1,1,24,0,4378,1,PLATINUM CUSTOMER
8910,1955,2,Together,42586.0,1,1,2012-10-29,7,194,2,56,0,0,0,5,4,1,6,8,0,0,0,0,0,0,3,11,1,71,1,2,1,252,0,4883,0,BUDGET CUSTOMER
7433,1985,2,Single,29760.0,1,0,2012-08-29,87,64,4,68,7,5,17,4,3,1,4,8,0,0,0,0,0,0,3,11,0,41,0,1,1,165,0,4944,1,PLATINUM CUSTOMER
164,1977,4,Married,28973.0,0,0,2012-10-13,59,206,0,46,3,2,12,2,5,1,5,8,0,0,0,0,0,0,3,11,0,49,1,0,0,269,0,4899,0,BUDGET CUSTOMER
10477,1973,4,Together,39435.0,1,0,2013-08-06,16,71,0,18,0,0,13,1,3,1,2,7,0,0,0,0,0,0,3,11,0,53,1,1,1,102,0,4602,1,PLATINUM CUSTOMER
2681,1984,1,Married,65370.0,0,0,2013-08-01,1,71,22,112,138,89,29,1,2,3,13,1,0,0,0,0,0,0,3,11,0,42,1,0,0,461,0,4607,0,BUDGET CUSTOMER
5150,1979,0,Single,20194.0,1,0,2012-12-17,64,0,4,7,11,10,15,2,2,0,3,6,0,0,0,0,0,0,3,11,0,47,0,1,1,47,0,4834,1,PLATINUM CUSTOMER
5283,1976,4,Single,42473.0,1,1,2014-02-17,72,93,1,21,0,4,25,3,2,1,4,5,0,0,0,0,0,0,3,11,0,50,0,2,1,144,0,4407,1,PLATINUM CUSTOMER
9645,1968,2,Married,64590.0,0,0,2012-10-14,98,920,138,168,36,46,30,1,9,4,10,6,0,0,0,0,0,0,3,11,0,58,1,0,0,1338,0,4898,0,BUDGET CUSTOMER
10678,1959,2,Together,71232.0,0,1,2013-11-28,91,653,17,170,34,26,17,2,11,2,10,7,0,0,0,0,0,0,3,11,0,67,1,1,1,917,0,4488,0,BUDGET CUSTOMER
7261,1971,2,Together,34600.0,1,1,2013-01-01,8,199,33,60,8,3,15,5,5,2,5,8,0,0,0,0,0,0,3,11,1,55,1,2,1,318,0,4819,0,BUDGET CUSTOMER
9648,1967,2,Single,46904.0,1,1,2012-11-03,20,153,4,56,0,9,31,4,5,1,4,8,0,0,0,0,0,0,3,11,0,59,0,2,1,253,0,4878,1,PLATINUM CUSTOMER
2870,1973,2,Married,49094.0,0,1,2012-09-21,6,376,0,38,11,8,69,5,6,3,6,6,0,0,0,0,0,0,3,11,0,53,1,1,1,502,0,4921,0,BUDGET CUSTOMER
8008,1983,2,Together,36075.0,1,0,2013-12-09,54,46,0,30,12,1,30,1,2,0,4,6,0,0,0,0,0,0,3,11,0,43,1,1,1,119,0,4477,1,PLATINUM CUSTOMER
1513,1979,1,Together,60839.0,1,1,2012-08-28,72,600,21,128,223,150,128,13,2,2,12,8,0,0,0,0,0,0,3,11,0,47,1,2,1,1250,0,4945,2,MODERATE SPENDER
6173,1979,2,Together,77298.0,0,1,2013-11-02,46,425,115,292,23,35,79,1,6,6,11,3,0,0,0,0,0,0,3,11,0,47,1,1,1,969,0,4514,2,MODERATE SPENDER
1419,1950,2,Together,34026.0,1,1,2013-08-05,11,18,6,15,12,8,17,3,2,1,3,5,0,0,0,0,0,0,3,11,0,76,1,2,1,76,0,4603,1,PLATINUM CUSTOMER
9150,1963,4,Single,48918.0,1,1,2014-04-12,21,52,0,9,0,0,1,2,1,0,4,4,0,0,0,0,0,0,3,11,0,63,0,2,1,62,0,4353,1,PLATINUM CUSTOMER
7960,1962,1,Together,82122.0,0,0,2013-08-15,89,734,22,350,151,25,100,1,3,9,13,1,0,0,1,0,0,0,3,11,0,64,1,0,0,1382,1,4593,2,MODERATE SPENDER
1250,1976,2,Single,37697.0,1,0,2014-02-07,82,34,6,21,11,4,8,1,2,1,3,6,0,0,0,0,0,0,3,11,0,50,0,1,1,84,0,4417,1,PLATINUM CUSTOMER
9905,1952,2,Together,34074.0,1,1,2013-07-13,69,135,1,41,10,1,67,5,3,3,3,6,1,0,0,0,0,0,3,11,0,74,1,2,1,255,1,4626,0,BUDGET CUSTOMER
10691,1960,3,Married,28520.0,1,1,2013-06-14,55,11,0,10,0,2,20,1,1,1,2,6,0,0,0,0,0,0,3,11,0,66,1,2,1,43,0,4655,1,PLATINUM CUSTOMER
7002,1955,2,Single,62535.0,0,1,2013-10-03,13,163,48,90,0,45,52,1,3,2,8,3,0,0,0,0,0,0,3,11,0,71,0,1,1,398,0,4544,0,BUDGET CUSTOMER
2952,1977,3,Single,36273.0,1,0,2014-04-16,80,29,3,30,3,2,9,2,3,0,3,6,0,0,0,0,0,0,3,11,0,49,0,1,1,76,0,4349,1,PLATINUM CUSTOMER
8439,1964,2,Together,63404.0,0,2,2014-06-06,97,734,26,70,11,44,17,2,6,3,4,4,0,0,0,1,0,0,3,11,0,62,1,2,1,902,1,4298,0,BUDGET CUSTOMER
762,1981,1,Together,75774.0,1,0,2014-05-02,27,340,21,134,258,14,56,1,7,5,8,4,0,0,0,0,0,0,3,11,0,45,1,1,1,823,0,4333,2,MODERATE SPENDER
2831,1976,2,Together,78416.0,0,1,2014-06-27,99,453,38,279,188,38,183,2,7,7,10,3,0,0,0,0,0,0,3,11,0,50,1,1,1,1179,0,4277,2,MODERATE SPENDER
6977,1974,2,Together,75702.0,0,1,2012-10-14,87,1073,0,629,145,37,37,1,10,5,13,6,0,0,1,0,0,0,3,11,0,52,1,1,1,1921,1,4898,2,MODERATE SPENDER
6289,1951,3,Together,59385.0,1,1,2013-04-28,85,135,0,10,0,4,36,2,3,1,4,5,0,0,0,0,0,0,3,11,0,75,1,2,1,185,0,4702,1,PLATINUM CUSTOMER
4168,1966,2,Single,37070.0,1,1,2013-03-20,30,231,7,137,4,15,39,9,5,1,8,7,0,0,0,0,0,0,3,11,1,60,0,2,1,433,0,4741,0,BUDGET CUSTOMER
8397,1951,2,Married,44689.0,1,1,2014-01-10,82,18,0,5,0,0,11,2,1,1,2,7,1,0,0,0,0,0,3,11,0,75,1,2,1,34,1,4445,1,PLATINUM CUSTOMER
9284,1958,2,Together,53977.0,0,1,2013-06-08,21,620,16,165,0,24,82,5,5,5,12,5,0,0,0,0,0,0,3,11,0,68,1,1,1,907,0,4661,0,BUDGET CUSTOMER
6237,1966,4,Single,7144.0,0,2,2013-12-07,92,81,4,33,5,2,291,0,23,1,1,0,0,0,0,0,0,0,3,11,0,60,0,2,1,416,0,4479,0,BUDGET CUSTOMER
3130,1964,2,Single,18701.0,1,1,2013-06-04,95,12,4,2,10,6,10,4,2,0,4,5,0,0,0,0,0,0,3,11,0,62,0,2,1,44,0,4665,1,PLATINUM CUSTOMER
1619,1956,2,Married,90369.0,0,0,2014-04-28,2,292,51,981,224,23,17,1,4,6,6,1,0,0,0,0,0,0,3,11,1,70,1,0,0,1588,0,4337,2,MODERATE SPENDER
1990,1974,4,Single,63159.0,0,0,2012-11-05,74,965,34,586,89,86,37,1,3,5,8,3,1,0,0,0,0,0,3,11,0,52,0,0,0,1797,1,4876,2,MODERATE SPENDER
5513,1966,2,Together,37758.0,1,1,2012-10-04,49,27,2,10,0,0,1,2,1,0,3,8,0,0,0,0,0,0,3,11,0,60,1,2,1,40,0,4908,1,PLATINUM CUSTOMER
269,1963,4,Single,46757.0,0,1,2012-11-16,71,777,30,163,0,51,122,6,4,4,7,9,0,0,0,0,0,0,3,11,0,63,0,1,1,1143,0,4865,0,BUDGET CUSTOMER
8093,1969,3,Married,79734.0,0,0,2014-06-28,72,572,8,232,23,62,17,1,4,3,6,1,0,0,0,1,0,0,3,11,0,57,1,0,0,914,1,4276,0,BUDGET CUSTOMER
10513,1992,2,Together,63207.0,0,0,2013-01-20,68,438,169,565,91,169,70,1,2,3,6,7,0,0,0,1,0,0,3,11,0,34,1,0,0,1502,1,4800,2,MODERATE SPENDER
10177,1954,2,Divorced,72071.0,0,1,2013-02-14,4,531,69,300,150,138,150,3,5,4,8,2,0,0,0,0,0,0,3,11,0,72,0,1,1,1338,0,4775,2,MODERATE SPENDER
2549,1983,4,Together,21840.0,1,0,2013-07-21,80,17,0,9,0,0,1,1,1,0,3,9,0,0,0,0,0,0,3,11,0,43,1,1,1,27,0,4618,1,PLATINUM CUSTOMER
5782,1982,1,Together,58582.0,0,1,2013-09-28,15,402,35,106,101,77,42,2,9,2,9,5,0,1,0,0,0,0,3,11,0,44,1,1,1,763,1,4549,0,BUDGET CUSTOMER
10057,1951,2,Single,72282.0,0,0,2013-07-19,70,503,27,419,90,139,153,1,5,7,9,7,0,0,0,0,0,0,3,11,1,75,0,0,0,1331,0,4620,2,MODERATE SPENDER
10307,1956,2,Married,50387.0,0,2,2013-08-31,91,369,9,87,12,14,34,3,6,2,8,5,0,0,0,0,0,0,3,11,0,70,1,2,1,525,0,4577,0,BUDGET CUSTOMER
8566,1961,4,Together,32583.0,1,1,2014-06-15,10,5,0,3,0,0,1,1,1,0,2,7,0,0,0,0,0,0,3,11,0,65,1,2,1,9,0,4289,1,PLATINUM CUSTOMER
2415,1962,2,Together,62568.0,0,1,2014-04-07,99,362,17,398,80,35,61,3,5,3,5,4,0,0,0,1,0,0,3,11,0,64,1,1,1,953,1,4358,2,MODERATE SPENDER
5684,1971,3,Divorced,44635.0,1,1,2013-10-11,25,56,0,9,0,0,3,2,2,0,3,7,0,0,0,0,0,0,3,11,0,55,0,2,1,68,0,4536,1,PLATINUM CUSTOMER
8334,1971,3,Single,33316.0,1,1,2013-10-04,34,79,1,31,4,4,12,3,2,1,4,6,0,0,0,0,0,0,3,11,0,55,0,2,1,131,0,4543,1,PLATINUM CUSTOMER
9166,1968,2,Married,63967.0,0,1,2013-08-09,57,387,84,141,73,35,162,3,4,4,12,2,0,0,0,0,0,0,3,11,0,58,1,1,1,882,0,4599,0,BUDGET CUSTOMER
1440,1978,1,Together,52513.0,0,0,2012-09-04,84,367,17,241,104,188,232,2,9,5,9,7,0,0,0,0,0,0,3,11,0,48,1,0,0,1149,0,4938,0,BUDGET CUSTOMER
78,1969,2,Married,25293.0,1,0,2013-09-15,51,15,0,11,0,2,9,1,1,1,2,8,0,0,0,0,0,0,3,11,0,57,1,1,1,37,0,4562,1,PLATINUM CUSTOMER
5441,1965,4,Widow,54111.0,0,1,2013-08-25,97,267,6,54,8,3,50,2,5,2,6,5,0,0,0,0,0,0,3,11,0,61,0,1,1,388,0,4583,0,BUDGET CUSTOMER
5302,1986,2,Together,78394.0,0,0,2013-02-15,13,298,27,697,216,24,166,1,4,6,5,2,0,0,0,0,0,0,3,11,1,40,1,0,0,1428,0,4774,2,MODERATE SPENDER
4687,1958,3,Married,80739.0,0,0,2013-05-23,92,674,92,736,39,0,92,1,3,11,9,1,0,0,0,0,0,0,3,11,0,68,1,0,0,1633,0,4677,2,MODERATE SPENDER
1087,1975,3,Together,22669.0,1,0,2013-05-22,30,16,14,36,37,22,48,3,4,1,2,9,0,0,0,0,0,0,3,11,1,51,1,1,1,173,0,4678,1,PLATINUM CUSTOMER
6859,1987,2,Single,29236.0,1,0,2013-10-08,30,37,4,24,16,9,9,2,4,0,3,9,0,0,0,0,0,0,3,11,0,39,0,1,1,99,0,4539,1,PLATINUM CUSTOMER
9860,1959,2,Together,44911.0,0,1,2013-03-15,11,159,0,22,2,1,31,3,4,1,4,7,0,0,0,0,0,0,3,11,0,67,1,1,1,215,0,4746,1,PLATINUM CUSTOMER
7129,1962,4,Married,54693.0,0,1,2013-02-17,72,686,17,142,23,26,35,8,6,4,13,6,0,0,0,0,0,0,3,11,0,64,1,1,1,929,0,4772,0,BUDGET CUSTOMER
5866,1974,2,Together,48186.0,1,0,2014-03-20,39,97,3,66,12,7,34,3,4,1,4,7,0,0,0,0,0,0,3,11,0,52,1,1,1,219,0,4376,1,PLATINUM CUSTOMER
10521,1977,2,Married,54809.0,1,1,2013-09-11,0,63,6,57,13,13,22,4,2,1,5,4,0,0,0,0,0,0,3,11,1,49,1,2,1,174,0,4566,1,PLATINUM CUSTOMER
7393,1978,2,Together,41580.0,1,1,2012-12-10,15,56,5,24,4,0,3,3,2,1,3,5,0,0,0,0,0,0,3,11,0,48,1,2,1,92,0,4841,1,PLATINUM CUSTOMER
7849,1970,4,Married,80336.0,0,0,2013-09-09,12,209,19,456,160,142,66,1,2,9,13,1,0,0,0,0,0,0,3,11,0,56,1,0,0,1052,0,4568,2,MODERATE SPENDER
332,1957,2,Married,47743.0,0,1,2013-03-22,56,198,2,43,0,12,20,3,4,1,6,6,0,1,0,0,0,0,3,11,0,69,1,1,1,275,1,4739,0,BUDGET CUSTOMER
9847,1955,1,Married,62972.0,0,1,2012-08-03,39,313,15,47,20,0,192,2,7,4,3,6,0,0,0,0,0,0,3,11,0,71,1,1,1,587,0,4970,0,BUDGET CUSTOMER
531,1954,4,Divorced,57333.0,0,1,2012-09-22,55,941,14,397,76,58,176,11,8,5,9,6,0,0,0,0,0,0,3,11,1,72,0,1,1,1662,0,4920,0,BUDGET CUSTOMER
9576,1982,4,Together,32313.0,1,0,2013-02-11,60,86,4,56,2,4,7,3,4,0,4,9,0,0,0,0,0,0,3,11,0,44,1,1,1,159,0,4778,1,PLATINUM CUSTOMER
6906,1953,3,Widow,84953.0,0,0,2013-06-03,73,167,48,602,63,72,72,1,3,10,4,2,0,1,1,1,0,0,3,11,1,73,0,0,0,1024,3,4666,2,MODERATE SPENDER
7419,1968,3,Divorced,27071.0,1,0,2014-04-23,90,8,3,19,0,2,3,2,2,0,3,6,0,0,0,0,0,0,3,11,0,58,0,1,1,35,0,4342,1,PLATINUM CUSTOMER
3170,1957,3,Together,68148.0,0,0,2013-08-31,86,389,66,408,37,57,85,1,4,4,6,2,0,0,0,0,0,0,3,11,0,69,1,0,0,1042,0,4577,2,MODERATE SPENDER
8527,1965,3,Together,65735.0,1,1,2013-12-07,37,239,7,119,4,15,11,5,6,2,6,7,0,0,0,0,0,0,3,11,0,61,1,2,1,395,0,4479,0,BUDGET CUSTOMER
7872,1975,4,Married,86836.0,0,0,2012-09-12,7,179,21,273,0,21,63,1,6,10,6,5,1,0,1,1,0,0,3,11,1,51,1,0,0,557,3,4930,0,BUDGET CUSTOMER
9931,1963,4,Married,4023.0,1,1,2014-06-23,29,5,0,1,1,1,1,15,0,0,0,19,0,0,0,0,0,0,3,11,0,63,1,2,1,9,0,4281,1,PLATINUM CUSTOMER
10595,1990,2,Married,30093.0,0,0,2013-07-08,19,2,6,28,13,4,16,1,2,0,3,7,0,0,0,0,0,0,3,11,0,36,1,0,0,69,0,4631,1,PLATINUM CUSTOMER
4609,1966,4,Married,57705.0,0,1,2014-01-11,14,383,0,53,6,4,40,3,8,1,6,6,0,0,0,0,0,0,3,11,0,60,1,1,1,486,0,4444,0,BUDGET CUSTOMER
5010,1988,2,Single,25008.0,1,0,2014-02-02,72,2,8,8,6,1,9,2,1,0,3,8,0,0,0,0,0,0,3,11,0,38,0,1,1,34,0,4422,1,PLATINUM CUSTOMER
4427,1995,1,Single,83257.0,0,0,2012-09-18,56,536,27,590,38,107,67,1,5,10,12,6,1,0,1,0,0,1,3,11,1,31,0,0,0,1365,2,4924,2,MODERATE SPENDER
11148,1975,2,Together,22280.0,1,0,2013-05-19,85,2,1,4,3,1,2,1,1,0,2,8,0,0,0,0,0,0,3,11,0,51,1,1,1,13,0,4681,1,PLATINUM CUSTOMER
1168,1978,4,Married,72159.0,0,0,2012-10-29,62,322,53,899,34,40,53,1,4,6,10,2,0,0,0,0,0,0,3,11,0,48,1,0,0,1401,0,4883,2,MODERATE SPENDER
9595,1961,2,Together,64260.0,0,0,2013-01-11,1,539,169,816,20,0,30,1,4,5,4,3,0,0,0,0,0,0,3,11,1,65,1,0,0,1574,0,4809,2,MODERATE SPENDER
10163,1984,4,Single,82733.0,0,0,2013-09-10,28,712,50,420,65,38,38,1,8,4,7,4,0,0,0,0,0,0,3,11,1,42,0,0,0,1323,0,4567,2,MODERATE SPENDER
2886,1971,3,Divorced,74290.0,0,1,2013-08-12,70,1121,0,72,0,12,12,4,10,8,10,6,0,1,0,1,0,0,3,11,0,55,0,1,1,1217,2,4596,0,BUDGET CUSTOMER
6710,1951,3,Single,58217.0,2,1,2012-11-17,84,68,1,13,3,5,13,1,2,0,4,6,0,0,0,0,0,0,3,11,0,75,0,3,1,103,0,4864,1,PLATINUM CUSTOMER
5316,1976,3,Together,21024.0,0,0,2013-07-04,89,36,4,18,6,2,18,1,2,0,4,7,0,0,0,0,0,0,3,11,0,50,1,0,0,84,0,4635,1,PLATINUM CUSTOMER
9029,1972,4,Married,70116.0,0,0,2013-01-26,73,707,44,603,95,58,29,1,2,8,12,1,0,0,0,0,0,0,3,11,0,54,1,0,0,1536,0,4794,2,MODERATE SPENDER
521,1985,2,Together,54006.0,1,0,2012-09-18,42,174,77,203,6,24,97,2,8,1,7,7,0,0,0,0,0,0,3,11,0,41,1,1,1,581,0,4924,0,BUDGET CUSTOMER
1459,1966,4,Married,69063.0,0,1,2012-11-07,16,666,35,124,69,8,26,1,5,3,5,3,0,0,0,0,0,0,3,11,0,60,1,1,1,928,0,4874,0,BUDGET CUSTOMER
10241,1975,1,Divorced,11448.0,0,0,2013-12-15,16,0,0,0,6,2,6,1,1,0,2,6,0,0,0,0,0,0,3,11,0,51,0,0,0,14,0,4471,1,PLATINUM CUSTOMER
1630,1979,2,Single,61825.0,0,1,2013-08-07,56,162,50,100,55,30,27,1,4,2,8,4,0,0,0,0,0,0,3,11,0,47,0,1,1,424,0,4601,0,BUDGET CUSTOMER
3254,1971,2,Married,70886.0,1,0,2013-10-14,65,407,70,239,103,88,53,1,5,4,4,2,0,0,0,0,0,0,3,11,0,55,1,1,1,960,0,4533,2,MODERATE SPENDER
9064,1982,2,Married,69109.0,0,0,2012-11-09,10,823,25,459,124,29,95,1,6,6,7,4,0,0,1,0,0,0,3,11,1,44,1,0,0,1555,1,4872,2,MODERATE SPENDER
3678,1973,2,Widow,60208.0,1,1,2012-10-07,13,488,23,71,15,0,59,11,8,3,7,7,0,1,0,0,0,0,3,11,1,53,0,2,1,656,1,4905,0,BUDGET CUSTOMER
4227,1968,3,Together,32889.0,1,1,2013-09-06,78,28,0,13,4,2,8,3,2,1,3,5,0,0,0,0,0,0,3,11,0,58,1,2,1,55,0,4571,1,PLATINUM CUSTOMER
9467,1984,2,Single,34738.0,1,0,2014-05-11,51,3,2,10,3,0,2,1,1,0,3,6,0,0,0,0,0,0,3,11,0,42,0,1,1,20,0,4324,1,PLATINUM CUSTOMER
8486,1971,3,Together,30538.0,1,0,2012-10-01,27,284,0,52,8,3,20,4,9,0,4,10,0,0,0,0,0,0,3,11,0,55,1,1,1,367,0,4911,0,BUDGET CUSTOMER
2186,1977,1,Together,82326.0,0,0,2014-03-10,30,938,142,754,159,81,183,1,5,10,6,2,0,1,1,1,0,0,3,11,1,49,1,0,0,2257,3,4386,2,MODERATE SPENDER
3286,1967,4,Divorced,26642.0,1,0,2014-03-01,71,13,2,15,2,2,8,2,2,0,3,6,0,0,0,0,0,0,3,11,0,59,0,1,1,42,0,4395,1,PLATINUM CUSTOMER
8602,1964,2,Divorced,69932.0,0,1,2013-06-12,97,412,172,153,150,105,57,2,7,6,11,4,0,0,0,0,0,0,3,11,0,62,0,1,1,1049,0,4657,2,MODERATE SPENDER
3722,1972,2,Single,44503.0,1,1,2014-04-16,83,31,1,8,0,0,8,2,2,0,3,6,0,0,0,0,0,0,3,11,0,54,0,2,1,48,0,4349,1,PLATINUM CUSTOMER
6715,1948,4,Single,60200.0,0,1,2013-01-02,3,502,19,132,0,6,26,6,6,2,11,6,0,0,0,0,0,0,3,11,0,78,0,1,1,685,0,4818,0,BUDGET CUSTOMER
4796,1952,2,Divorced,49638.0,0,1,2014-04-19,71,18,10,3,3,5,0,1,1,0,3,2,0,0,0,0,0,0,3,11,0,74,0,1,1,39,0,4346,1,PLATINUM CUSTOMER
9612,1987,1,Single,23830.0,0,0,2014-02-07,3,1,8,6,4,8,16,1,1,0,3,7,0,0,0,0,0,0,3,11,0,39,0,0,0,43,0,4417,1,PLATINUM CUSTOMER
3766,1959,3,Widow,33051.0,0,0,2012-08-16,15,100,71,243,108,94,219,3,9,1,8,9,0,0,0,0,0,0,3,11,1,67,0,0,0,835,0,4957,0,BUDGET CUSTOMER
1399,1958,2,Married,72905.0,0,0,2014-01-21,52,407,114,445,181,165,203,1,3,7,9,1,0,0,0,1,0,0,3,11,0,68,1,0,0,1515,1,4434,2,MODERATE SPENDER
1570,1951,4,Together,69702.0,0,1,2013-02-19,8,664,9,240,50,19,57,2,7,7,10,4,0,0,0,0,0,0,3,11,0,75,1,1,1,1039,0,4770,0,BUDGET CUSTOMER
3426,1975,2,Divorced,70300.0,1,0,2013-07-15,89,1045,61,338,60,46,46,3,5,5,13,8,0,0,0,0,0,0,3,11,0,51,0,1,1,1596,0,4624,0,BUDGET CUSTOMER
3074,1984,4,Married,70643.0,0,0,2012-10-15,66,1218,107,304,23,143,33,1,5,8,4,6,0,0,0,0,0,0,3,11,1,42,1,0,0,1828,0,4897,0,BUDGET CUSTOMER
8341,1969,4,Married,30396.0,1,0,2014-04-30,22,15,0,6,0,1,12,2,1,1,2,7,1,0,0,0,0,0,3,11,1,57,1,1,1,34,1,4335,1,PLATINUM CUSTOMER
5180,1968,4,Divorced,50616.0,0,1,2014-04-18,56,128,0,16,0,1,4,2,4,0,4,7,0,0,0,0,0,0,3,11,0,58,0,1,1,149,0,4347,1,PLATINUM CUSTOMER
6461,1969,3,Single,62772.0,0,1,2013-05-19,74,581,49,157,43,8,108,1,5,6,11,2,0,1,0,0,0,0,3,11,0,57,0,1,1,946,1,4681,0,BUDGET CUSTOMER
7679,1985,4,Single,30298.0,0,0,2014-05-19,48,6,3,12,6,1,0,1,1,1,3,3,0,0,0,0,0,0,3,11,0,41,0,0,0,28,0,4316,1,PLATINUM CUSTOMER
10702,1984,2,Single,52413.0,1,0,2012-11-03,67,185,8,133,56,56,12,2,7,1,7,7,0,0,0,0,0,0,3,11,0,42,0,1,1,450,0,4878,0,BUDGET CUSTOMER
7505,1957,4,Married,44155.0,1,1,2014-01-19,24,22,1,9,0,0,14,1,1,1,2,4,0,0,0,0,0,0,3,11,0,69,1,2,1,46,0,4436,1,PLATINUM CUSTOMER
5113,1971,4,Divorced,86979.0,0,0,2013-11-07,67,584,100,835,65,83,35,1,5,5,5,2,1,0,0,0,0,0,3,11,1,55,0,0,0,1702,1,4509,2,MODERATE SPENDER
10858,1975,2,Together,76532.0,1,1,2013-09-09,38,355,30,177,90,138,30,4,9,5,7,5,0,0,0,0,0,0,3,11,0,51,1,2,1,820,0,4568,2,MODERATE SPENDER
2961,1982,2,Married,42081.0,1,0,2013-02-26,86,175,10,110,54,6,27,2,6,3,4,6,1,0,0,0,0,0,3,11,0,44,1,1,1,382,1,4763,0,BUDGET CUSTOMER
2747,1988,4,Married,67546.0,0,0,2012-08-31,90,864,134,768,150,38,172,1,4,10,5,3,0,0,0,0,0,0,3,11,0,38,1,0,0,2126,0,4942,2,MODERATE SPENDER
3010,1989,3,Together,88420.0,0,0,2014-05-02,87,957,153,612,99,95,153,1,4,7,8,1,1,0,1,1,0,0,3,11,0,37,1,0,0,2069,3,4333,2,MODERATE SPENDER
5790,1985,2,Married,31158.0,1,0,2013-01-27,62,25,6,16,20,0,5,2,2,0,3,8,0,0,0,0,0,0,3,11,0,41,1,1,1,72,0,4793,1,PLATINUM CUSTOMER
6892,1968,2,Divorced,61671.0,0,1,2014-06-03,23,641,7,56,0,0,28,8,10,4,6,8,0,1,0,1,0,0,3,11,0,58,0,1,1,732,2,4301,0,BUDGET CUSTOMER
1743,1974,2,Single,69719.0,0,0,2014-05-26,99,273,86,208,177,14,43,1,2,3,5,1,0,0,0,0,0,0,3,11,0,52,0,0,0,801,0,4309,2,MODERATE SPENDER
3578,1949,2,Divorced,49160.0,0,1,2013-10-20,29,122,21,43,25,10,15,2,3,1,6,6,0,0,0,0,0,0,3,11,0,77,0,1,1,236,0,4527,1,PLATINUM CUSTOMER
8462,1978,0,Together,24882.0,1,0,2012-09-09,52,1,4,10,29,0,36,1,1,1,2,6,1,0,0,0,0,0,3,11,0,48,1,1,1,80,1,4933,1,PLATINUM CUSTOMER
5558,1954,4,Single,90933.0,0,0,2014-03-31,90,1020,31,430,62,63,79,1,4,6,4,1,0,0,1,0,0,0,3,11,0,72,0,0,0,1685,1,4365,2,MODERATE SPENDER
4619,1945,4,Single,113734.0,0,0,2014-05-28,9,6,2,3,1,262,3,0,27,0,0,1,0,0,0,0,0,0,3,11,0,81,0,0,0,277,0,4307,1,PLATINUM CUSTOMER
8780,1950,4,Together,59292.0,0,1,2013-06-13,71,378,14,68,19,14,14,2,3,5,8,3,0,0,0,0,0,0,3,11,0,76,1,1,1,507,0,4656,0,BUDGET CUSTOMER
10789,1964,4,Married,45759.0,1,1,2013-02-23,13,42,1,18,3,0,4,2,2,0,3,7,0,0,0,0,0,0,3,11,0,62,1,2,1,68,0,4766,1,PLATINUM CUSTOMER
10779,1983,2,Single,22148.0,0,0,2014-04-13,16,15,5,14,0,4,11,1,1,0,3,7,0,0,0,0,0,0,3,11,0,43,0,0,0,49,0,4352,1,PLATINUM CUSTOMER
5896,1987,3,Married,73395.0,0,0,2014-03-18,94,272,7,80,20,7,11,1,4,4,6,2,0,0,0,0,0,0,3,11,0,39,1,0,0,397,0,4378,0,BUDGET CUSTOMER
2337,1971,2,Divorced,29819.0,1,0,2013-10-24,77,9,1,24,2,1,2,3,3,0,3,6,0,0,0,0,0,0,3,11,0,55,0,1,1,39,0,4523,1,PLATINUM CUSTOMER
10951,1968,2,Married,45688.0,0,1,2014-01-25,20,279,0,18,0,0,9,2,3,1,8,4,0,1,0,0,0,0,3,11,0,58,1,1,1,306,1,4430,0,BUDGET CUSTOMER
544,1954,2,Married,62820.0,0,0,2013-05-11,51,398,61,265,138,61,53,1,3,4,6,1,0,0,0,0,0,0,3,11,0,72,1,0,0,976,0,4689,2,MODERATE SPENDER
17,1971,4,Married,60491.0,0,1,2013-09-06,81,637,47,237,12,19,76,4,6,11,7,5,0,0,0,0,0,0,3,11,0,55,1,1,1,1028,0,4571,0,BUDGET CUSTOMER
10680,1986,2,Together,33235.0,1,0,2014-02-05,71,45,0,16,2,1,6,1,3,0,3,7,0,0,0,0,0,0,3,11,0,40,1,1,1,70,0,4419,1,PLATINUM CUSTOMER
3265,1959,2,Married,35701.0,0,0,2013-03-19,36,21,1,9,7,3,5,1,1,0,3,6,0,0,0,0,0,0,3,11,0,67,1,0,0,46,0,4742,1,PLATINUM CUSTOMER
5623,1980,3,Married,31535.0,1,0,2013-09-26,95,15,4,13,0,0,19,1,1,1,2,7,1,0,0,0,0,0,3,11,0,46,1,1,1,51,1,4551,1,PLATINUM CUSTOMER
5832,1960,1,Together,92556.0,0,0,2014-04-20,32,493,183,352,184,23,28,0,3,5,13,0,0,0,0,0,0,0,3,11,0,66,1,0,0,1263,0,4345,2,MODERATE SPENDER
5544,1970,2,Single,67384.0,0,1,2012-11-10,32,957,40,175,158,53,107,2,7,8,5,5,0,1,0,0,0,0,3,11,0,56,0,1,1,1490,1,4871,0,BUDGET CUSTOMER
6417,1971,3,Together,80573.0,0,0,2012-10-14,85,829,138,430,60,92,15,1,4,6,13,2,0,0,0,0,0,0,3,11,0,55,1,0,0,1564,0,4898,2,MODERATE SPENDER
5831,1967,2,Married,77870.0,0,1,2012-08-22,93,1017,50,500,65,50,133,3,5,5,5,8,0,1,0,1,0,0,3,11,1,59,1,1,1,1815,2,4951,2,MODERATE SPENDER
7101,1963,4,Widow,52278.0,0,1,2013-01-25,24,953,0,71,0,0,174,6,10,5,10,8,0,0,0,0,0,0,3,11,0,63,0,1,1,1198,0,4795,0,BUDGET CUSTOMER
10176,1968,2,Single,57107.0,0,1,2012-08-24,44,159,0,120,0,0,137,7,4,4,8,8,0,1,0,0,1,0,3,11,1,58,0,1,1,416,2,4949,0,BUDGET CUSTOMER
2326,1990,2,Married,18929.0,0,0,2013-02-16,15,32,0,8,23,4,18,1,1,0,4,6,0,0,0,0,0,0,3,11,0,36,1,0,0,85,0,4773,1,PLATINUM CUSTOMER
4385,1981,4,Single,36038.0,1,0,2013-05-31,82,23,0,15,0,2,7,2,3,0,3,6,0,0,0,0,0,0,3,11,0,45,0,1,1,47,0,4669,1,PLATINUM CUSTOMER
2929,1976,2,Single,20180.0,0,0,2013-02-20,27,18,42,24,15,20,18,1,2,1,4,7,0,0,0,0,0,0,3,11,0,50,0,0,0,137,0,4769,1,PLATINUM CUSTOMER
10686,1965,4,Together,34230.0,1,1,2012-12-26,72,15,0,4,0,0,2,1,1,0,2,7,0,0,0,0,0,0,3,11,0,61,1,2,1,21,0,4825,1,PLATINUM CUSTOMER
2546,1977,1,Single,31878.0,0,1,2014-06-22,7,23,4,5,10,5,23,1,1,0,4,3,0,0,0,0,0,0,3,11,0,49,0,1,1,70,0,4282,1,PLATINUM CUSTOMER
3283,1972,1,Married,70932.0,0,1,2014-01-19,57,200,193,100,46,185,185,2,6,2,12,3,0,0,0,0,0,0,3,11,0,54,1,1,1,909,0,4436,2,MODERATE SPENDER
3138,1956,2,Single,91249.0,0,0,2012-10-20,84,1324,27,119,71,108,27,0,7,9,6,4,0,1,1,1,1,0,3,11,1,70,0,0,0,1676,4,4892,0,BUDGET CUSTOMER
4994,1943,3,Single,77598.0,0,0,2013-10-01,53,1193,33,281,129,66,33,1,7,5,13,3,0,0,1,0,0,0,3,11,0,83,0,0,0,1735,1,4546,2,MODERATE SPENDER
7966,1959,2,Single,80982.0,1,1,2013-01-08,48,505,137,401,104,22,22,3,11,5,11,5,0,0,0,0,0,1,3,11,0,67,0,2,1,1191,0,4812,2,MODERATE SPENDER
3112,1977,3,Married,22701.0,1,0,2013-09-05,2,2,4,9,0,4,5,1,1,0,3,5,0,0,0,0,0,0,3,11,0,49,1,1,1,24,0,4572,1,PLATINUM CUSTOMER
10872,1969,4,Married,55212.0,0,1,2012-11-23,65,1103,0,45,0,0,34,3,4,2,11,8,0,1,0,0,1,0,3,11,0,57,1,1,1,1182,2,4858,0,BUDGET CUSTOMER
2181,1970,2,Married,70617.0,0,0,2013-06-23,45,353,61,753,40,46,27,1,3,3,7,2,0,0,0,0,0,0,3,11,0,56,1,0,0,1280,0,4646,2,MODERATE SPENDER
1867,1957,2,Single,64849.0,0,0,2012-11-13,42,652,48,350,94,84,108,1,9,3,6,5,0,0,0,0,0,0,3,11,1,69,0,0,0,1336,0,4868,2,MODERATE SPENDER
1518,1965,3,Married,62694.0,1,1,2013-06-17,29,379,6,157,25,91,91,5,9,3,7,7,0,0,0,0,0,0,3,11,0,61,1,2,1,749,0,4652,0,BUDGET CUSTOMER
5734,1974,4,Married,61917.0,1,1,2013-11-20,83,46,4,36,2,2,1,1,2,0,4,5,0,0,0,0,0,0,3,11,0,52,1,2,1,91,0,4496,1,PLATINUM CUSTOMER
2878,1947,4,Married,67472.0,0,1,2013-09-28,93,162,31,127,8,17,69,2,4,2,7,3,0,0,0,0,0,0,3,11,0,79,1,1,1,414,0,4549,0,BUDGET CUSTOMER
1458,1982,3,Married,21059.0,1,0,2014-01-07,40,8,3,19,3,3,8,3,3,0,3,6,0,0,0,0,0,0,3,11,0,44,1,1,1,44,0,4448,1,PLATINUM CUSTOMER
7007,1968,3,Married,29543.0,2,0,2014-04-01,47,17,3,18,3,4,18,2,3,1,2,7,0,0,0,0,0,0,3,11,0,58,1,2,1,63,0,4364,1,PLATINUM CUSTOMER
6200,1951,2,Married,75903.0,0,1,2013-04-08,50,340,108,185,130,38,100,2,6,6,9,3,0,0,0,0,0,0,3,11,0,75,1,1,1,901,0,4722,2,MODERATE SPENDER
1403,1975,1,Together,34984.0,1,1,2012-09-06,40,8,4,15,3,5,3,2,1,0,3,7,0,0,0,0,0,0,3,11,0,51,1,2,1,38,0,4936,1,PLATINUM CUSTOMER
4827,1956,4,Single,54998.0,0,1,2013-03-10,3,154,22,202,39,30,8,5,4,2,9,4,0,0,0,0,0,0,3,11,1,70,0,1,1,455,0,4751,0,BUDGET CUSTOMER
6250,1949,4,Widow,54356.0,0,1,2012-11-19,62,710,15,30,20,0,0,3,11,2,8,8,0,0,0,0,0,0,3,11,1,77,0,1,1,775,0,4862,0,BUDGET CUSTOMER
9291,1959,3,Married,34242.0,0,1,2014-03-23,25,8,2,4,0,0,1,1,0,0,3,5,0,0,0,0,0,0,3,11,0,67,1,1,1,15,0,4373,1,PLATINUM CUSTOMER
2478,1973,2,Married,25410.0,1,0,2013-08-31,48,2,2,4,13,13,4,1,1,0,4,4,0,0,0,0,0,0,3,11,0,53,1,1,1,38,0,4577,1,PLATINUM CUSTOMER
1139,1984,4,Married,73356.0,0,0,2014-02-06,56,1050,14,322,0,14,112,1,5,11,5,2,1,0,1,1,0,0,3,11,1,42,1,0,0,1512,3,4418,0,BUDGET CUSTOMER
5138,1950,2,Together,28320.0,0,1,2013-01-14,68,19,1,14,3,2,4,1,1,0,3,8,0,0,0,0,0,0,3,11,0,76,1,1,1,43,0,4806,1,PLATINUM CUSTOMER
5393,1977,2,Single,23763.0,1,0,2012-08-07,64,22,0,6,6,2,6,1,1,0,3,7,0,0,0,0,0,0,3,11,0,49,0,1,1,42,0,4966,1,PLATINUM CUSTOMER
10413,1984,2,Married,72570.0,0,0,2014-04-25,67,274,83,216,151,141,224,1,4,6,12,1,0,0,0,0,0,0,3,11,0,42,1,0,0,1089,0,4340,2,MODERATE SPENDER
5015,1976,3,Married,34529.0,1,0,2012-09-14,94,68,6,38,3,6,41,2,2,2,3,7,0,0,0,0,0,0,3,11,0,50,1,1,1,162,0,4928,1,PLATINUM CUSTOMER
10868,1951,2,Widow,70792.0,0,0,2013-02-06,82,344,45,654,104,11,114,2,3,4,10,3,0,0,0,0,0,0,3,11,0,75,0,0,0,1272,0,4783,2,MODERATE SPENDER
10676,1982,2,Married,63211.0,0,0,2012-11-02,3,145,193,459,205,26,145,2,3,8,7,2,0,0,0,0,0,0,3,11,1,44,1,0,0,1173,0,4879,2,MODERATE SPENDER
2495,1974,3,Married,83891.0,0,1,2014-06-20,24,217,38,350,111,85,15,1,4,7,10,1,0,0,0,0,0,0,3,11,0,52,1,1,1,816,0,4284,2,MODERATE SPENDER
7842,1968,2,Single,36065.0,1,1,2013-03-31,54,18,7,34,10,2,3,3,3,0,3,8,0,0,0,0,0,0,3,11,0,58,0,2,1,74,0,4730,1,PLATINUM CUSTOMER
9955,1954,2,Together,39898.0,0,1,2013-02-12,20,69,8,26,12,7,12,2,3,0,4,7,0,0,0,0,0,0,3,11,0,72,1,1,1,134,0,4777,1,PLATINUM CUSTOMER
6663,1940,4,Single,51141.0,0,0,2013-07-08,96,144,0,7,0,0,6,1,3,1,4,5,0,0,0,0,0,0,3,11,0,86,0,0,0,157,0,4631,1,PLATINUM CUSTOMER
2162,1976,2,Married,56939.0,0,1,2013-09-18,19,256,34,103,90,29,49,2,3,3,10,3,0,0,0,0,0,0,3,11,0,50,1,1,1,561,0,4559,0,BUDGET CUSTOMER
3434,1951,2,Single,80872.0,0,0,2014-05-12,60,483,72,567,94,12,108,1,4,4,10,1,0,0,0,0,0,0,3,11,0,75,0,0,0,1336,0,4323,2,MODERATE SPENDER
7919,1976,4,Together,72335.0,0,0,2012-08-13,2,1285,105,653,28,21,0,1,10,4,8,8,0,0,0,0,0,0,3,11,1,50,1,0,0,2092,0,4960,2,MODERATE SPENDER
5626,1964,4,Single,61798.0,0,0,2013-11-23,13,338,4,89,11,8,13,1,4,2,9,4,0,0,0,0,0,0,3,11,0,62,0,0,0,463,0,4493,0,BUDGET CUSTOMER
6428,1950,4,Widow,76842.0,0,0,2014-05-03,37,605,10,345,84,54,32,1,1,8,7,0,0,0,0,0,0,0,3,11,0,76,0,0,0,1130,0,4332,2,MODERATE SPENDER
8514,1976,2,Together,29478.0,1,0,2014-01-17,59,8,0,7,3,1,1,1,1,0,3,6,0,0,0,0,0,0,3,11,0,50,1,1,1,20,0,4438,1,PLATINUM CUSTOMER
10448,1956,2,Single,46998.0,0,1,2012-10-22,55,172,41,86,45,6,27,5,5,3,5,7,1,0,0,0,0,0,3,11,0,70,0,1,1,377,1,4890,0,BUDGET CUSTOMER
2109,1990,2,Single,96843.0,0,0,2013-04-23,60,448,71,951,40,17,17,1,6,11,10,2,0,0,1,0,0,0,3,11,1,36,0,0,0,1544,1,4707,2,MODERATE SPENDER
7530,1950,4,Widow,56551.0,1,1,2014-05-07,48,67,4,32,17,2,16,3,2,1,4,4,0,0,0,0,0,0,3,11,0,76,0,2,1,138,0,4328,1,PLATINUM CUSTOMER
8925,1965,3,Married,70053.0,0,1,2013-07-03,38,512,53,98,81,179,89,3,8,5,10,5,0,0,0,0,0,0,3,11,0,61,1,1,1,1012,0,4636,0,BUDGET CUSTOMER
3009,1962,4,Widow,71670.0,0,0,2013-07-09,8,1462,16,128,0,0,160,1,5,3,6,6,0,1,1,0,1,0,3,11,1,64,0,0,0,1766,3,4630,0,BUDGET CUSTOMER
6355,1978,2,Married,44359.0,1,1,2014-06-17,19,20,0,14,7,3,1,3,2,0,4,3,0,0,0,0,0,0,3,11,0,48,1,2,1,45,0,4287,1,PLATINUM CUSTOMER
3517,1952,2,Single,40887.0,1,1,2013-05-06,32,50,4,44,10,10,43,3,3,1,3,9,0,0,0,0,0,0,3,11,1,74,0,2,1,161,0,4694,1,PLATINUM CUSTOMER
1158,1966,2,Divorced,48877.0,0,1,2014-01-05,27,102,1,15,2,0,24,1,3,0,4,7,0,0,0,0,0,0,3,11,0,60,0,1,1,144,0,4450,1,PLATINUM CUSTOMER
6203,1947,2,Together,74485.0,0,0,2013-08-24,58,499,149,815,173,49,49,1,6,7,12,3,0,0,0,0,0,0,3,11,0,79,1,0,0,1734,0,4584,2,MODERATE SPENDER
7165,1972,2,Together,64474.0,0,1,2013-10-22,59,381,35,172,56,86,93,2,8,2,10,5,0,0,0,0,0,0,3,11,0,54,1,1,1,823,0,4525,0,BUDGET CUSTOMER
3595,1963,2,Together,77226.0,0,1,2014-02-28,29,631,43,239,128,76,21,2,6,8,12,3,0,0,0,0,0,0,3,11,0,63,1,1,1,1138,0,4396,2,MODERATE SPENDER
8537,1949,2,Widow,72643.0,0,0,2013-02-27,60,526,80,553,123,94,53,1,3,10,7,2,0,0,0,1,0,0,3,11,1,77,0,0,0,1429,1,4762,2,MODERATE SPENDER
4331,1978,3,Together,85738.0,0,0,2014-01-23,41,913,26,376,17,26,13,1,3,6,11,1,0,1,1,0,0,0,3,11,0,48,1,0,0,1371,2,4432,2,MODERATE SPENDER
6281,1966,2,Divorced,55686.0,0,1,2013-02-14,27,673,0,199,37,47,26,2,6,3,5,4,1,0,0,0,0,0,3,11,0,60,0,1,1,982,1,4775,0,BUDGET CUSTOMER
4338,1983,2,Single,39062.0,1,0,2014-03-25,28,23,0,9,0,0,12,1,1,0,3,4,1,0,0,0,0,0,3,11,0,43,0,1,1,44,1,4371,1,PLATINUM CUSTOMER
2452,1971,2,Together,34600.0,1,1,2013-01-01,8,199,33,60,8,3,15,5,5,2,5,8,0,0,0,0,0,0,3,11,1,55,1,2,1,318,0,4819,0,BUDGET CUSTOMER
9507,1975,2,Married,40794.0,0,1,2013-04-07,18,261,23,73,4,23,50,2,6,3,5,7,0,0,0,0,0,0,3,11,0,51,1,1,1,434,0,4723,0,BUDGET CUSTOMER
8360,1971,1,Married,54690.0,1,1,2013-11-07,76,111,16,37,7,9,18,3,3,1,5,3,0,0,0,0,0,0,3,11,0,55,1,2,1,198,0,4509,1,PLATINUM CUSTOMER
10311,1969,2,Married,4428.0,0,1,2013-10-05,0,16,4,12,2,4,321,0,25,0,0,1,0,0,0,0,0,0,3,11,0,57,1,1,1,359,0,4542,0,BUDGET CUSTOMER
5117,1963,1,Married,32632.0,0,0,2012-08-02,32,63,151,137,153,19,53,2,4,4,8,5,0,0,0,0,0,0,3,11,0,63,1,0,0,576,0,4971,0,BUDGET CUSTOMER
4867,1968,4,Single,38236.0,1,1,2013-09-20,2,58,0,18,2,0,10,4,3,0,4,7,0,0,0,0,0,0,3,11,0,58,0,2,1,88,0,4557,1,PLATINUM CUSTOMER
9289,1979,2,Married,36781.0,1,0,2014-04-10,16,29,1,17,0,3,13,1,2,1,2,8,0,0,0,0,0,0,3,11,1,47,1,1,1,63,0,4355,1,PLATINUM CUSTOMER
10913,1984,3,Single,31385.0,1,0,2012-12-05,56,3,2,12,0,1,9,1,1,0,2,8,1,0,0,0,0,0,3,11,1,42,0,1,1,27,1,4846,1,PLATINUM CUSTOMER
3032,1984,2,Married,24570.0,1,0,2013-02-27,97,28,34,62,11,14,44,3,4,0,4,9,0,0,0,0,0,0,3,11,0,42,1,1,1,193,0,4762,1,PLATINUM CUSTOMER
8524,1974,4,Divorced,25509.0,1,0,2012-09-18,15,40,3,30,10,7,11,3,3,0,3,9,0,0,0,0,0,0,3,11,1,52,0,1,1,101,0,4924,1,PLATINUM CUSTOMER
3334,1951,2,Married,94642.0,0,0,2014-02-12,35,879,143,797,106,143,143,0,5,7,9,1,0,0,1,1,0,0,3,11,0,75,1,0,0,2211,2,4412,2,MODERATE SPENDER
4470,1962,3,Married,58646.0,0,1,2013-06-10,3,62,1,44,6,5,22,1,2,1,4,4,0,0,0,0,0,0,3,11,0,64,1,1,1,140,0,4659,1,PLATINUM CUSTOMER
1406,1975,2,Single,53201.0,1,1,2013-02-12,49,280,7,81,20,0,27,8,6,3,5,7,0,0,0,0,0,0,3,11,0,51,0,2,1,415,0,4777,0,BUDGET CUSTOMER
8619,1957,2,Together,21994.0,0,1,2012-12-24,4,9,0,6,3,1,3,1,0,0,3,5,0,0,0,0,0,0,3,11,0,69,1,1,1,22,0,4827,1,PLATINUM CUSTOMER
10821,1978,2,Married,57113.0,1,1,2013-02-06,45,182,4,33,0,2,42,6,4,1,5,7,0,0,0,0,0,0,3,11,0,48,1,2,1,263,0,4783,0,BUDGET CUSTOMER
4552,1991,2,Married,51373.0,0,0,2013-06-22,37,83,2,101,64,26,117,1,3,5,3,4,0,0,0,0,0,0,3,11,0,35,1,0,0,393,0,4647,0,BUDGET CUSTOMER
898,1986,2,Married,23477.0,1,0,2013-10-21,39,38,15,54,3,8,29,3,3,0,4,8,0,0,0,0,0,0,3,11,0,40,1,1,1,147,0,4526,1,PLATINUM CUSTOMER
9797,1956,2,Married,58116.0,0,1,2014-04-13,38,228,19,130,4,11,51,2,3,3,8,2,0,0,0,0,0,0,3,11,0,70,1,1,1,443,0,4352,0,BUDGET CUSTOMER
10949,1963,4,Divorced,72968.0,0,0,2013-12-16,8,1092,37,592,145,37,55,1,5,5,8,3,0,0,0,1,0,0,3,11,1,63,0,0,0,1958,1,4470,2,MODERATE SPENDER
8212,1971,3,Married,39791.0,0,1,2013-03-28,89,85,15,27,13,13,21,2,3,1,4,7,0,0,0,0,0,0,3,11,0,55,1,1,1,174,0,4733,1,PLATINUM CUSTOMER
6248,1947,3,Single,91712.0,0,0,2013-10-17,47,1276,24,746,94,29,48,0,9,7,11,3,0,0,1,0,0,0,3,11,1,79,0,0,0,2217,1,4530,2,MODERATE SPENDER
10164,1958,2,Single,94472.0,0,1,2014-04-03,75,1017,33,417,108,100,16,1,5,5,5,5,0,1,1,0,0,0,3,11,0,68,0,1,1,1691,2,4362,2,MODERATE SPENDER
4547,1960,2,Together,13672.0,1,1,2013-04-17,86,6,2,9,2,1,5,2,1,0,3,8,0,0,0,0,0,0,3,11,0,66,1,2,1,25,0,4713,1,PLATINUM CUSTOMER
6815,1980,1,Married,96547.0,0,0,2014-05-23,4,448,21,125,52,101,62,0,7,6,8,2,1,0,1,1,0,0,3,11,1,46,1,0,0,809,3,4312,2,MODERATE SPENDER
4122,1975,2,Married,79205.0,0,0,2012-08-29,73,504,23,117,179,28,44,1,6,5,4,4,0,0,0,1,0,0,3,11,1,51,1,0,0,895,1,4944,0,BUDGET CUSTOMER
10841,1975,4,Together,56559.0,0,1,2012-12-25,46,226,22,133,41,31,31,3,4,3,8,4,0,0,0,0,0,0,3,11,0,51,1,1,1,484,0,4826,0,BUDGET CUSTOMER
5370,1973,4,Married,32644.0,1,0,2013-01-16,38,239,3,141,0,7,23,4,7,1,6,8,1,0,0,0,0,0,3,11,0,53,1,1,1,413,1,4804,0,BUDGET CUSTOMER
176,1980,1,Single,67506.0,0,1,2014-01-02,73,90,38,67,33,36,67,1,4,1,6,3,0,0,0,0,0,0,3,11,0,46,0,1,1,331,0,4453,0,BUDGET CUSTOMER
4860,1970,2,Single,24206.0,1,0,2013-03-08,66,7,2,8,3,2,3,1,1,0,3,6,0,0,0,0,0,0,3,11,0,56,0,1,1,25,0,4753,1,PLATINUM CUSTOMER
10757,1967,4,Divorced,28420.0,1,0,2013-12-24,36,4,2,5,2,0,0,1,1,0,2,6,0,0,0,0,0,0,3,11,0,59,0,1,1,13,0,4462,1,PLATINUM CUSTOMER
4023,1970,2,Married,22979.0,1,0,2012-09-06,29,16,17,19,20,21,22,3,3,2,2,8,0,0,0,0,0,0,3,11,1,56,1,1,1,115,0,4936,1,PLATINUM CUSTOMER
6679,1966,2,Single,33279.0,0,0,2014-06-12,29,10,3,3,0,0,0,1,0,0,3,3,0,0,0,0,0,0,3,11,0,60,0,0,0,16,0,4292,1,PLATINUM CUSTOMER
9923,1972,3,Single,46423.0,1,1,2013-09-18,6,68,0,16,0,0,8,3,2,0,4,7,0,0,0,0,0,0,3,11,0,54,0,2,1,92,0,4559,1,PLATINUM CUSTOMER
7181,1977,2,Married,30368.0,0,1,2013-11-07,97,35,0,13,2,0,2,2,2,0,3,8,0,0,0,0,0,0,3,11,0,49,1,1,1,52,0,4509,1,PLATINUM CUSTOMER
3599,1970,2,Married,63684.0,0,1,2012-11-26,61,575,80,428,208,93,80,3,8,4,8,5,0,0,0,0,0,0,3,11,0,56,1,1,1,1464,0,4855,2,MODERATE SPENDER
405,1964,2,Divorced,41638.0,0,1,2013-02-13,68,315,0,31,4,0,91,4,5,5,3,8,1,0,0,0,0,0,3,11,0,62,0,1,1,441,1,4776,0,BUDGET CUSTOMER
6870,1959,4,Divorced,68805.0,0,1,2013-09-17,73,182,2,49,17,13,20,1,3,1,7,2,0,0,0,0,0,0,3,11,0,67,0,1,1,283,0,4560,0,BUDGET CUSTOMER
832,1966,4,Together,65814.0,0,1,2014-03-02,90,561,14,113,10,14,35,3,8,2,10,5,0,0,0,0,0,0,3,11,0,60,1,1,1,747,0,4394,0,BUDGET CUSTOMER
2002,1958,2,Divorced,71964.0,0,0,2013-05-20,81,587,51,932,180,34,86,1,5,6,5,3,0,0,0,0,0,0,3,11,0,68,0,0,0,1870,0,4680,2,MODERATE SPENDER
3657,1986,2,Single,39146.0,1,0,2013-02-14,1,94,1,33,13,12,12,3,4,0,4,8,0,0,0,0,0,0,3,11,0,40,0,1,1,165,0,4775,1,PLATINUM CUSTOMER
500,1977,2,Together,96876.0,0,0,2013-08-06,79,908,43,735,40,194,21,1,7,7,9,2,0,1,1,1,0,0,3,11,1,49,1,0,0,1941,3,4602,2,MODERATE SPENDER
1951,1981,0,Married,34445.0,0,0,2013-01-27,92,228,122,122,208,129,30,6,11,2,8,9,0,0,0,0,0,0,3,11,0,45,1,0,0,839,0,4793,0,BUDGET CUSTOMER
3262,1958,2,Single,68281.0,0,0,2012-08-07,31,995,112,417,42,48,41,1,2,9,13,5,0,0,0,0,0,0,3,11,1,68,0,0,0,1655,0,4966,0,BUDGET CUSTOMER
4102,1975,1,Married,37284.0,1,1,2013-03-29,46,11,1,2,2,1,6,1,0,0,3,6,0,0,0,0,0,0,3,11,0,51,1,2,1,23,0,4732,1,PLATINUM CUSTOMER
7042,1983,2,Married,36790.0,0,0,2013-03-01,14,3,3,14,15,21,10,1,2,1,2,9,0,0,0,0,0,0,3,11,1,43,1,0,0,66,0,4760,1,PLATINUM CUSTOMER
10598,1967,2,Together,27943.0,1,1,2013-04-15,89,12,1,16,4,1,3,3,2,0,3,8,0,0,0,0,0,0,3,11,0,59,1,2,1,37,0,4715,1,PLATINUM CUSTOMER
255,1951,2,Divorced,22263.0,1,1,2014-03-30,31,17,0,2,0,0,2,2,1,0,3,6,0,0,0,0,0,1,3,11,0,75,0,2,1,21,0,4366,1,PLATINUM CUSTOMER
2375,1972,2,Together,30261.0,1,2,2012-09-25,75,8,0,5,0,3,6,1,0,0,3,8,0,0,0,0,0,0,3,11,0,54,1,3,1,22,0,4917,1,PLATINUM CUSTOMER
9829,1978,2,Together,28587.0,1,0,2014-02-12,42,22,4,17,12,10,13,3,2,0,4,6,0,0,0,0,0,0,3,11,0,48,1,1,1,78,0,4412,1,PLATINUM CUSTOMER
6214,1982,3,Married,43815.0,1,0,2013-04-05,53,14,10,29,4,7,15,1,2,0,3,6,0,0,0,0,0,0,3,11,0,44,1,1,1,79,0,4725,1,PLATINUM CUSTOMER
4954,1956,2,Married,48195.0,1,1,2014-01-21,53,106,27,68,52,7,5,6,4,2,5,6,0,0,0,0,0,0,3,11,0,70,1,2,1,265,0,4434,0,BUDGET CUSTOMER
7861,1952,3,Married,77027.0,0,1,2014-02-05,23,820,57,242,45,0,11,2,8,3,6,4,0,0,0,0,0,0,3,11,0,74,1,1,1,1175,0,4419,0,BUDGET CUSTOMER
4837,1965,4,Married,71322.0,0,1,2013-02-16,57,753,43,226,69,10,204,2,8,5,13,4,0,0,0,0,0,0,3,11,0,61,1,1,1,1305,0,4773,0,BUDGET CUSTOMER
9423,1979,3,Married,32765.0,1,0,2014-02-23,49,13,3,17,7,3,3,2,2,0,4,5,0,0,0,0,0,0,3,11,0,47,1,1,1,46,0,4401,1,PLATINUM CUSTOMER
4198,1965,2,Together,29672.0,1,1,2013-03-12,6,9,1,3,0,4,8,1,0,0,3,6,0,0,0,0,0,0,3,11,0,61,1,2,1,25,0,4749,1,PLATINUM CUSTOMER
153,1953,2,Divorced,23272.0,0,0,2013-10-17,29,19,3,6,4,2,12,1,1,0,3,4,0,0,0,0,0,0,3,11,0,73,0,0,0,46,0,4530,1,PLATINUM CUSTOMER
9323,1949,3,Together,49912.0,0,1,2012-09-07,5,520,8,223,32,49,42,4,10,5,7,8,1,0,0,0,0,0,3,11,1,77,1,1,1,874,1,4935,0,BUDGET CUSTOMER
10001,1985,1,Together,7500.0,1,0,2012-08-01,98,5,17,17,13,14,34,4,2,1,3,9,0,0,0,0,0,0,3,11,0,41,1,1,1,100,0,4972,1,PLATINUM CUSTOMER
3945,1947,4,Widow,68117.0,0,1,2013-03-10,80,618,44,215,0,17,36,2,11,8,4,6,1,0,0,0,0,0,3,11,1,79,0,1,1,930,1,4751,0,BUDGET CUSTOMER
3799,1955,2,Married,67225.0,0,1,2013-11-26,4,315,35,322,46,7,143,3,7,2,11,5,0,0,0,0,0,0,3,11,0,71,1,1,1,868,0,4490,0,BUDGET CUSTOMER
8625,1976,2,Married,17649.0,1,0,2013-11-12,70,15,1,23,0,5,1,3,3,0,3,8,0,0,0,0,0,0,3,11,0,50,1,1,1,45,0,4504,1,PLATINUM CUSTOMER
3491,1975,2,Together,55914.0,0,1,2013-04-29,32,384,60,364,119,101,232,4,11,6,8,7,0,0,0,0,0,0,3,11,0,51,1,1,1,1260,0,4701,2,MODERATE SPENDER
983,1984,2,Married,40059.0,1,0,2013-09-28,82,110,29,92,28,10,145,1,6,2,3,8,1,0,0,0,0,0,3,11,0,42,1,1,1,414,1,4549,0,BUDGET CUSTOMER
9119,1950,2,Together,60905.0,0,1,2013-12-05,27,208,17,76,36,17,38,2,3,3,7,2,0,0,0,0,0,0,3,11,0,76,1,1,1,392,0,4481,0,BUDGET CUSTOMER
4786,1977,2,Married,75330.0,1,1,2012-10-04,94,555,82,257,93,61,61,4,10,3,12,6,0,0,0,0,0,0,3,11,0,49,1,2,1,1109,0,4908,2,MODERATE SPENDER
5872,1951,2,Single,60689.0,0,1,2013-06-01,23,240,90,216,63,6,24,4,4,4,10,3,0,0,0,0,0,0,3,11,0,75,0,1,1,639,0,4668,0,BUDGET CUSTOMER
6568,1984,2,Married,38680.0,1,0,2013-03-28,97,11,0,36,15,5,12,1,2,0,3,7,0,0,0,0,0,0,3,11,0,42,1,1,1,79,0,4733,1,PLATINUM CUSTOMER
5628,1982,2,Together,61416.0,0,0,2013-02-08,25,848,154,323,201,61,78,1,10,3,10,6,1,0,0,0,0,0,3,11,0,44,1,0,0,1665,1,4781,2,MODERATE SPENDER
5631,1991,2,Single,49767.0,0,0,2013-05-02,92,202,47,197,55,42,149,1,5,4,8,4,0,0,0,0,0,0,3,11,0,35,0,0,0,692,0,4698,0,BUDGET CUSTOMER
4974,1970,2,Single,83273.0,1,2,2012-09-25,98,433,89,650,16,102,102,10,4,6,9,7,0,0,0,0,0,0,3,11,0,56,0,3,1,1392,0,4917,2,MODERATE SPENDER
8416,1981,2,Married,29009.0,1,0,2013-11-29,19,6,6,15,10,5,2,2,2,0,3,6,0,0,0,0,0,0,3,11,0,45,1,1,1,44,0,4487,1,PLATINUM CUSTOMER
5454,1979,3,Married,45057.0,1,0,2013-12-01,80,37,0,7,3,0,3,1,2,0,3,5,0,0,0,0,0,0,3,11,0,47,1,1,1,50,0,4485,1,PLATINUM CUSTOMER
4095,1971,2,Married,37150.0,1,0,2012-09-11,80,167,37,64,49,34,116,8,4,3,6,7,0,0,0,0,0,0,3,11,0,55,1,1,1,467,0,4931,0,BUDGET CUSTOMER
5474,1970,2,Single,43020.0,1,0,2013-11-30,79,45,7,99,4,25,43,3,4,1,4,6,0,0,0,0,0,0,3,11,0,56,0,1,1,223,0,4486,1,PLATINUM CUSTOMER
4268,1959,2,Married,53154.0,0,1,2014-06-09,50,129,0,21,0,1,7,1,3,1,4,4,0,0,0,0,0,0,3,11,0,67,1,1,1,158,0,4295,1,PLATINUM CUSTOMER
10701,1973,2,Married,65308.0,0,0,2013-09-11,60,713,0,264,120,80,34,1,7,8,12,4,0,0,1,1,0,0,3,11,0,53,1,0,0,1211,2,4566,0,BUDGET CUSTOMER
3507,1970,2,Single,76467.0,1,0,2012-08-17,44,676,161,426,210,44,58,2,2,5,5,6,0,0,0,0,0,0,3,11,1,56,0,1,1,1575,0,4956,2,MODERATE SPENDER
2079,1947,1,Married,81044.0,0,0,2013-12-27,0,450,26,535,73,98,26,1,5,6,10,1,0,0,0,0,0,0,3,11,0,79,1,0,0,1208,0,4459,2,MODERATE SPENDER
626,1951,2,Married,32871.0,1,1,2013-03-09,28,22,2,12,0,2,5,1,1,0,3,4,0,0,0,0,0,0,3,11,0,75,1,2,1,43,0,4752,1,PLATINUM CUSTOMER
4426,1975,2,Single,55801.0,1,1,2013-09-22,35,367,4,51,6,4,95,6,7,2,6,7,0,0,0,1,0,0,3,11,0,51,0,2,1,527,1,4555,0,BUDGET CUSTOMER
2591,1959,2,Widow,76320.0,0,1,2014-06-22,49,526,35,214,69,53,35,2,6,3,4,2,0,0,0,0,0,0,3,11,0,67,0,1,1,932,0,4282,2,MODERATE SPENDER
10509,1955,3,Single,36927.0,1,1,2014-06-02,46,51,0,16,0,0,4,2,3,0,3,8,0,0,0,0,0,0,3,11,0,71,0,2,1,71,0,4302,1,PLATINUM CUSTOMER
6382,1953,2,Together,48794.0,1,1,2014-06-26,97,25,0,11,3,0,15,1,1,0,3,4,0,0,0,0,0,0,3,11,0,73,1,2,1,54,0,4278,1,PLATINUM CUSTOMER
6673,1965,2,Single,23478.0,0,0,2013-03-19,51,28,6,27,12,17,39,1,3,0,3,8,0,0,0,0,0,0,3,11,0,61,0,0,0,129,0,4742,1,PLATINUM CUSTOMER
7441,1973,2,Divorced,71128.0,1,0,2012-10-06,80,958,159,447,20,0,31,3,2,10,12,7,0,0,0,0,0,0,3,11,0,53,0,1,1,1615,0,4906,2,MODERATE SPENDER
1071,1976,4,Divorced,70179.0,0,1,2013-07-21,10,532,88,168,69,44,133,3,7,3,13,5,0,0,0,0,0,0,3,11,0,50,0,1,1,1034,0,4618,0,BUDGET CUSTOMER
10061,1950,2,Married,59462.0,0,1,2013-01-05,29,724,17,143,0,8,196,2,9,2,12,7,0,0,0,0,0,0,3,11,0,76,1,1,1,1088,0,4815,0,BUDGET CUSTOMER
7187,1969,3,Together,,1,1,2013-05-18,52,375,42,48,94,66,96,7,4,10,4,3,0,0,0,0,0,0,3,11,0,57,1,2,1,721,0,4682,0,BUDGET CUSTOMER
8775,1969,2,Together,38361.0,1,0,2013-12-27,74,39,0,56,20,8,14,3,3,1,3,7,0,0,0,0,0,0,3,11,0,57,1,1,1,137,0,4459,1,PLATINUM CUSTOMER
1612,1981,4,Single,,1,0,2013-05-31,82,23,0,15,0,2,7,2,3,0,3,6,0,0,0,0,0,0,3,11,0,45,0,1,1,47,0,4669,1,PLATINUM CUSTOMER
2345,1982,4,Together,70038.0,0,0,2013-10-25,54,587,54,348,71,54,130,1,4,4,8,2,0,0,0,0,0,0,3,11,0,44,1,0,0,1244,0,4522,2,MODERATE SPENDER
322,1978,2,Together,42554.0,1,1,2013-01-12,93,29,1,11,0,0,0,2,2,0,3,4,0,0,0,0,0,0,3,11,0,48,1,2,1,41,0,4808,1,PLATINUM CUSTOMER
10897,1974,2,Married,67445.0,0,1,2012-08-12,63,757,80,217,29,80,11,5,9,6,12,6,0,0,0,0,0,0,3,11,0,52,1,1,1,1174,0,4961,0,BUDGET CUSTOMER
123,1951,2,Widow,67046.0,0,1,2013-01-06,92,544,35,133,23,151,107,2,4,5,4,2,0,0,0,0,0,0,3,11,0,75,0,1,1,993,0,4814,0,BUDGET CUSTOMER
6103,1948,2,Married,42192.0,0,0,2013-09-06,40,40,15,15,17,6,7,1,2,1,3,4,0,0,0,0,0,0,3,11,0,78,1,0,0,100,0,4571,1,PLATINUM CUSTOMER
7899,1952,4,Married,77610.0,0,1,2012-10-29,70,1245,33,332,21,33,16,2,4,7,4,7,0,0,0,0,0,0,3,11,0,74,1,1,1,1680,0,4883,0,BUDGET CUSTOMER
10500,1984,2,Married,31761.0,1,0,2014-04-05,96,19,1,20,16,14,28,2,3,0,4,5,0,0,0,0,0,0,3,11,0,42,1,1,1,98,0,4360,1,PLATINUM CUSTOMER
1655,1979,2,Together,34350.0,1,0,2013-10-19,81,16,3,15,2,1,11,1,1,0,3,7,0,0,0,0,0,0,3,11,0,47,1,1,1,48,0,4528,1,PLATINUM CUSTOMER
2406,1949,2,Together,54591.0,0,1,2013-08-05,63,376,4,94,12,9,24,3,6,2,8,5,0,0,0,0,0,0,3,11,0,77,1,1,1,519,0,4603,0,BUDGET CUSTOMER
2712,1956,2,Married,71866.0,0,1,2013-12-25,85,184,178,178,103,39,33,1,6,3,10,3,0,0,0,0,0,0,3,11,0,70,1,1,1,715,0,4461,2,MODERATE SPENDER
5517,1969,2,Married,25293.0,1,0,2013-09-15,51,15,0,11,0,2,9,1,1,1,2,8,0,0,0,0,0,0,3,11,0,57,1,1,1,37,0,4562,1,PLATINUM CUSTOMER
10643,1987,4,Single,42000.0,0,0,2013-01-10,23,124,83,267,85,59,35,2,5,2,11,5,0,0,0,0,0,0,3,11,1,39,0,0,0,653,0,4810,0,BUDGET CUSTOMER
2254,1983,2,Married,69520.0,0,0,2013-07-07,95,627,120,414,121,80,93,1,9,6,5,5,0,0,0,0,0,0,3,11,0,43,1,0,0,1455,0,4632,2,MODERATE SPENDER
10281,1970,2,Divorced,64713.0,1,0,2014-02-07,11,180,60,241,13,54,54,2,5,5,7,4,0,0,0,0,0,0,3,11,1,56,0,1,1,602,0,4417,0,BUDGET CUSTOMER
6958,1977,3,Married,27889.0,1,0,2013-07-05,42,14,0,4,0,0,8,1,1,1,2,6,0,0,0,0,0,0,3,11,0,49,1,1,1,26,0,4634,1,PLATINUM CUSTOMER
954,1960,0,Widow,22123.0,0,0,2014-03-27,77,3,3,24,34,7,31,1,2,1,3,5,0,0,0,0,0,0,3,11,0,66,0,0,0,102,0,4369,1,PLATINUM CUSTOMER
5079,1971,2,Married,,1,1,2013-03-03,82,71,1,16,0,0,9,4,2,1,3,8,0,0,0,0,0,0,3,11,0,55,1,2,1,97,0,4758,1,PLATINUM CUSTOMER
10339,1954,3,Together,,0,1,2013-06-23,83,161,0,22,0,0,24,2,4,1,4,6,0,0,0,0,0,0,3,11,0,72,1,1,1,207,0,4646,0,BUDGET CUSTOMER
4643,1973,2,Married,27803.0,1,0,2012-08-26,40,8,26,46,38,9,49,2,3,0,4,8,0,0,0,0,0,0,3,11,0,53,1,1,1,176,0,4947,1,PLATINUM CUSTOMER
3117,1955,2,Single,,0,1,2013-10-18,95,264,0,21,12,6,147,3,6,1,5,7,0,0,0,0,0,0,3,11,0,71,0,1,1,450,0,4529,0,BUDGET CUSTOMER
6497,1960,2,Married,51651.0,0,1,2012-11-07,32,293,6,23,13,6,92,4,6,2,5,8,0,0,0,0,0,0,3,11,0,66,1,1,1,433,0,4874,0,BUDGET CUSTOMER
5396,1988,2,Married,68487.0,0,0,2013-01-13,48,758,12,385,33,89,89,1,9,7,13,4,0,0,0,0,0,0,3,11,0,38,1,0,0,1366,0,4807,0,BUDGET CUSTOMER
5250,1943,3,Widow,,0,0,2013-10-30,75,532,126,490,164,126,126,1,5,5,11,1,0,0,1,0,0,0,3,11,1,83,0,0,0,1564,1,4517,0,BUDGET CUSTOMER
1052,1969,2,Married,56796.0,0,1,2013-02-16,24,656,38,161,62,47,37,3,8,9,7,7,0,0,0,0,0,0,3,11,0,57,1,1,1,1001,0,4773,0,BUDGET CUSTOMER
2802,1992,1,Married,87000.0,0,0,2012-12-15,61,196,25,607,67,17,49,1,4,6,7,2,0,0,0,0,0,0,3,11,0,34,1,0,0,961,0,4836,2,MODERATE SPENDER
6343,1959,2,Married,79823.0,0,1,2014-03-31,6,835,73,380,114,73,43,1,6,9,7,2,0,1,0,0,0,0,3,11,0,67,1,1,1,1518,1,4365,2,MODERATE SPENDER
6507,1980,2,Single,30828.0,1,0,2013-10-04,16,16,11,15,2,0,12,2,1,1,4,3,0,0,0,0,0,0,3,11,0,46,0,1,1,56,0,4543,1,PLATINUM CUSTOMER
7901,1971,3,Married,34109.0,0,1,2013-11-06,39,9,1,5,2,1,4,1,0,0,3,4,0,0,0,0,0,0,3,11,0,55,1,1,1,22,0,4510,1,PLATINUM CUSTOMER
4865,1974,3,Divorced,53367.0,1,1,2013-08-31,2,229,7,140,10,3,11,7,5,1,8,7,0,0,0,0,0,0,3,11,1,52,0,2,1,400,0,4577,0,BUDGET CUSTOMER
2686,1969,0,Together,22390.0,0,0,2013-10-21,49,0,1,4,15,1,5,1,1,0,2,7,0,0,0,0,0,0,3,11,0,57,1,0,0,26,0,4526,1,PLATINUM CUSTOMER
3107,1976,2,Together,71322.0,0,1,2014-05-02,31,121,24,124,24,15,42,1,4,1,7,2,0,0,0,0,0,0,3,11,0,50,1,1,1,350,0,4333,0,BUDGET CUSTOMER
7734,1993,2,Absurd,79244.0,0,0,2012-12-19,58,471,102,125,212,61,245,1,4,10,7,1,0,0,1,1,0,0,3,11,1,33,0,0,0,1216,2,4832,2,MODERATE SPENDER
1146,1949,3,Together,49912.0,0,1,2012-09-07,5,520,8,223,32,49,42,4,10,5,7,8,1,0,0,0,0,0,3,11,1,77,1,1,1,874,1,4935,0,BUDGET CUSTOMER
11031,1950,4,Married,48699.0,1,1,2013-05-21,90,26,1,10,2,0,1,1,1,0,3,5,0,0,0,0,0,0,3,11,0,76,1,2,1,40,0,4679,1,PLATINUM CUSTOMER
7428,1975,2,Together,80144.0,0,0,2013-09-30,47,240,132,445,250,192,108,1,3,7,8,1,0,0,0,0,0,0,3,11,0,51,1,0,0,1367,0,4547,2,MODERATE SPENDER
975,1956,2,Single,54252.0,1,1,2013-05-28,25,178,4,26,8,4,44,5,4,1,5,6,0,0,0,0,0,0,3,11,0,70,0,2,1,264,0,4672,0,BUDGET CUSTOMER
1103,1976,3,Married,81929.0,1,0,2012-09-29,60,1486,55,278,49,0,185,2,4,4,10,6,1,0,1,0,0,0,3,11,1,50,1,1,1,2053,2,4913,0,BUDGET CUSTOMER
3422,1975,2,Married,76068.0,0,1,2012-11-29,67,1115,12,128,33,12,76,1,2,3,4,6,0,1,0,0,1,0,3,11,0,51,1,1,1,1376,2,4852,0,BUDGET CUSTOMER
1055,1976,3,Married,53204.0,1,1,2014-03-20,40,29,0,8,2,0,6,1,1,0,3,4,0,0,0,0,0,0,3,11,0,50,1,2,1,45,0,4376,1,PLATINUM CUSTOMER
6544,1949,4,Together,67911.0,0,1,2014-05-22,63,529,0,356,63,28,0,3,6,7,11,3,0,0,0,0,0,0,3,11,0,77,1,1,1,976,0,4313,0,BUDGET CUSTOMER
1241,1984,1,Married,14796.0,1,0,2012-09-17,1,13,3,8,7,4,16,2,1,0,3,9,0,0,0,0,0,0,3,11,1,42,1,1,1,51,0,4925,1,PLATINUM CUSTOMER
2909,1974,4,Married,78128.0,0,1,2014-02-19,89,934,24,230,16,24,36,2,8,4,6,3,0,1,1,0,0,0,3,11,0,52,1,1,1,1264,2,4405,0,BUDGET CUSTOMER
5802,1972,0,Married,14188.0,0,0,2013-02-28,40,2,7,11,16,12,27,1,2,0,4,6,0,0,0,0,0,0,3,11,0,54,1,0,0,75,0,4761,1,PLATINUM CUSTOMER
1407,1986,0,Married,20425.0,1,0,2012-10-29,5,4,12,5,3,16,17,2,2,0,3,7,0,0,0,0,0,0,3,11,0,40,1,1,1,57,0,4883,1,PLATINUM CUSTOMER
6183,1962,3,Married,58646.0,0,1,2013-06-10,3,62,1,44,6,5,22,1,2,1,4,4,0,0,0,0,0,0,3,11,0,64,1,1,1,140,0,4659,1,PLATINUM CUSTOMER
340,1970,2,Divorced,72967.0,0,1,2012-12-15,1,158,35,179,0,0,125,2,7,2,8,5,1,0,0,0,0,0,3,11,1,56,0,1,1,497,1,4836,0,BUDGET CUSTOMER
5991,1949,3,Married,48150.0,0,1,2013-06-08,24,173,2,39,3,2,47,3,5,1,4,7,0,0,0,0,0,0,3,11,0,77,1,1,1,266,0,4661,0,BUDGET CUSTOMER
3104,1961,2,Single,82332.0,0,0,2012-09-17,89,830,59,968,51,79,19,1,5,3,12,2,0,0,1,0,0,0,3,11,1,65,0,0,0,2006,1,4925,2,MODERATE SPENDER
9729,1955,2,Widow,58275.0,1,1,2013-06-02,48,189,10,253,56,43,64,6,8,2,7,7,0,0,0,0,0,0,3,11,0,71,0,2,1,615,0,4667,0,BUDGET CUSTOMER
1008,1981,4,Together,44953.0,0,0,2012-12-21,31,728,17,133,11,8,124,1,7,3,13,6,1,0,0,0,0,0,3,11,0,45,1,0,0,1021,1,4830,0,BUDGET CUSTOMER
11091,1953,2,Together,34587.0,1,1,2014-05-16,68,7,2,9,2,0,2,2,1,0,3,4,0,0,0,0,0,0,3,11,0,73,1,2,1,22,0,4319,1,PLATINUM CUSTOMER
3969,1974,3,Together,43018.0,0,1,2013-11-01,46,35,4,17,7,6,64,1,2,2,2,5,0,0,0,0,0,0,3,11,0,52,1,1,1,133,0,4515,1,PLATINUM CUSTOMER
1916,1954,3,Married,45736.0,0,1,2013-07-24,92,188,3,180,20,3,43,5,7,1,6,7,0,0,0,0,0,0,3,11,0,72,1,1,1,437,0,4615,0,BUDGET CUSTOMER
9907,1969,3,Together,66476.0,0,1,2013-12-04,80,742,28,152,25,9,57,2,6,8,10,4,0,0,0,0,0,0,3,11,0,57,1,1,1,1013,0,4482,0,BUDGET CUSTOMER
87,1981,1,Married,27733.0,1,0,2013-08-26,16,0,7,5,26,2,17,2,2,0,3,7,0,0,0,0,0,0,3,11,0,45,1,1,1,57,0,4582,1,PLATINUM CUSTOMER
8659,1952,4,Together,69805.0,0,1,2014-01-21,50,750,71,174,13,10,20,2,6,8,11,2,0,0,0,0,0,0,3,11,0,74,1,1,1,1038,0,4434,0,BUDGET CUSTOMER
6262,1962,3,Single,72217.0,0,0,2013-04-10,93,816,42,450,55,56,154,1,3,10,8,2,0,0,0,0,0,0,3,11,0,64,0,0,0,1573,0,4720,2,MODERATE SPENDER
6147,1971,2,Divorced,25818.0,1,0,2012-10-18,51,5,2,8,2,2,9,1,0,1,2,7,0,0,0,0,0,0,3,11,0,55,0,1,1,28,0,4894,1,PLATINUM CUSTOMER
8832,1976,3,Together,37509.0,1,0,2012-09-12,24,37,5,56,12,8,5,2,3,0,4,7,0,0,0,0,0,0,3,11,0,50,1,1,1,123,0,4930,1,PLATINUM CUSTOMER
10067,1976,1,Together,25176.0,1,1,2013-08-10,79,4,0,4,0,0,5,1,1,0,2,7,0,0,0,0,0,0,3,11,0,50,1,2,1,13,0,4598,1,PLATINUM CUSTOMER
7532,1980,2,Married,43586.0,0,1,2012-08-30,26,99,2,11,4,0,16,3,3,0,4,8,0,0,0,0,0,0,3,11,0,46,1,1,1,132,0,4943,1,PLATINUM CUSTOMER
4915,1956,1,Married,53230.0,0,1,2012-08-03,86,176,72,98,136,21,229,4,5,2,12,5,0,0,0,0,0,0,3,11,0,70,1,1,1,732,0,4970,0,BUDGET CUSTOMER
2115,1957,2,Together,50116.0,1,1,2014-06-20,68,54,0,10,0,0,2,2,1,0,4,5,0,1,0,0,0,0,3,11,0,69,1,2,1,66,1,4284,1,PLATINUM CUSTOMER
2088,1972,2,Together,84906.0,0,0,2013-10-04,98,997,15,414,99,30,76,1,5,6,12,2,0,1,1,0,1,0,3,11,0,54,1,0,0,1631,3,4543,2,MODERATE SPENDER
2493,1966,2,Married,61286.0,0,1,2013-08-02,34,356,0,107,19,9,117,2,7,1,8,5,0,0,0,0,0,0,3,11,0,60,1,1,1,608,0,4606,0,BUDGET CUSTOMER
6292,1986,4,Married,82333.0,0,0,2013-03-30,60,1311,0,359,46,89,17,1,4,3,10,2,0,0,1,0,0,0,3,11,1,40,1,0,0,1822,1,4731,2,MODERATE SPENDER
1631,1965,4,Together,65220.0,0,0,2012-09-03,3,890,63,292,0,25,12,4,8,4,7,6,0,0,0,0,0,0,3,11,1,61,1,0,0,1282,0,4939,0,BUDGET CUSTOMER
10104,1974,2,Together,33590.0,2,1,2013-11-03,65,4,0,2,0,0,2,1,1,0,2,7,0,0,0,0,0,0,3,11,0,52,1,3,1,8,0,4513,1,PLATINUM CUSTOMER
3006,1976,2,Divorced,30992.0,1,0,2013-04-22,83,17,0,14,7,3,2,1,1,0,3,7,0,0,0,0,0,0,3,11,0,50,0,1,1,43,0,4708,1,PLATINUM CUSTOMER
3919,1976,3,Single,72309.0,0,0,2013-03-11,64,960,0,883,50,38,0,1,5,6,8,3,0,0,0,1,0,0,3,11,1,50,0,0,0,1931,1,4750,2,MODERATE SPENDER
11181,1949,4,Married,156924.0,0,0,2013-08-29,85,2,1,2,1,1,1,0,0,0,0,0,0,0,0,0,0,0,3,11,0,77,1,0,0,8,0,4579,1,PLATINUM CUSTOMER
642,1980,0,Married,16005.0,1,0,2012-08-14,69,1,3,2,20,30,47,3,2,1,2,8,0,0,0,0,0,0,3,11,0,46,1,1,1,103,0,4959,1,PLATINUM CUSTOMER
4369,1957,3,Absurd,65487.0,0,0,2014-01-10,48,240,67,500,199,0,163,3,3,5,6,2,0,0,0,0,0,0,3,11,0,69,0,0,0,1169,0,4445,2,MODERATE SPENDER
10127,1965,2,Married,58692.0,0,1,2014-04-06,21,301,11,61,4,7,11,1,8,2,4,7,0,0,0,0,0,0,3,11,0,61,1,1,1,395,0,4359,0,BUDGET CUSTOMER
271,1969,2,Widow,40590.0,1,1,2013-10-02,30,154,0,50,6,11,37,5,3,4,3,6,1,0,0,0,0,0,3,11,0,57,0,2,1,258,1,4545,0,BUDGET CUSTOMER
4973,1970,2,Single,20587.0,1,0,2014-05-11,39,2,3,6,4,1,9,1,1,1,2,7,0,0,0,0,0,0,3,11,0,56,0,1,1,25,0,4324,1,PLATINUM CUSTOMER
2948,1954,3,Divorced,62637.0,0,1,2014-03-01,76,104,12,48,4,12,5,1,2,2,5,2,0,0,0,0,0,0,3,11,0,72,0,1,1,185,0,4395,1,PLATINUM CUSTOMER
2715,1966,3,Divorced,29435.0,1,1,2012-08-06,11,70,3,37,4,2,64,4,3,2,2,9,0,0,0,0,0,0,3,11,1,60,0,2,1,180,0,4967,1,PLATINUM CUSTOMER
10432,1974,2,Divorced,19346.0,1,0,2014-01-30,26,2,0,9,3,6,2,1,1,0,3,8,0,0,0,0,0,0,3,11,0,52,0,1,1,22,0,4425,1,PLATINUM CUSTOMER
9216,1971,2,Married,35788.0,1,1,2014-01-23,34,23,2,11,3,1,4,2,2,0,3,6,0,0,0,0,0,0,3,11,0,55,1,2,1,44,0,4432,1,PLATINUM CUSTOMER
7124,1968,2,Divorced,36997.0,1,1,2013-02-01,72,43,4,12,8,0,27,5,2,1,4,5,0,0,0,0,0,0,3,11,0,58,0,2,1,94,0,4788,1,PLATINUM CUSTOMER
9727,1957,2,Married,23539.0,0,0,2014-02-28,13,4,24,11,16,1,25,1,2,0,4,6,0,0,0,0,0,0,3,11,0,69,1,0,0,81,0,4396,1,PLATINUM CUSTOMER
5136,1973,2,Single,65333.0,0,1,2014-01-17,58,654,7,92,0,15,30,7,9,4,8,6,0,1,1,0,0,0,3,11,0,53,0,1,1,798,2,4438,0,BUDGET CUSTOMER
9790,1957,2,Single,78499.0,0,0,2013-11-23,12,912,72,170,47,36,97,1,11,3,4,4,0,0,1,0,0,0,3,11,1,69,0,0,0,1334,1,4493,0,BUDGET CUSTOMER
1818,1971,4,Together,29732.0,1,0,2014-03-25,23,25,0,8,0,1,4,1,2,0,2,9,0,0,0,0,0,0,3,11,0,55,1,1,1,38,0,4371,1,PLATINUM CUSTOMER
1100,1960,3,Together,41275.0,1,2,2014-03-24,33,24,4,22,0,2,9,4,3,1,3,5,0,0,0,0,0,0,3,11,0,66,1,3,1,61,0,4372,1,PLATINUM CUSTOMER
7873,1973,4,Together,63516.0,1,1,2013-07-06,30,141,11,114,15,14,5,4,4,1,7,5,0,0,0,0,0,0,3,11,0,53,1,2,1,300,0,4633,0,BUDGET CUSTOMER
10609,1962,4,Married,42769.0,0,1,2013-10-12,15,71,0,13,3,1,0,2,1,1,4,4,0,0,0,0,0,0,3,11,0,64,1,1,1,88,0,4535,1,PLATINUM CUSTOMER
6950,1958,3,Married,49572.0,1,1,2013-12-15,25,35,1,16,0,1,1,2,2,0,3,7,0,0,0,0,0,0,3,11,0,68,1,2,1,54,0,4471,1,PLATINUM CUSTOMER
7233,1972,2,Married,69209.0,0,0,2012-09-17,4,496,32,849,229,48,128,2,5,3,6,4,0,0,0,1,0,0,3,11,0,54,1,0,0,1782,1,4925,2,MODERATE SPENDER
9481,1976,2,Married,17148.0,1,0,2014-01-28,80,9,9,11,13,10,16,4,3,1,3,8,0,0,0,0,0,0,3,11,0,50,1,1,1,68,0,4427,1,PLATINUM CUSTOMER
7699,1969,2,Widow,40590.0,1,1,2013-10-02,30,154,0,50,6,11,37,5,3,4,3,6,1,0,0,0,0,0,3,11,0,57,0,2,1,258,1,4545,0,BUDGET CUSTOMER
2711,1976,3,Together,30560.0,1,0,2013-06-27,6,9,1,5,4,5,7,1,1,0,3,7,0,0,0,0,0,0,3,11,0,50,1,1,1,31,0,4642,1,PLATINUM CUSTOMER
8933,1983,1,Married,32146.0,1,0,2014-05-12,16,26,3,23,4,7,3,2,2,0,4,6,0,0,0,0,0,0,3,11,0,43,1,1,1,66,0,4323,1,PLATINUM CUSTOMER
8726,1964,1,Divorced,41713.0,1,1,2014-04-29,57,77,8,44,10,10,25,5,3,1,4,6,0,0,0,0,0,0,3,11,0,62,0,2,1,174,0,4336,1,PLATINUM CUSTOMER
1515,1975,3,Together,34176.0,0,1,2014-01-22,9,11,2,7,4,2,2,1,1,0,3,3,0,0,0,0,0,0,3,11,0,51,1,1,1,28,0,4433,1,PLATINUM CUSTOMER
5186,1955,4,Married,58482.0,0,1,2014-03-12,59,576,7,115,19,7,7,2,7,4,9,6,0,1,0,0,0,0,3,11,0,71,1,1,1,731,1,4384,0,BUDGET CUSTOMER
10157,1965,2,Single,59686.0,0,1,2014-01-25,78,89,15,89,34,42,5,1,4,1,6,4,0,0,0,0,0,0,3,11,0,61,0,1,1,274,0,4430,0,BUDGET CUSTOMER
5667,1964,4,Married,60896.0,0,1,2012-10-11,90,1013,30,399,60,46,153,3,9,10,4,6,0,0,0,0,0,0,3,11,1,62,1,1,1,1701,0,4901,0,BUDGET CUSTOMER
902,1980,2,Together,62994.0,1,0,2014-03-04,74,224,12,48,4,12,12,1,6,2,4,6,0,0,0,0,0,0,3,11,0,46,1,1,1,312,0,4392,0,BUDGET CUSTOMER
977,1957,2,Together,47320.0,0,1,2013-08-01,10,200,19,111,50,15,19,6,5,1,8,6,0,0,0,0,0,0,3,11,0,69,1,1,1,414,0,4607,0,BUDGET CUSTOMER
7313,1949,1,Widow,74859.0,0,0,2013-06-03,63,570,73,614,133,102,73,1,6,5,11,3,0,0,0,1,0,0,3,11,0,77,0,0,0,1565,1,4666,2,MODERATE SPENDER
7600,1992,0,Single,15253.0,1,0,2013-10-28,13,1,3,3,8,1,13,2,1,0,3,7,0,0,0,0,0,0,3,11,0,34,0,1,1,29,0,4519,1,PLATINUM CUSTOMER
9706,1974,4,Single,31560.0,1,0,2013-06-24,98,62,1,20,4,0,7,2,2,1,3,8,0,0,0,0,0,0,3,11,0,52,0,1,1,94,0,4645,1,PLATINUM CUSTOMER
2429,1954,2,Divorced,72071.0,0,1,2013-02-14,4,531,69,300,150,138,150,3,5,4,8,2,0,0,0,0,0,0,3,11,0,72,0,1,1,1338,0,4775,2,MODERATE SPENDER
3520,1990,3,Single,91172.0,0,0,2013-03-27,94,162,28,818,0,28,56,0,4,3,7,3,1,0,1,1,1,0,3,11,1,36,0,0,0,1092,4,4734,2,MODERATE SPENDER
10394,1984,2,Married,90000.0,0,0,2013-12-23,91,675,144,133,94,192,241,1,4,8,5,1,1,0,1,1,0,0,3,11,0,42,1,0,0,1479,3,4463,2,MODERATE SPENDER
4548,1981,2,Single,41967.0,1,1,2013-11-23,66,23,4,10,0,2,15,1,1,0,3,4,0,0,0,0,0,0,3,11,0,45,0,2,1,54,0,4493,1,PLATINUM CUSTOMER
9362,1965,2,Single,69263.0,0,1,2014-03-05,14,492,5,32,13,5,21,1,9,1,7,6,0,1,0,0,0,0,3,11,0,61,0,1,1,568,1,4391,0,BUDGET CUSTOMER
3968,1970,1,Divorced,65706.0,0,0,2013-06-28,77,918,10,129,13,0,129,1,11,3,12,7,0,1,1,0,1,0,3,11,1,56,0,0,0,1199,3,4641,0,BUDGET CUSTOMER
4084,1975,2,Together,60934.0,0,1,2014-01-17,41,224,155,155,192,93,54,2,6,4,11,4,0,0,0,0,0,0,3,11,0,51,1,1,1,873,0,4438,2,MODERATE SPENDER
6721,1951,2,Married,71965.0,0,1,2013-07-29,21,572,19,286,50,38,248,3,6,3,5,3,0,0,0,0,0,0,3,11,0,75,1,1,1,1213,0,4610,2,MODERATE SPENDER
2829,1955,2,Married,65210.0,0,1,2014-03-10,25,626,0,70,0,7,28,2,9,3,8,6,0,1,0,1,0,0,3,11,0,71,1,1,1,731,2,4386,0,BUDGET CUSTOMER
1772,1975,4,Married,79174.0,0,0,2013-01-11,2,1074,37,518,193,92,129,1,5,6,7,2,0,0,1,1,0,0,3,11,1,51,1,0,0,2043,2,4809,2,MODERATE SPENDER
1544,1967,3,Divorced,81380.0,0,0,2012-12-22,51,741,68,689,224,68,103,1,4,2,10,2,0,0,0,0,0,0,3,11,0,59,0,0,0,1893,0,4829,2,MODERATE SPENDER
492,1973,4,YOLO,48432.0,0,1,2012-10-18,3,322,3,50,4,3,42,5,7,1,6,8,0,0,0,0,0,0,3,11,0,53,0,1,1,424,0,4894,0,BUDGET CUSTOMER
4377,1971,2,Married,52914.0,0,1,2013-01-07,32,254,10,44,30,10,227,2,7,3,3,7,1,0,0,0,0,0,3,11,0,55,1,1,1,575,1,4813,0,BUDGET CUSTOMER
4541,1955,2,Together,38946.0,0,1,2013-10-24,84,116,6,82,6,6,41,2,3,1,6,5,0,0,0,0,0,0,3,11,0,71,1,1,1,257,0,4523,0,BUDGET CUSTOMER
1321,1974,2,Married,26067.0,1,0,2013-11-04,49,22,2,18,0,2,12,3,3,0,3,8,0,0,0,0,0,0,3,11,0,52,1,1,1,56,0,4512,1,PLATINUM CUSTOMER
8858,1972,4,Married,44325.0,0,1,2013-03-07,69,516,0,21,0,0,5,4,8,2,7,8,0,1,0,0,0,0,3,11,0,54,1,1,1,542,1,4754,0,BUDGET CUSTOMER
3266,1964,2,Married,42523.0,0,0,2014-04-23,96,14,36,11,3,26,35,1,1,1,4,2,0,0,0,0,0,0,3,11,0,62,1,0,0,125,0,4342,1,PLATINUM CUSTOMER
11187,1978,0,Single,26487.0,1,0,2013-05-20,23,2,8,10,12,14,23,3,2,1,3,5,0,0,0,0,0,0,3,11,0,48,0,1,1,69,0,4680,1,PLATINUM CUSTOMER
8207,1957,1,Married,53233.0,0,1,2014-03-18,18,28,0,9,3,0,0,1,1,0,3,4,0,0,0,0,0,0,3,11,0,69,1,1,1,40,0,4378,1,PLATINUM CUSTOMER
9723,1960,2,Married,67716.0,0,1,2013-01-10,8,530,142,217,62,9,56,4,7,4,13,5,0,1,0,0,0,0,3,11,0,66,1,1,1,1016,1,4810,0,BUDGET CUSTOMER
2666,1972,3,Married,76234.0,0,1,2014-02-06,21,519,50,167,130,0,41,1,8,3,11,3,0,1,0,0,0,0,3,11,0,54,1,1,1,907,1,4418,2,MODERATE SPENDER
5721,1956,4,Married,84117.0,0,0,2014-05-11,60,611,76,749,59,45,26,1,7,10,6,2,0,0,1,0,0,0,3,11,0,70,1,0,0,1566,1,4324,2,MODERATE SPENDER
10652,1957,3,Together,65487.0,0,0,2014-01-10,48,240,67,500,199,0,163,3,3,5,6,2,0,0,0,0,0,0,3,11,0,69,1,0,0,1169,0,4445,2,MODERATE SPENDER
1646,1972,0,Married,25224.0,1,0,2014-03-16,36,4,9,12,11,2,8,2,1,1,3,3,0,0,0,0,0,0,3,11,0,54,1,1,1,46,0,4380,1,PLATINUM CUSTOMER
4418,1983,3,Single,89616.0,0,0,2013-02-25,36,671,47,655,145,111,15,1,7,5,12,2,0,0,0,0,0,0,3,11,1,43,0,0,0,1644,0,4764,2,MODERATE SPENDER
2656,1971,2,Divorced,40851.0,1,1,2013-02-21,63,23,1,7,0,4,24,1,1,1,2,7,0,0,0,0,0,0,3,11,0,55,0,2,1,59,0,4768,1,PLATINUM CUSTOMER
7990,1947,2,Married,27469.0,0,0,2012-08-02,2,9,1,2,3,2,0,1,0,0,3,6,0,0,0,0,0,0,3,11,0,79,1,0,0,17,0,4971,1,PLATINUM CUSTOMER
8722,1957,1,Married,82347.0,0,0,2012-11-06,38,556,54,845,202,133,63,1,7,7,10,3,1,0,0,1,0,0,3,11,1,69,1,0,0,1853,2,4875,2,MODERATE SPENDER
7118,1957,2,Married,73803.0,0,1,2012-08-01,61,833,80,363,52,26,174,2,9,5,6,6,1,0,0,0,0,0,3,11,1,69,1,1,1,1528,1,4972,2,MODERATE SPENDER
2980,1952,3,Single,8820.0,1,1,2013-03-22,52,12,0,13,4,2,4,4,3,0,3,8,0,0,0,0,0,0,3,11,0,74,0,2,1,35,0,4739,1,PLATINUM CUSTOMER
1839,1974,2,Single,43322.0,0,0,2014-04-21,25,56,7,48,10,2,18,1,3,0,4,7,0,0,0,0,0,0,3,11,0,52,0,0,0,141,0,4344,1,PLATINUM CUSTOMER
10722,1973,2,Together,55593.0,0,1,2013-08-21,63,293,8,124,11,4,106,2,6,6,3,6,1,0,0,0,0,0,3,11,0,53,1,1,1,546,1,4587,0,BUDGET CUSTOMER
2632,1954,2,Married,50501.0,1,1,2013-06-18,10,297,0,38,13,0,152,7,5,4,4,6,1,0,0,0,0,0,3,11,1,72,1,2,1,500,1,4651,0,BUDGET CUSTOMER
9014,1975,2,Married,37085.0,1,1,2014-06-26,65,39,1,16,2,0,3,4,3,0,3,8,0,0,0,0,0,0,3,11,0,51,1,2,1,61,0,4278,1,PLATINUM CUSTOMER
7620,1990,0,Single,16185.0,1,0,2013-08-05,71,5,11,16,21,8,45,2,2,2,2,8,0,0,0,0,0,0,3,11,0,36,0,1,1,106,0,4603,1,PLATINUM CUSTOMER
10968,1969,2,Single,57731.0,0,1,2012-11-23,0,266,21,300,65,8,44,4,8,8,6,6,0,0,0,0,0,0,3,11,0,57,0,1,1,704,0,4858,0,BUDGET CUSTOMER
11133,1973,4,YOLO,48432.0,0,1,2012-10-18,3,322,3,50,4,3,42,5,7,1,6,8,0,0,0,0,0,0,3,11,1,53,0,1,1,424,0,4894,0,BUDGET CUSTOMER
2736,1978,2,Married,73807.0,0,1,2013-01-02,88,366,124,156,71,78,54,2,5,5,11,2,0,0,0,0,0,0,3,11,0,48,1,1,1,849,0,4818,0,BUDGET CUSTOMER
1876,1990,2,Married,18929.0,0,0,2013-02-16,15,32,0,8,23,4,18,1,1,0,4,6,0,0,0,0,0,0,3,11,0,36,1,0,0,85,0,4773,1,PLATINUM CUSTOMER
5959,1968,2,Single,35893.0,1,1,2012-10-15,80,158,0,23,0,0,18,6,3,1,5,8,0,0,0,0,0,0,3,11,0,58,0,2,1,199,0,4897,1,PLATINUM CUSTOMER
1092,1980,2,Married,61014.0,0,1,2012-08-11,17,269,129,495,182,43,29,4,9,3,4,7,0,0,0,0,0,0,3,11,0,46,1,1,1,1147,0,4962,2,MODERATE SPENDER
4333,1954,2,Together,32144.0,1,1,2014-03-23,76,41,0,10,0,0,3,4,2,1,3,7,0,1,0,0,0,0,3,11,0,72,1,2,1,54,1,4373,1,PLATINUM CUSTOMER
3850,1963,0,Together,14918.0,0,1,2012-12-07,52,3,3,3,15,4,15,1,1,0,3,6,0,0,0,0,0,0,3,11,0,63,1,1,1,43,0,4844,1,PLATINUM CUSTOMER
6168,1963,2,Divorced,45146.0,1,1,2013-07-15,28,33,0,5,0,0,15,2,1,1,2,4,0,0,0,0,0,0,3,11,0,63,0,2,1,53,0,4624,1,PLATINUM CUSTOMER
607,1955,1,Divorced,41769.0,0,1,2013-02-13,31,302,29,131,32,0,27,6,8,1,7,8,0,0,0,0,0,0,3,11,0,71,0,1,1,521,0,4776,0,BUDGET CUSTOMER
10469,1981,2,Together,88325.0,0,0,2014-02-05,42,519,71,860,93,27,53,1,6,2,9,2,0,0,0,0,0,0,3,11,0,45,1,0,0,1623,0,4419,2,MODERATE SPENDER
6983,1950,3,Divorced,38054.0,1,1,2014-05-01,24,23,2,17,2,1,0,2,2,0,3,7,0,0,0,0,0,0,3,11,0,76,0,2,1,45,0,4334,1,PLATINUM CUSTOMER
3661,1995,1,Single,80617.0,0,0,2012-10-12,42,594,51,631,72,55,32,1,4,6,8,2,0,0,0,0,0,0,3,11,0,31,0,0,0,1435,0,4900,2,MODERATE SPENDER
9303,1976,2,Married,5305.0,0,1,2013-07-30,12,12,4,7,1,3,5,0,1,0,0,13,0,0,0,0,0,0,3,11,0,50,1,1,1,32,0,4609,1,PLATINUM CUSTOMER
692,1954,2,Together,36807.0,1,1,2012-12-20,88,4,2,5,0,0,5,1,1,0,2,6,0,0,0,0,0,0,3,11,0,72,1,2,1,16,0,4831,1,PLATINUM CUSTOMER
736,1983,2,Together,28427.0,1,0,2013-03-21,67,18,3,19,3,3,6,2,2,0,3,8,0,0,0,0,0,0,3,11,0,43,1,1,1,52,0,4740,1,PLATINUM CUSTOMER
9589,1948,4,Widow,82032.0,0,0,2014-04-05,54,332,194,377,149,125,57,0,4,6,7,1,0,0,0,0,0,0,3,11,0,78,0,0,0,1234,0,4360,2,MODERATE SPENDER
4838,1978,2,Together,22775.0,1,0,2013-06-19,40,5,1,8,0,0,1,1,1,0,2,8,0,0,0,0,0,0,3,11,0,48,1,1,1,15,0,4650,1,PLATINUM CUSTOMER
9246,1985,3,Together,40101.0,1,0,2012-10-14,73,171,3,129,26,24,62,4,6,1,6,7,0,0,0,0,0,0,3,11,0,41,1,1,1,415,0,4898,0,BUDGET CUSTOMER
6261,1979,2,Married,58025.0,0,1,2013-11-26,81,270,31,88,11,48,22,3,3,2,10,4,0,0,0,0,0,0,3,11,0,47,1,1,1,470,0,4490,0,BUDGET CUSTOMER
7366,1982,3,Single,75777.0,0,0,2013-07-04,12,712,26,538,69,13,80,1,3,6,11,1,0,1,1,0,0,0,3,11,1,44,0,0,0,1438,2,4635,2,MODERATE SPENDER
10659,1979,1,Together,7500.0,1,0,2013-05-07,7,2,8,11,3,8,21,4,3,2,2,7,0,0,0,0,0,0,3,11,0,47,1,1,1,53,0,4693,1,PLATINUM CUSTOMER
1448,1963,3,Married,33562.0,1,2,2014-06-25,33,21,12,12,0,3,3,3,2,0,4,4,0,0,0,0,0,0,3,11,0,63,1,3,1,51,0,4279,1,PLATINUM CUSTOMER
4286,1970,4,Single,57642.0,0,1,2014-01-09,24,580,6,58,8,0,27,3,7,6,6,4,1,0,0,0,0,0,3,11,0,56,0,1,1,679,1,4446,0,BUDGET CUSTOMER
4749,1968,2,Together,58554.0,1,1,2012-09-26,55,368,24,68,38,0,88,6,8,2,6,7,0,0,0,0,0,0,3,11,0,58,1,2,1,586,0,4916,0,BUDGET CUSTOMER
4478,1979,2,Married,63777.0,1,1,2013-03-24,87,457,5,106,15,17,53,8,11,1,6,8,0,0,0,0,0,0,3,11,0,47,1,2,1,653,0,4737,0,BUDGET CUSTOMER
4201,1962,2,Single,57967.0,0,1,2013-03-03,39,229,7,137,4,0,91,5,4,2,8,5,0,0,0,0,0,0,3,11,0,64,0,1,1,468,0,4758,0,BUDGET CUSTOMER
8720,1978,1,Together,,0,0,2012-08-12,53,32,2,1607,12,4,22,0,0,0,1,0,0,1,0,0,0,0,3,11,0,48,1,0,0,1679,1,4961,2,MODERATE SPENDER
10084,1972,2,Married,24434.0,2,0,2014-05-18,9,3,2,8,20,0,17,2,2,1,2,7,0,0,0,0,0,0,3,11,0,54,1,2,1,50,0,4317,1,PLATINUM CUSTOMER
7004,1984,2,Single,11012.0,1,0,2013-03-16,82,24,3,26,7,1,23,3,3,1,2,9,1,0,0,0,0,0,3,11,0,42,0,1,1,84,1,4745,1,PLATINUM CUSTOMER
9817,1970,3,Single,44802.0,0,0,2012-08-21,71,853,10,143,13,10,20,2,9,4,12,8,0,0,0,0,0,0,3,11,0,56,0,0,0,1049,0,4952,0,BUDGET CUSTOMER
8080,1986,2,Single,26816.0,0,0,2012-08-17,50,5,1,6,3,4,3,1,0,0,3,4,0,0,0,0,0,0,3,11,0,40,0,0,0,22,0,4956,1,PLATINUM CUSTOMER
9432,1977,2,Together,666666.0,1,0,2013-06-02,23,9,14,18,8,1,12,4,3,1,3,6,0,0,0,0,0,0,3,11,0,49,1,1,1,62,0,4667,2,MODERATE SPENDER
8372,1974,2,Married,34421.0,1,0,2013-07-01,81,3,3,7,6,2,9,1,1,0,2,7,0,0,0,0,0,0,3,11,0,52,1,1,1,30,0,4638,1,PLATINUM CUSTOMER
10870,1967,2,Married,61223.0,0,1,2013-06-13,46,709,43,182,42,118,247,2,9,3,4,5,0,0,0,0,0,0,3,11,0,59,1,1,1,1341,0,4656,0,BUDGET CUSTOMER
4001,1946,4,Together,64014.0,2,1,2014-06-10,56,406,0,30,0,0,8,7,8,2,5,7,0,0,0,1,0,0,3,11,0,80,1,3,1,444,1,4294,0,BUDGET CUSTOMER
7270,1981,2,Divorced,56981.0,0,0,2014-01-25,91,908,48,217,32,12,24,1,2,3,13,6,0,1,0,0,0,0,3,11,0,45,0,0,0,1241,1,4430,0,BUDGET CUSTOMER
8235,1956,3,Together,69245.0,0,1,2014-01-24,8,428,30,214,80,30,61,2,6,5,10,3,0,0,0,0,0,0,3,11,0,70,1,1,1,843,0,4431,0,BUDGET CUSTOMER
9405,1954,4,Married,52869.0,1,1,2012-10-15,40,84,3,61,2,1,21,3,3,1,4,7,0,0,0,0,0,0,3,11,1,72,1,2,1,172,0,4897,1,PLATINUM CUSTOMER
